Elapsed time (s), Dev1/ai3, Dev1/ai0, Dev1/ai17, Dev1/ai18, Dev1/ai19, Dev1/ai20, Dev1/ai21, Dev1/ai6, Dev1/ai7
0.0, 0.00014331115, -0.00082266075, -0.0005006701, 0.00014331115, 10.035212, 0.00046530177, -0.0005006701, 0.00046530177, 0.00046530177
0.001, 0.00014331115, 0.00014331115, -0.00017867949, -0.00017867949, 10.035534, 0.00014331115, 0.00014331115, 0.00078729243, -0.00017867949
0.002, 0.00014331115, -0.00017867949, 0.00078729243, 0.00014331115, 10.035212, 0.00046530177, 0.00046530177, 0.0011092831, -0.00017867949
0.003, -0.0005006701, 0.00014331115, 0.00078729243, 0.00014331115, 10.034568, -0.00017867949, -0.00017867949, 0.00046530177, -0.0005006701
0.004, 0.00014331115, 0.00014331115, 0.00014331115, 0.00014331115, 10.0365, 0.00046530177, 0.00014331115, 0.00046530177, -0.0005006701
0.005, -0.00017867949, -0.00017867949, 0.00014331115, -0.0005006701, 10.034568, 0.00046530177, -0.0005006701, 0.00078729243, -0.00017867949
0.006, 0.00046530177, 0.00046530177, -0.00017867949, -0.00017867949, 10.034568, -0.00017867949, 0.00014331115, 0.00078729243, -0.0005006701
0.007, 0.00014331115, -0.00017867949, -0.0005006701, 0.00014331115, 10.0342455, 0.00046530177, 0.00014331115, 0.00014331115, -0.00082266075
0.008, 0.00046530177, 0.00046530177, 0.00014331115, 0.00046530177, 10.033924, 0.00014331115, 0.00046530177, 0.00046530177, -0.0005006701
0.009000000000000001, -0.0005006701, 0.00014331115, 0.00046530177, 0.00046530177, 10.035855, -0.00017867949, -0.00017867949, 0.00046530177, -0.00017867949
0.01, -0.0005006701, 0.00014331115, -0.00017867949, -0.00017867949, 10.034889, -0.00017867949, -0.00017867949, 0.00014331115, -0.0005006701
0.011, -0.0005006701, -0.0005006701, -0.00017867949, -0.00017867949, 10.035212, -0.00017867949, 0.00014331115, 0.00014331115, -0.0005006701
0.012, -0.0005006701, 0.00046530177, -0.00017867949, -0.0005006701, 10.033924, 0.00046530177, -0.0005006701, 0.00078729243, 0.00014331115
0.013000000000000001, 0.00014331115, 0.00014331115, 0.00046530177, -0.00082266075, 10.035534, 0.00046530177, -0.0005006701, -0.00017867949, 0.00046530177
0.014, 0.00078729243, -0.00082266075, -0.0005006701, -0.00017867949, 10.035212, 0.00046530177, 0.00014331115, 0.00014331115, 0.00014331115
0.015, 0.00014331115, 0.00046530177, -0.00017867949, 0.00014331115, 10.036178, 0.00046530177, -0.0005006701, 0.00014331115, -0.00017867949
0.016, -0.00017867949, 0.00014331115, 0.00014331115, -0.00017867949, 10.035212, -0.00017867949, 0.00014331115, 0.00078729243, 0.00014331115
0.017, -0.0005006701, 0.00046530177, 0.00014331115, 0.00014331115, 10.035212, 0.00014331115, -0.0005006701, 0.00046530177, -0.0005006701
0.018000000000000002, 0.00014331115, 0.0011092831, -0.00017867949, -0.00017867949, 10.033924, 0.00014331115, 0.00014331115, -0.00017867949, -0.00082266075
0.019, 0.00014331115, -0.00017867949, 0.00014331115, 0.00014331115, 10.033924, -0.00017867949, -0.00017867949, -0.00017867949, -0.00017867949
0.02, -0.00017867949, 0.00014331115, -0.00017867949, 0.00014331115, 10.034568, -0.00017867949, 0.00014331115, 0.00046530177, 0.00014331115
0.021, 0.00014331115, 0.00014331115, -0.00017867949, -0.00017867949, 10.033924, 0.00046530177, -0.00017867949, -0.00017867949, -0.0005006701
0.022, -0.0005006701, 0.00046530177, -0.00017867949, -0.00017867949, 10.035212, 0.00014331115, -0.00017867949, 0.00014331115, -0.0005006701
0.023, -0.0005006701, 0.00014331115, 0.00046530177, 0.00014331115, 10.035212, 0.00014331115, -0.00017867949, 0.00014331115, -0.0005006701
0.024, -0.0005006701, 0.00014331115, -0.00017867949, -0.00017867949, 10.036178, 0.00014331115, -0.0005006701, 0.00014331115, -0.0005006701
0.025, -0.00017867949, 0.00078729243, -0.00017867949, 0.00014331115, 10.036178, -0.00017867949, -0.00017867949, 0.00046530177, -0.0005006701
0.026000000000000002, 0.00046530177, -0.00017867949, -0.0005006701, 0.00014331115, 10.035855, -0.00017867949, 0.00014331115, 0.00046530177, -0.00017867949
0.027, -0.0005006701, 0.00046530177, -0.00017867949, -0.00082266075, 10.034568, -0.00017867949, -0.0005006701, -0.00017867949, -0.00082266075
0.028, -0.00017867949, 0.00046530177, -0.00017867949, 0.00014331115, 10.033924, -0.00017867949, -0.0005006701, 0.00078729243, 0.00046530177
0.029, -0.0005006701, 0.00078729243, 0.00046530177, 0.00014331115, 10.035212, 0.00014331115, -0.0005006701, 0.00014331115, -0.00017867949
0.03, -0.0005006701, -0.0005006701, -0.00017867949, 0.00014331115, 10.034568, -0.0005006701, 0.00014331115, 0.00046530177, -0.0005006701
0.031, -0.0005006701, 0.00078729243, 0.00014331115, 0.00046530177, 10.035534, -0.00017867949, 0.00014331115, -0.00017867949, -0.00017867949
0.032, -0.00082266075, -0.00017867949, 0.00014331115, 0.00014331115, 10.035855, -0.00017867949, -0.00017867949, 0.00046530177, 0.00014331115
0.033, -0.0005006701, 0.00014331115, 0.00014331115, -0.00017867949, 10.033602, -0.0005006701, -0.0005006701, -0.0005006701, -0.0005006701
0.034, 0.00014331115, 0.00014331115, 0.00014331115, 0.00046530177, 10.034568, -0.00017867949, 0.00014331115, 0.00046530177, -0.00082266075
0.035, 0.00014331115, 0.00014331115, 0.00046530177, 0.00014331115, 10.035212, 0.00014331115, 0.00014331115, 0.00014331115, -0.00017867949
0.036000000000000004, -0.00082266075, -0.00017867949, -0.00017867949, -0.00017867949, 10.035855, 0.00014331115, 0.00014331115, -0.00017867949, -0.00082266075
0.037, 0.00046530177, 0.00078729243, 0.00014331115, -0.0005006701, 10.034568, -0.00017867949, -0.00017867949, 0.00078729243, -0.00017867949
0.038, 0.00014331115, 0.00046530177, 0.00078729243, 0.00014331115, 10.035212, 0.00014331115, -0.00017867949, 0.00078729243, -0.00017867949
0.039, -0.00017867949, 0.00046530177, 0.00046530177, -0.00017867949, 10.033924, -0.00017867949, -0.0005006701, 0.00046530177, -0.0005006701
0.04, -0.00017867949, 0.00014331115, -0.0005006701, 0.00046530177, 10.034568, 0.00046530177, 0.00046530177, -0.0005006701, -0.0005006701
0.041, 0.00014331115, 0.00014331115, 0.00014331115, -0.00017867949, 10.034568, 0.00046530177, -0.0005006701, 0.00014331115, -0.0005006701
0.042, -0.0005006701, 0.00078729243, 0.00014331115, 0.00046530177, 10.035212, 0.00014331115, -0.0005006701, -0.00017867949, -0.0005006701
0.043000000000000003, -0.00017867949, -0.00017867949, -0.00017867949, 0.00046530177, 10.035212, 0.00046530177, -0.0005006701, 0.00046530177, -0.00082266075
0.044, 0.00014331115, -0.00017867949, 0.00046530177, 0.00046530177, 10.034889, -0.00017867949, 0.00014331115, 0.00046530177, -0.0005006701
0.045, -0.0005006701, 0.00078729243, -0.00017867949, 0.00046530177, 10.035534, 0.00078729243, 0.00014331115, 0.00046530177, 0.00014331115
0.046, 0.00014331115, -0.0005006701, 0.00014331115, 0.00046530177, 10.035534, -0.00017867949, 0.00046530177, 0.00046530177, 0.00014331115
0.047, 0.00014331115, 0.00014331115, 0.00014331115, 0.00014331115, 10.036178, -0.0005006701, -0.00017867949, 0.00046530177, -0.00017867949
0.048, -0.00017867949, -0.00017867949, -0.00017867949, 0.00046530177, 10.033924, -0.00017867949, 0.00014331115, 0.00014331115, -0.00017867949
0.049, 0.00014331115, 0.00078729243, -0.00017867949, -0.0005006701, 10.035534, 0.00014331115, -0.00017867949, 0.0011092831, 0.00046530177
0.05, -0.0005006701, 0.00014331115, 0.00078729243, -0.00082266075, 10.033924, 0.00014331115, -0.00017867949, 0.00046530177, -0.00017867949
0.051000000000000004, 0.00014331115, -0.00017867949, -0.00017867949, 0.00046530177, 10.035212, 0.00014331115, -0.0005006701, 0.00046530177, -0.0005006701
0.052000000000000005, 0.00014331115, 0.00046530177, 0.00046530177, -0.0005006701, 10.035212, 0.00014331115, -0.00017867949, 0.00014331115, -0.00017867949
0.053, -0.00017867949, 0.00014331115, -0.00017867949, -0.00017867949, 10.035212, -0.00017867949, -0.00082266075, 0.00014331115, 0.00014331115
0.054, -0.00017867949, 0.00078729243, 0.00014331115, 0.00078729243, 10.0342455, -0.00017867949, 0.00014331115, 0.00046530177, -0.00082266075
0.055, 0.00046530177, -0.00017867949, -0.0005006701, -0.00017867949, 10.033602, 0.00014331115, -0.00017867949, 0.00014331115, -0.0005006701
0.056, -0.00017867949, -0.00017867949, -0.0005006701, 0.00046530177, 10.034889, 0.00046530177, -0.0005006701, 0.00014331115, -0.00017867949
0.057, 0.00014331115, -0.0005006701, 0.00014331115, 0.00014331115, 10.034568, -0.0005006701, -0.0005006701, 0.00014331115, -0.0005006701
0.058, -0.0005006701, 0.00078729243, -0.00017867949, -0.00017867949, 10.035855, -0.00017867949, 0.00014331115, 0.00014331115, -0.0005006701
0.059000000000000004, -0.0005006701, 0.00014331115, 0.00014331115, 0.00014331115, 10.035212, -0.00017867949, -0.0005006701, 0.00046530177, -0.00082266075
0.06, 0.00014331115, -0.00017867949, 0.00014331115, 0.00014331115, 10.035534, -0.00017867949, -0.0005006701, 0.00046530177, -0.00017867949
0.061, -0.00017867949, -0.00017867949, -0.00017867949, -0.0005006701, 10.035855, -0.00017867949, 0.00014331115, 0.00078729243, 0.00014331115
0.062, 0.00046530177, 0.00014331115, 0.00014331115, -0.00017867949, 10.0342455, 0.00046530177, -0.00017867949, -0.00017867949, 0.00014331115
0.063, -0.0005006701, 0.00014331115, -0.00017867949, 0.00014331115, 10.035855, -0.00017867949, -0.0005006701, 0.00046530177, -0.0005006701
0.064, -0.0005006701, 0.00046530177, -0.00017867949, 0.00046530177, 10.0342455, -0.00017867949, 0.00046530177, 0.00046530177, -0.0005006701
0.065, -0.0005006701, 0.00014331115, 0.00014331115, -0.0005006701, 10.035534, 0.00014331115, -0.00017867949, 0.00046530177, 0.00014331115
0.066, 0.00014331115, 0.00014331115, -0.0005006701, -0.00017867949, 10.033924, 0.00046530177, -0.0005006701, 0.00014331115, -0.0005006701
0.067, -0.00017867949, -0.0005006701, 0.00014331115, 0.00014331115, 10.034568, -0.0005006701, -0.00017867949, 0.00078729243, 0.00014331115
0.068, 0.00046530177, -0.00017867949, 0.00014331115, -0.00017867949, 10.034889, -0.00017867949, 0.00046530177, 0.00078729243, -0.0005006701
0.069, 0.00014331115, 0.00046530177, 0.00014331115, -0.00017867949, 10.035534, 0.00014331115, 0.00014331115, 0.00078729243, 0.00046530177
0.07, -0.00017867949, 0.00046530177, -0.00017867949, -0.00017867949, 10.0365, -0.00017867949, -0.00082266075, 0.00046530177, -0.0005006701
0.07100000000000001, -0.00082266075, 0.00046530177, 0.00014331115, 0.00014331115, 10.035212, -0.00017867949, 0.00014331115, -0.00017867949, -0.0005006701
0.07200000000000001, -0.00017867949, -0.00017867949, 0.00014331115, 0.00014331115, 10.035855, -0.00017867949, 0.00014331115, 0.00046530177, -0.00017867949
0.073, -0.00017867949, -0.00017867949, 0.00014331115, 0.00014331115, 10.0342455, 0.00014331115, -0.00082266075, 0.00046530177, -0.0005006701
0.074, -0.0005006701, 0.00014331115, 0.00046530177, 0.00014331115, 10.034889, -0.00017867949, 0.00014331115, 0.00046530177, -0.0011446514
0.075, -0.00017867949, 0.00014331115, -0.00017867949, -0.0005006701, 10.034889, 0.00014331115, 0.00014331115, 0.00014331115, -0.00017867949
0.076, 0.00014331115, 0.00014331115, -0.00082266075, 0.00046530177, 10.035212, 0.00046530177, -0.00017867949, -0.00017867949, -0.00017867949
0.077, 0.00014331115, -0.0005006701, 0.00014331115, -0.00017867949, 10.034889, 0.00014331115, -0.0005006701, -0.00017867949, -0.00017867949
0.078, 0.00046530177, 0.00014331115, -0.00017867949, -0.00017867949, 10.035212, 0.00014331115, -0.00017867949, 0.00046530177, 0.00014331115
0.079, -0.00017867949, 0.00046530177, -0.00017867949, 0.00014331115, 10.035212, -0.00017867949, 0.00014331115, 0.00014331115, 0.00014331115
0.08, 0.00046530177, 0.00046530177, -0.0005006701, -0.00017867949, 10.035212, 0.00014331115, 0.00014331115, 0.00046530177, -0.00017867949
0.081, 0.00014331115, 0.00046530177, -0.00017867949, -0.00017867949, 10.036821, -0.00017867949, -0.00017867949, 0.00046530177, -0.00017867949
0.082, -0.0011446514, 0.00078729243, 0.00046530177, 0.00014331115, 10.035534, -0.00017867949, 0.00014331115, 0.00014331115, -0.0005006701
0.083, 0.00014331115, 0.00046530177, 0.00046530177, 0.00046530177, 10.0365, 0.00014331115, 0.00014331115, 0.00078729243, 0.00046530177
0.084, -0.00017867949, 0.00014331115, -0.00017867949, -0.00017867949, 10.034568, -0.00017867949, -0.00017867949, 0.00078729243, -0.0005006701
0.085, 0.00014331115, 0.00014331115, 0.00014331115, 0.00014331115, 10.034568, -0.00017867949, 0.00014331115, 0.00014331115, -0.0005006701
0.08600000000000001, -0.0005006701, 0.00046530177, 0.00046530177, 0.00014331115, 10.033924, 0.00014331115, 0.00014331115, 0.00046530177, -0.0005006701
0.08700000000000001, -0.0005006701, -0.0005006701, -0.00017867949, -0.00017867949, 10.033924, 0.00046530177, -0.00017867949, 0.00014331115, -0.0005006701
0.088, 0.00014331115, -0.00017867949, 0.00014331115, 0.00014331115, 10.034568, -0.00017867949, -0.00017867949, -0.0005006701, -0.0005006701
0.089, -0.0005006701, 0.00046530177, -0.00017867949, -0.00017867949, 10.033924, -0.00017867949, -0.00017867949, 0.00078729243, -0.00082266075
0.09, 0.00014331115, -0.00017867949, 0.00014331115, -0.00017867949, 10.0365, 0.00046530177, -0.00017867949, 0.00014331115, -0.0005006701
0.091, -0.0005006701, 0.00046530177, -0.0005006701, 0.00014331115, 10.035212, 0.00014331115, -0.00017867949, -0.00017867949, -0.00017867949
0.092, 0.00046530177, 0.00014331115, -0.00017867949, 0.00046530177, 10.034568, 0.00014331115, -0.0005006701, 0.00078729243, -0.00017867949
0.093, -0.00082266075, 0.00046530177, 0.00078729243, 0.00014331115, 10.035212, -0.00017867949, -0.00017867949, 0.00046530177, -0.00017867949
0.094, -0.0005006701, 0.00014331115, -0.00017867949, 0.00014331115, 10.035212, 0.00046530177, -0.00017867949, -0.00017867949, -0.0005006701
0.095, 0.00014331115, 0.00046530177, -0.0005006701, 0.00014331115, 10.035212, 0.00046530177, -0.0005006701, 0.00014331115, 0.00014331115
0.096, 0.00046530177, 0.00014331115, 0.00014331115, 0.00046530177, 10.033924, 0.00014331115, 0.00014331115, 0.00046530177, 0.00046530177
0.097, -0.0005006701, 0.00046530177, 0.00014331115, 0.00014331115, 10.035534, -0.00017867949, -0.00017867949, 0.00014331115, -0.00017867949
0.098, 0.00014331115, 0.00014331115, 0.00046530177, 0.00014331115, 10.0342455, -0.0005006701, -0.00017867949, -0.0005006701, 0.00014331115
0.099, -0.00017867949, 0.00014331115, -0.00017867949, 0.00014331115, 10.035212, 0.00046530177, -0.0005006701, 0.00046530177, 0.00014331115
0.1, 0.00014331115, 0.00046530177, -0.00017867949, -0.00017867949, 10.035534, -0.00017867949, -0.00017867949, 0.00014331115, -0.00017867949
0.101, -0.00017867949, 0.00046530177, -0.00017867949, -0.00017867949, 10.035212, 0.00014331115, -0.00017867949, 0.00014331115, -0.00017867949
0.10200000000000001, 0.00014331115, 0.00014331115, -0.00017867949, 0.00014331115, 10.034889, -0.00017867949, 0.00014331115, -0.00017867949, -0.00017867949
0.10300000000000001, -0.00017867949, 0.00046530177, 0.00014331115, -0.0005006701, 10.035855, 0.00046530177, -0.0005006701, 0.00046530177, 0.00014331115
0.10400000000000001, 0.00014331115, 0.00014331115, 0.00014331115, -0.0005006701, 10.035534, -0.0005006701, -0.00017867949, 0.00046530177, -0.0005006701
0.105, 0.00014331115, 0.00014331115, -0.00017867949, 0.00014331115, 10.035855, 0.00046530177, -0.00082266075, 0.00014331115, -0.00082266075
0.106, 0.00014331115, -0.00017867949, -0.00017867949, 0.00014331115, 10.035212, -0.00017867949, -0.00082266075, 0.00046530177, -0.00017867949
0.107, -0.00017867949, 0.00014331115, -0.00017867949, 0.00014331115, 10.034889, 0.00046530177, -0.00017867949, 0.00014331115, -0.00017867949
0.108, -0.00017867949, 0.00046530177, 0.00014331115, 0.00014331115, 10.036178, 0.00014331115, -0.0005006701, -0.00017867949, -0.00017867949
0.109, -0.00017867949, 0.00014331115, 0.00014331115, 0.00046530177, 10.033602, 0.00014331115, -0.0005006701, 0.0011092831, -0.0011446514
0.11, 0.00046530177, 0.00014331115, -0.00017867949, 0.00014331115, 10.034889, 0.00046530177, 0.00014331115, 0.00078729243, 0.00014331115
0.111, 0.00014331115, 0.00046530177, -0.00017867949, 0.00014331115, 10.033924, -0.0005006701, 0.00014331115, 0.00046530177, -0.00017867949
0.112, 0.00014331115, 0.00014331115, -0.00017867949, 0.00014331115, 10.0342455, -0.00017867949, -0.00017867949, 0.00046530177, 0.00014331115
0.113, -0.0005006701, 0.00014331115, 0.00046530177, -0.0005006701, 10.033924, -0.00017867949, 0.00014331115, -0.00017867949, 0.00014331115
0.114, -0.00017867949, 0.00014331115, -0.00017867949, -0.00017867949, 10.034889, -0.00017867949, -0.0005006701, 0.00046530177, -0.00082266075
0.115, 0.00014331115, 0.00046530177, -0.00017867949, -0.00017867949, 10.036178, -0.0005006701, 0.00014331115, 0.00014331115, -0.0005006701
0.116, -0.00017867949, 0.00078729243, -0.0005006701, -0.00017867949, 10.036178, 0.00014331115, -0.0005006701, 0.00014331115, -0.00017867949
0.117, -0.00082266075, 0.00078729243, 0.00014331115, 0.00046530177, 10.035855, 0.00046530177, -0.00017867949, 0.00046530177, -0.00082266075
0.11800000000000001, 0.00046530177, -0.00017867949, 0.00046530177, 0.00046530177, 10.034568, 0.00046530177, -0.00017867949, 0.00014331115, 0.00014331115
0.11900000000000001, -0.00017867949, 0.00014331115, -0.00017867949, -0.00017867949, 10.033924, -0.00017867949, 0.00014331115, 0.0011092831, -0.00082266075
0.12, -0.00017867949, 0.00046530177, -0.00017867949, 0.00014331115, 10.034889, 0.00014331115, -0.00017867949, 0.00014331115, -0.00017867949
0.121, 0.00014331115, 0.00014331115, -0.0005006701, -0.00017867949, 10.033279, 0.00014331115, 0.00046530177, 0.00014331115, -0.00017867949
0.122, -0.00017867949, -0.00017867949, 0.00014331115, 0.00014331115, 10.0342455, -0.00017867949, 0.00014331115, 0.00046530177, -0.00017867949
0.123, -0.00017867949, 0.00014331115, 0.00014331115, 0.00014331115, 10.0342455, 0.00014331115, -0.0005006701, 0.00046530177, -0.0005006701
0.124, -0.00017867949, -0.00017867949, 0.00014331115, -0.00017867949, 10.035855, 0.00014331115, -0.00017867949, 0.00046530177, -0.00017867949
0.125, -0.00017867949, 0.00014331115, 0.00014331115, -0.00017867949, 10.035212, 0.00014331115, 0.00046530177, -0.00017867949, -0.00082266075
0.126, 0.00046530177, 0.00014331115, -0.0005006701, -0.00017867949, 10.036178, 0.00046530177, -0.00017867949, 0.00046530177, -0.0005006701
0.127, -0.00017867949, 0.00014331115, 0.00014331115, 0.00014331115, 10.035212, -0.00017867949, -0.00017867949, 0.00014331115, 0.00014331115
0.128, 0.00014331115, -0.00017867949, 0.00014331115, 0.00014331115, 10.034889, 0.00046530177, 0.00014331115, 0.00014331115, -0.0005006701
0.129, -0.0005006701, -0.00017867949, 0.00014331115, 0.00014331115, 10.035212, 0.00046530177, 0.00014331115, -0.00017867949, -0.00082266075
0.13, -0.0005006701, 0.00014331115, -0.00082266075, 0.00014331115, 10.034889, 0.00046530177, 0.00014331115, 0.00046530177, 0.00014331115
0.131, 0.00014331115, -0.00017867949, -0.00017867949, 0.00014331115, 10.035212, 0.00014331115, 0.00014331115, 0.00046530177, -0.00017867949
0.132, 0.00014331115, 0.00046530177, -0.0005006701, -0.0005006701, 10.033279, 0.00014331115, -0.0005006701, -0.00017867949, -0.00017867949
0.133, -0.0005006701, -0.00017867949, -0.00017867949, -0.00017867949, 10.034568, -0.0005006701, -0.00017867949, 0.00046530177, -0.00017867949
0.134, -0.0005006701, 0.00046530177, -0.00017867949, 0.00014331115, 10.0342455, -0.00017867949, 0.00014331115, 0.00014331115, -0.00017867949
0.135, 0.00014331115, -0.00017867949, -0.0005006701, 0.00014331115, 10.035534, -0.00017867949, 0.00014331115, 0.00046530177, -0.00017867949
0.136, 0.00046530177, -0.00017867949, 0.00014331115, 0.00014331115, 10.036178, -0.00017867949, -0.00017867949, 0.00046530177, 0.00014331115
0.137, -0.00017867949, 0.00046530177, 0.00014331115, -0.00017867949, 10.036178, 0.00014331115, -0.00017867949, 0.00014331115, -0.0005006701
0.138, 0.00046530177, 0.00046530177, -0.00017867949, -0.00017867949, 10.035534, 0.00046530177, 0.00014331115, -0.00017867949, -0.0005006701
0.139, 0.00014331115, 0.00014331115, -0.00017867949, 0.00046530177, 10.0342455, 0.00014331115, -0.0005006701, 0.00014331115, 0.00014331115
0.14, -0.00017867949, 0.00014331115, -0.0005006701, 0.00014331115, 10.034568, 0.00078729243, -0.0005006701, -0.00017867949, -0.0005006701
0.14100000000000001, -0.0005006701, 0.00014331115, 0.00014331115, -0.00017867949, 10.033924, 0.00014331115, 0.00014331115, 0.0011092831, 0.00014331115
0.14200000000000002, 0.00078729243, 0.00014331115, 0.00014331115, -0.00017867949, 10.0342455, 0.00046530177, -0.00017867949, -0.00017867949, -0.00082266075
0.14300000000000002, -0.00017867949, 0.00014331115, -0.00017867949, -0.0005006701, 10.032958, -0.00017867949, -0.00017867949, 0.00046530177, -0.0005006701
0.14400000000000002, -0.00017867949, -0.00017867949, -0.00017867949, 0.00014331115, 10.034889, -0.00017867949, -0.00017867949, 0.00046530177, 0.00014331115
0.145, 0.00078729243, 0.00014331115, -0.00017867949, -0.0005006701, 10.034568, 0.00078729243, -0.0005006701, 0.00046530177, 0.00014331115
0.146, -0.00017867949, -0.00017867949, 0.00014331115, -0.00017867949, 10.034889, 0.00046530177, -0.00082266075, 0.00046530177, -0.00017867949
0.147, -0.00082266075, 0.00046530177, -0.00017867949, -0.00017867949, 10.035534, 0.00014331115, -0.0005006701, -0.00017867949, 0.00014331115
0.148, 0.00014331115, 0.00046530177, -0.00017867949, -0.00017867949, 10.035534, 0.00046530177, 0.00014331115, 0.00014331115, -0.00017867949
0.149, -0.0005006701, 0.00014331115, -0.00017867949, 0.00014331115, 10.036178, -0.0005006701, -0.00017867949, 0.00014331115, -0.00017867949
0.15, 0.00014331115, 0.00014331115, -0.00017867949, 0.00046530177, 10.035534, -0.00017867949, -0.0005006701, 0.00046530177, -0.0005006701
0.151, -0.0005006701, 0.00046530177, 0.00014331115, -0.00017867949, 10.034568, 0.00014331115, -0.00017867949, 0.00046530177, -0.00017867949
0.152, -0.0011446514, 0.00046530177, -0.00017867949, -0.0005006701, 10.033924, 0.00014331115, -0.00017867949, 0.00014331115, -0.0005006701
0.153, -0.00082266075, 0.00046530177, 0.00014331115, 0.00014331115, 10.034568, -0.00017867949, -0.00017867949, 0.00046530177, -0.0005006701
0.154, -0.0005006701, -0.00017867949, -0.0005006701, 0.00014331115, 10.035212, 0.00014331115, -0.00017867949, 0.00014331115, -0.0005006701
0.155, 0.00014331115, -0.00017867949, 0.00014331115, 0.00014331115, 10.035212, -0.00017867949, 0.00014331115, 0.00014331115, -0.0005006701
0.156, 0.00014331115, 0.00014331115, -0.0005006701, -0.0005006701, 10.035212, -0.00017867949, -0.00017867949, 0.00014331115, -0.00017867949
0.157, -0.00017867949, 0.00046530177, -0.0005006701, -0.00017867949, 10.033924, 0.00014331115, -0.0005006701, 0.00014331115, -0.00017867949
0.158, -0.00017867949, -0.00017867949, 0.00046530177, -0.0005006701, 10.034568, -0.00017867949, -0.00017867949, -0.00017867949, -0.0005006701
0.159, -0.00017867949, 0.00046530177, -0.00017867949, -0.0005006701, 10.034568, -0.0005006701, -0.0005006701, 0.00046530177, -0.0005006701
0.16, -0.00017867949, 0.00046530177, -0.00017867949, 0.00014331115, 10.035212, -0.00017867949, -0.0005006701, 0.00046530177, -0.0005006701
0.161, 0.00014331115, -0.00017867949, 0.00014331115, -0.00017867949, 10.034889, 0.00014331115, -0.00017867949, 0.00078729243, -0.00017867949
0.162, -0.00017867949, 0.00046530177, -0.0005006701, 0.00014331115, 10.034889, 0.00046530177, -0.00082266075, 0.00078729243, -0.0005006701
0.163, 0.00046530177, 0.00078729243, -0.00017867949, 0.00014331115, 10.034889, 0.00046530177, 0.00014331115, 0.00014331115, -0.00017867949
0.164, 0.00046530177, -0.0005006701, -0.00082266075, -0.00017867949, 10.034568, -0.00017867949, 0.00014331115, 0.00014331115, -0.00017867949
0.165, 0.00014331115, 0.00046530177, 0.00014331115, -0.00017867949, 10.035212, 0.00014331115, -0.00017867949, 0.00046530177, -0.0005006701
0.166, -0.00017867949, 0.00014331115, 0.00014331115, -0.0005006701, 10.0342455, 0.00014331115, 0.00046530177, 0.00014331115, -0.00017867949
0.167, -0.00082266075, -0.00017867949, 0.00014331115, 0.00014331115, 10.034889, -0.00017867949, -0.00017867949, 0.00014331115, 0.00014331115
0.168, 0.00014331115, 0.00046530177, 0.00014331115, 0.00046530177, 10.034568, -0.00017867949, -0.0005006701, 0.00014331115, -0.00017867949
0.169, -0.0005006701, -0.00017867949, 0.00014331115, -0.0005006701, 10.035534, 0.00014331115, -0.00017867949, 0.00078729243, -0.00017867949
0.17, -0.00017867949, -0.00017867949, -0.00082266075, -0.00017867949, 10.035534, 0.00046530177, 0.00014331115, 0.00046530177, -0.00017867949
0.171, -0.0005006701, 0.00014331115, 0.00014331115, -0.00017867949, 10.034889, -0.00017867949, -0.0005006701, 0.00046530177, -0.0005006701
0.17200000000000001, 0.00014331115, 0.00014331115, 0.00014331115, -0.00017867949, 10.035534, 0.00046530177, -0.0005006701, 0.00046530177, -0.00017867949
0.17300000000000001, -0.00017867949, 0.00014331115, 0.00078729243, -0.00017867949, 10.0342455, 0.00046530177, -0.00017867949, 0.00046530177, 0.00014331115
0.17400000000000002, 0.00014331115, 0.00014331115, 0.00014331115, -0.00017867949, 10.035212, -0.00017867949, 0.00014331115, 0.00046530177, 0.00014331115
0.17500000000000002, -0.00017867949, -0.00017867949, -0.0005006701, -0.0005006701, 10.034568, -0.00017867949, 0.00014331115, -0.00017867949, -0.00017867949
0.176, -0.00017867949, 0.00014331115, 0.00014331115, 0.00014331115, 10.035855, -0.0005006701, 0.00014331115, 0.00014331115, -0.00082266075
0.177, 0.00014331115, 0.00014331115, -0.00017867949, -0.00082266075, 10.034889, 0.00046530177, -0.00082266075, 0.00014331115, -0.0005006701
0.178, 0.00046530177, 0.00014331115, 0.00046530177, -0.00017867949, 10.036178, -0.00017867949, -0.00017867949, 0.00046530177, -0.00017867949
0.179, 0.00014331115, 0.00046530177, 0.00046530177, 0.00014331115, 10.034889, -0.00017867949, 0.00014331115, 0.00046530177, 0.00014331115
0.18, -0.00017867949, -0.00017867949, -0.00017867949, -0.00017867949, 10.035212, 0.00046530177, -0.00017867949, -0.00017867949, -0.0005006701
0.181, -0.0005006701, 0.00046530177, 0.00046530177, 0.00046530177, 10.035534, 0.00046530177, 0.00014331115, 0.00014331115, -0.00017867949
0.182, 0.00014331115, 0.00046530177, 0.00078729243, 0.00046530177, 10.035534, 0.00046530177, -0.0005006701, 0.00046530177, -0.00017867949
0.183, 0.00014331115, 0.00014331115, -0.00017867949, 0.00014331115, 10.035855, 0.00014331115, -0.0005006701, 0.00078729243, -0.00017867949
0.184, 0.00014331115, -0.0005006701, 0.00014331115, -0.00017867949, 10.0342455, 0.00014331115, -0.00017867949, 0.00046530177, -0.0005006701
0.185, -0.00017867949, -0.00017867949, -0.00017867949, 0.00046530177, 10.035212, -0.00017867949, -0.0005006701, 0.00014331115, 0.00014331115
0.186, -0.00017867949, 0.00046530177, -0.0005006701, -0.00017867949, 10.035212, -0.00017867949, -0.00017867949, -0.00017867949, -0.00017867949
0.187, -0.00017867949, 0.00046530177, 0.00014331115, -0.00017867949, 10.035212, 0.00046530177, -0.00017867949, 0.00014331115, 0.00014331115
0.188, 0.00046530177, 0.00046530177, 0.00014331115, -0.00017867949, 10.034889, 0.00014331115, -0.00017867949, 0.00014331115, -0.00082266075
0.189, 0.00014331115, 0.00014331115, 0.00046530177, -0.00017867949, 10.035212, -0.00017867949, -0.0005006701, 0.00078729243, -0.00017867949
0.19, 0.00046530177, 0.00014331115, 0.00014331115, -0.00017867949, 10.035212, 0.00014331115, -0.0005006701, 0.00078729243, -0.00017867949
0.191, -0.00017867949, 0.00014331115, -0.0005006701, -0.00017867949, 10.033602, -0.0005006701, 0.00014331115, -0.00017867949, -0.00017867949
0.192, -0.00017867949, 0.00046530177, -0.00017867949, 0.00046530177, 10.035534, 0.00014331115, 0.00014331115, 0.00078729243, -0.00082266075
0.193, -0.0005006701, -0.00017867949, -0.00017867949, 0.00014331115, 10.034568, -0.00017867949, -0.0005006701, 0.00046530177, -0.0005006701
0.194, -0.0005006701, -0.00017867949, 0.00014331115, 0.00014331115, 10.035855, 0.00014331115, -0.0005006701, 0.00046530177, -0.00082266075
0.195, 0.00046530177, 0.00046530177, -0.00017867949, -0.0005006701, 10.035212, -0.00017867949, -0.00017867949, 0.00014331115, -0.0005006701
0.196, 0.00014331115, 0.00046530177, -0.00017867949, -0.00017867949, 10.034568, 0.00014331115, -0.0005006701, 0.00014331115, -0.0005006701
0.197, -0.0005006701, 0.00014331115, 0.00014331115, -0.00017867949, 10.035212, -0.00017867949, 0.00014331115, 0.00078729243, -0.00017867949
0.198, -0.00017867949, -0.00017867949, 0.00014331115, 0.00014331115, 10.0342455, -0.00017867949, -0.00017867949, -0.00017867949, -0.0005006701
0.199, -0.0005006701, 0.00046530177, -0.0005006701, -0.0005006701, 10.034568, -0.00017867949, -0.00017867949, 0.00014331115, -0.0005006701
0.2, 0.00046530177, 0.00046530177, 0.00014331115, 0.00014331115, 10.0342455, 0.00014331115, -0.0005006701, 0.00078729243, -0.00017867949
0.201, 0.00046530177, 0.00014331115, -0.00017867949, 0.00014331115, 10.034889, 0.00046530177, 0.00014331115, 0.00046530177, -0.00017867949
0.202, -0.00017867949, 0.00046530177, -0.00017867949, 0.00046530177, 10.0342455, 0.00078729243, -0.00017867949, 0.00078729243, 0.00014331115
0.203, -0.00017867949, 0.00014331115, 0.00014331115, -0.00017867949, 10.035534, 0.00014331115, 0.00014331115, 0.00014331115, -0.00017867949
0.20400000000000001, 0.00014331115, 0.00046530177, 0.00014331115, 0.00014331115, 10.035855, 0.00014331115, 0.00014331115, 0.00014331115, -0.0005006701
0.20500000000000002, -0.00017867949, 0.00046530177, 0.00014331115, -0.00017867949, 10.036178, -0.00017867949, -0.00017867949, 0.00046530177, -0.00082266075
0.20600000000000002, 0.00014331115, 0.00014331115, 0.00014331115, -0.00017867949, 10.034568, 0.00078729243, -0.00017867949, 0.00046530177, -0.0005006701
0.20700000000000002, 0.00014331115, 0.00014331115, -0.00082266075, -0.00017867949, 10.034889, 0.00046530177, -0.00017867949, -0.00017867949, 0.00014331115
0.20800000000000002, 0.00014331115, -0.00017867949, -0.00017867949, 0.00014331115, 10.035534, 0.00046530177, 0.00014331115, 0.00046530177, -0.00017867949
0.209, -0.0005006701, 0.00014331115, 0.00014331115, 0.00014331115, 10.034568, 0.00014331115, -0.0005006701, 0.00046530177, -0.0005006701
0.21, -0.0005006701, 0.00014331115, 0.00014331115, -0.00017867949, 10.035855, 0.00078729243, -0.00017867949, 0.00078729243, -0.0005006701
0.211, 0.00014331115, 0.00014331115, 0.00014331115, -0.0005006701, 10.034568, 0.00046530177, 0.00014331115, 0.00046530177, -0.00082266075
0.212, -0.00017867949, -0.00017867949, 0.00014331115, -0.00017867949, 10.035212, 0.00014331115, -0.0005006701, 0.00078729243, -0.00017867949
0.213, -0.0005006701, -0.00017867949, -0.0005006701, -0.00017867949, 10.034568, 0.00046530177, 0.00014331115, 0.00014331115, -0.00017867949
0.214, -0.0005006701, 0.00014331115, 0.00014331115, 0.00014331115, 10.034889, -0.0005006701, 0.00014331115, 0.00078729243, -0.00017867949
0.215, -0.0005006701, 0.00014331115, 0.00014331115, -0.00017867949, 10.0342455, -0.00017867949, -0.0005006701, 0.00046530177, 0.00014331115
0.216, 0.00046530177, -0.00017867949, 0.00014331115, 0.00014331115, 10.0342455, -0.00017867949, -0.0005006701, 0.00014331115, -0.0005006701
0.217, -0.00017867949, -0.0005006701, 0.00014331115, 0.00014331115, 10.035212, -0.00017867949, 0.00014331115, 0.00046530177, -0.0005006701
0.218, -0.00017867949, -0.00017867949, -0.00017867949, 0.00046530177, 10.034568, 0.00014331115, -0.0005006701, 0.00078729243, -0.0005006701
0.219, 0.00014331115, 0.00014331115, -0.00017867949, -0.0005006701, 10.035212, -0.00017867949, 0.00046530177, 0.00014331115, -0.00017867949
0.22, -0.00017867949, 0.00078729243, -0.00017867949, -0.00017867949, 10.0342455, 0.00014331115, -0.00017867949, 0.00014331115, -0.00017867949
0.221, 0.00014331115, 0.00046530177, 0.00014331115, -0.00017867949, 10.035534, -0.00017867949, 0.00014331115, 0.00078729243, -0.00082266075
0.222, 0.00046530177, -0.00017867949, 0.00014331115, 0.00046530177, 10.035212, -0.0005006701, 0.00046530177, 0.00046530177, 0.00014331115
0.223, -0.0005006701, 0.00078729243, 0.00014331115, 0.00014331115, 10.034889, -0.0005006701, -0.0005006701, -0.00017867949, -0.0005006701
0.224, -0.00017867949, 0.00046530177, 0.00014331115, 0.00014331115, 10.035855, 0.00014331115, 0.00014331115, 0.00078729243, 0.00046530177
0.225, 0.00014331115, -0.00017867949, 0.00046530177, 0.00046530177, 10.035855, 0.00046530177, -0.00017867949, 0.00046530177, -0.0005006701
0.226, -0.00017867949, 0.00014331115, -0.00017867949, -0.00017867949, 10.0365, 0.00014331115, -0.00017867949, 0.00046530177, -0.0005006701
0.227, -0.00017867949, -0.00017867949, -0.0005006701, -0.00017867949, 10.035212, -0.00017867949, 0.00014331115, 0.00014331115, 0.00014331115
0.228, 0.00014331115, 0.00046530177, -0.00017867949, -0.00017867949, 10.037466, 0.00014331115, -0.0005006701, 0.00078729243, -0.00017867949
0.229, -0.00017867949, 0.00046530177, -0.00017867949, 0.00078729243, 10.035534, 0.00046530177, 0.00014331115, 0.00014331115, -0.0005006701
0.23, -0.0005006701, 0.00046530177, -0.00017867949, -0.0005006701, 10.036178, 0.00014331115, 0.00046530177, 0.00046530177, -0.0005006701
0.231, 0.00078729243, -0.00017867949, -0.00017867949, 0.00014331115, 10.035534, 0.00046530177, 0.00046530177, 0.00014331115, -0.0005006701
0.232, -0.00082266075, 0.00078729243, -0.00017867949, 0.00046530177, 10.035212, 0.00014331115, 0.00014331115, 0.00078729243, -0.00082266075
0.233, -0.00017867949, 0.00014331115, 0.00046530177, -0.0005006701, 10.034889, -0.00017867949, 0.00014331115, 0.00046530177, -0.00082266075
0.234, 0.00014331115, 0.00046530177, -0.0005006701, -0.00017867949, 10.034568, 0.00014331115, 0.00014331115, 0.00046530177, -0.00017867949
0.23500000000000001, -0.0005006701, 0.00046530177, 0.00014331115, 0.00046530177, 10.034889, 0.00014331115, -0.00017867949, 0.00046530177, -0.00017867949
0.23600000000000002, -0.0005006701, 0.00046530177, 0.00046530177, 0.00014331115, 10.034889, -0.00017867949, -0.0011446514, -0.00082266075, 0.00014331115
0.23700000000000002, 0.00014331115, 0.00014331115, 0.00014331115, 0.00014331115, 10.035212, -0.00017867949, -0.00017867949, -0.00017867949, 0.00014331115
0.23800000000000002, -0.00017867949, 0.00046530177, -0.00017867949, 0.00014331115, 10.035212, 0.00014331115, -0.00017867949, -0.00017867949, -0.0005006701
0.23900000000000002, -0.00017867949, 0.00014331115, -0.00017867949, -0.0005006701, 10.036178, 0.00014331115, -0.00017867949, 0.00046530177, -0.00017867949
0.24, 0.00046530177, 0.00014331115, -0.00017867949, 0.00014331115, 10.0342455, 0.00046530177, 0.00014331115, 0.00014331115, 0.00014331115
0.241, 0.00014331115, 0.00014331115, 0.00014331115, 0.00014331115, 10.034568, 0.00014331115, 0.00014331115, -0.00017867949, -0.00017867949
0.242, -0.00017867949, 0.00014331115, -0.00017867949, 0.00014331115, 10.034889, 0.00046530177, 0.00014331115, 0.00046530177, -0.00017867949
0.243, -0.00017867949, 0.00046530177, -0.00017867949, 0.00014331115, 10.034568, 0.00014331115, -0.00017867949, -0.00017867949, 0.00014331115
0.244, -0.00017867949, 0.00046530177, 0.00078729243, 0.00014331115, 10.034889, -0.0005006701, -0.00082266075, 0.00014331115, -0.0005006701
0.245, -0.00017867949, -0.00017867949, 0.00078729243, 0.00014331115, 10.0342455, 0.00014331115, 0.00014331115, 0.00014331115, -0.0005006701
0.246, -0.00017867949, 0.00046530177, -0.00017867949, 0.00014331115, 10.035534, -0.00017867949, -0.00017867949, 0.00014331115, -0.0005006701
0.247, -0.00017867949, 0.00014331115, -0.00017867949, -0.00017867949, 10.035212, 0.00014331115, -0.0005006701, 0.00014331115, -0.00017867949
0.248, 0.00014331115, 0.00078729243, -0.00017867949, 0.00014331115, 10.035855, 0.00014331115, -0.00017867949, 0.00078729243, 0.00014331115
0.249, 0.00014331115, 0.00046530177, -0.00017867949, -0.0005006701, 10.035855, 0.00014331115, -0.00017867949, 0.00046530177, -0.00017867949
0.25, 0.00014331115, 0.00014331115, 0.00014331115, 0.00014331115, 10.035855, 0.00046530177, -0.00082266075, 0.00046530177, -0.00082266075
0.251, 0.00014331115, 0.00046530177, 0.00014331115, -0.00017867949, 10.034568, 0.00014331115, 0.00014331115, 0.00046530177, -0.00017867949
0.252, -0.00017867949, -0.00017867949, -0.00017867949, -0.0005006701, 10.033924, 0.00046530177, 0.00046530177, 0.00046530177, -0.00017867949
0.253, 0.00014331115, 0.00046530177, -0.00017867949, 0.00014331115, 10.034568, -0.0005006701, -0.00017867949, 0.00046530177, 0.00014331115
0.254, -0.00017867949, -0.00017867949, -0.00017867949, -0.0005006701, 10.033924, 0.00014331115, 0.00014331115, -0.00017867949, -0.00017867949
0.255, -0.00017867949, 0.00046530177, -0.00082266075, -0.00017867949, 10.033924, 0.00046530177, 0.00014331115, 0.00014331115, -0.0005006701
0.256, 0.00014331115, 0.00046530177, -0.00017867949, -0.00082266075, 10.0342455, -0.00017867949, 0.00014331115, 0.00014331115, -0.0005006701
0.257, 0.00014331115, -0.00017867949, 0.00014331115, -0.00017867949, 10.034889, 0.00046530177, -0.00017867949, 0.00046530177, -0.00017867949
0.258, -0.00017867949, 0.00014331115, 0.00078729243, 0.00014331115, 10.035212, 0.00046530177, -0.0005006701, 0.00078729243, -0.0005006701
0.259, -0.00017867949, 0.00014331115, -0.0005006701, -0.00017867949, 10.035212, -0.00017867949, -0.0005006701, 0.00046530177, -0.0005006701
0.26, 0.00014331115, 0.00014331115, -0.0005006701, 0.00046530177, 10.035212, -0.00017867949, -0.00017867949, -0.00017867949, 0.00014331115
0.261, 0.00014331115, 0.00046530177, 0.00014331115, 0.00014331115, 10.034889, 0.00014331115, -0.0005006701, 0.00014331115, -0.00017867949
0.262, -0.00017867949, -0.00017867949, -0.00017867949, -0.00017867949, 10.0342455, 0.00014331115, -0.00017867949, 0.00046530177, 0.00014331115
0.263, 0.00014331115, 0.00046530177, 0.00014331115, -0.00017867949, 10.033924, 0.00078729243, 0.00014331115, 0.00046530177, -0.00082266075
0.264, -0.00017867949, -0.00017867949, -0.00017867949, 0.00014331115, 10.035534, -0.0005006701, -0.0005006701, 0.00046530177, -0.0005006701
0.265, -0.00017867949, 0.00014331115, -0.00017867949, -0.0005006701, 10.034889, -0.00017867949, -0.0005006701, 0.00078729243, -0.00017867949
0.266, -0.00017867949, 0.00014331115, 0.00046530177, 0.00046530177, 10.035212, 0.00046530177, -0.0005006701, 0.00046530177, 0.00046530177
0.267, -0.00017867949, 0.00046530177, -0.00017867949, -0.0005006701, 10.035212, -0.0005006701, -0.00082266075, -0.00017867949, -0.00017867949
0.268, -0.0005006701, 0.00046530177, -0.0005006701, 0.00014331115, 10.035534, -0.0005006701, -0.0005006701, 0.00014331115, -0.00017867949
0.269, 0.00014331115, 0.00014331115, -0.00017867949, -0.0005006701, 10.035855, 0.00046530177, -0.00082266075, 0.00046530177, -0.0005006701
0.27, 0.00046530177, 0.00014331115, -0.0005006701, 0.00014331115, 10.035534, 0.00046530177, -0.00017867949, 0.00046530177, 0.00046530177
0.271, -0.0005006701, -0.00017867949, -0.00017867949, -0.00017867949, 10.035855, 0.00014331115, 0.00046530177, 0.00078729243, -0.0005006701
0.272, -0.00082266075, -0.00017867949, 0.00046530177, -0.0005006701, 10.035855, -0.0005006701, -0.00017867949, 0.00078729243, 0.00014331115
0.273, 0.00014331115, 0.00046530177, 0.00014331115, -0.0005006701, 10.035855, 0.00014331115, -0.00017867949, -0.00017867949, -0.00017867949
0.274, 0.00014331115, 0.00014331115, 0.00014331115, -0.0005006701, 10.035212, -0.00017867949, -0.0005006701, 0.00078729243, 0.00014331115
0.275, 0.00046530177, 0.00046530177, -0.00017867949, -0.00017867949, 10.034889, 0.00046530177, -0.00017867949, 0.00014331115, -0.00017867949
0.276, -0.00017867949, -0.00017867949, 0.00014331115, 0.00014331115, 10.0342455, 0.00014331115, -0.0005006701, -0.0005006701, -0.0005006701
0.277, -0.00017867949, 0.0011092831, -0.00017867949, 0.00046530177, 10.033924, -0.00017867949, -0.00017867949, 0.00046530177, -0.0005006701
0.278, -0.0005006701, 0.00014331115, 0.00014331115, -0.00017867949, 10.034568, 0.00014331115, -0.0005006701, 0.00014331115, -0.00017867949
0.279, -0.00017867949, 0.00014331115, 0.00046530177, -0.0005006701, 10.0342455, 0.00046530177, -0.00017867949, -0.00017867949, 0.00014331115
0.28, -0.00017867949, 0.00046530177, 0.00046530177, -0.00017867949, 10.035212, 0.00014331115, 0.00014331115, 0.00078729243, -0.00017867949
0.281, -0.00017867949, 0.00046530177, 0.00014331115, 0.00078729243, 10.034889, 0.00046530177, -0.0005006701, -0.00017867949, -0.00017867949
0.28200000000000003, 0.00014331115, 0.00046530177, 0.00014331115, -0.0005006701, 10.035212, 0.00014331115, 0.00014331115, 0.00046530177, 0.00014331115
0.28300000000000003, -0.0005006701, 0.00046530177, 0.00046530177, 0.00014331115, 10.035212, -0.00017867949, -0.0005006701, 0.00046530177, 0.00046530177
0.28400000000000003, -0.00017867949, 0.00014331115, 0.00014331115, -0.00017867949, 10.0342455, 0.00046530177, -0.0005006701, 0.00014331115, -0.00017867949
0.28500000000000003, -0.0005006701, 0.00014331115, -0.00017867949, -0.0005006701, 10.034889, -0.00017867949, 0.00014331115, -0.00017867949, 0.00014331115
0.28600000000000003, -0.0005006701, -0.00017867949, -0.00017867949, -0.00017867949, 10.033602, 0.00014331115, -0.00017867949, 0.00014331115, 0.00014331115
0.28700000000000003, -0.0005006701, 0.00014331115, -0.0005006701, -0.0005006701, 10.034568, 0.00046530177, -0.00017867949, -0.00017867949, -0.00082266075
0.28800000000000003, -0.0005006701, -0.0005006701, -0.00017867949, 0.00014331115, 10.034889, 0.00046530177, -0.00017867949, 0.00046530177, -0.00082266075
0.289, -0.00017867949, 0.00078729243, -0.00017867949, 0.00014331115, 10.035534, 0.00046530177, -0.00017867949, -0.0005006701, 0.00046530177
0.29, -0.00017867949, 0.00014331115, 0.00014331115, -0.00017867949, 10.035212, -0.0005006701, -0.00017867949, 0.00014331115, -0.00082266075
0.291, -0.00017867949, -0.0005006701, 0.00014331115, 0.00014331115, 10.035212, -0.00017867949, -0.00017867949, 0.00014331115, 0.00014331115
0.292, -0.0005006701, -0.00017867949, -0.00017867949, -0.00017867949, 10.034889, 0.00014331115, -0.0005006701, 0.00046530177, -0.00017867949
0.293, -0.00017867949, 0.00014331115, -0.00017867949, -0.00017867949, 10.034568, 0.00014331115, 0.00014331115, 0.00046530177, -0.0005006701
0.294, -0.00017867949, -0.00017867949, 0.00046530177, -0.00017867949, 10.035212, 0.00014331115, -0.0005006701, 0.00046530177, 0.00014331115
0.295, -0.0005006701, 0.00014331115, -0.00017867949, -0.0005006701, 10.033602, -0.0005006701, -0.00017867949, 0.00046530177, 0.00014331115
0.296, -0.0005006701, 0.00046530177, 0.0011092831, -0.0005006701, 10.0342455, -0.00017867949, 0.00014331115, 0.00046530177, -0.0005006701
0.297, -0.00017867949, 0.00078729243, 0.00014331115, 0.00014331115, 10.034889, -0.0005006701, 0.00014331115, 0.00046530177, -0.00017867949
0.298, 0.00014331115, 0.00014331115, -0.00017867949, -0.0005006701, 10.034889, 0.00014331115, -0.00017867949, 0.00046530177, -0.00017867949
0.299, -0.00017867949, -0.00017867949, -0.00017867949, -0.00017867949, 10.035212, -0.00017867949, 0.00014331115, 0.00014331115, -0.00017867949
0.3, -0.00017867949, -0.00017867949, -0.00017867949, 0.00046530177, 10.035855, 0.00046530177, -0.00017867949, 0.00046530177, -0.00017867949
0.301, -0.0005006701, 0.00046530177, 0.00014331115, 0.00014331115, 10.035212, 0.00014331115, -0.0005006701, 0.00014331115, -0.00017867949
0.302, -0.00017867949, 0.00046530177, -0.00017867949, 0.00014331115, 10.0342455, -0.00017867949, 0.00014331115, 0.00014331115, -0.00017867949
0.303, -0.00017867949, -0.0005006701, 0.00014331115, 0.00014331115, 10.034889, 0.00078729243, -0.0005006701, -0.00017867949, 0.00046530177
0.304, -0.00017867949, 0.00014331115, -0.00017867949, -0.00017867949, 10.035212, -0.00017867949, -0.00017867949, -0.0005006701, -0.00017867949
0.305, -0.00017867949, 0.00078729243, -0.00017867949, -0.00017867949, 10.035855, -0.0005006701, 0.00014331115, 0.00014331115, -0.0005006701
0.306, 0.00014331115, 0.00046530177, 0.00014331115, 0.00014331115, 10.034889, 0.00014331115, 0.00014331115, 0.00046530177, -0.00017867949
0.307, 0.00014331115, 0.00014331115, 0.00014331115, -0.0005006701, 10.035212, 0.00078729243, -0.00017867949, 0.00046530177, -0.00017867949
0.308, -0.00082266075, 0.00046530177, -0.00017867949, -0.00017867949, 10.035212, -0.00017867949, -0.0005006701, 0.00014331115, 0.00014331115
0.309, -0.00017867949, 0.00046530177, -0.00017867949, 0.00014331115, 10.034889, 0.00078729243, -0.00017867949, 0.00046530177, 0.00046530177
0.31, -0.00017867949, 0.00046530177, 0.00014331115, 0.00046530177, 10.0342455, -0.00017867949, 0.00014331115, 0.00014331115, -0.00017867949
0.311, -0.00017867949, 0.00046530177, -0.00017867949, 0.00046530177, 10.033924, -0.00017867949, -0.0005006701, 0.00014331115, -0.0005006701
0.312, -0.00017867949, 0.00046530177, -0.0005006701, -0.00017867949, 10.034889, -0.00082266075, 0.00046530177, 0.00014331115, 0.00014331115
0.313, -0.00017867949, -0.00017867949, 0.00078729243, 0.00014331115, 10.033924, -0.0005006701, 0.00014331115, 0.00046530177, 0.00014331115
0.314, -0.00017867949, 0.00046530177, -0.0005006701, -0.00017867949, 10.035855, -0.0005006701, 0.00014331115, 0.00046530177, 0.00014331115
0.315, -0.0005006701, -0.00017867949, 0.00046530177, 0.00014331115, 10.034889, 0.00078729243, 0.00014331115, 0.00078729243, -0.00017867949
0.316, 0.00046530177, -0.00017867949, 0.00014331115, -0.0005006701, 10.036178, 0.00014331115, -0.0005006701, -0.00017867949, -0.00017867949
0.317, -0.00017867949, 0.00046530177, 0.00014331115, -0.00017867949, 10.034889, 0.00014331115, -0.00017867949, 0.00046530177, 0.00014331115
0.318, -0.0005006701, 0.00046530177, -0.0005006701, 0.00014331115, 10.035534, 0.00014331115, -0.00017867949, 0.00014331115, -0.00017867949
0.319, 0.00014331115, 0.00046530177, -0.00017867949, 0.00046530177, 10.035212, -0.00017867949, 0.00014331115, -0.00017867949, 0.00046530177
0.32, 0.00014331115, 0.00046530177, -0.0005006701, -0.00017867949, 10.0342455, 0.00014331115, 0.00014331115, 0.00014331115, -0.0005006701
0.321, -0.00017867949, 0.00014331115, -0.0005006701, 0.00014331115, 10.0365, 0.00046530177, -0.00017867949, 0.00046530177, -0.00082266075
0.322, 0.00014331115, 0.00046530177, -0.0005006701, -0.0005006701, 10.035212, -0.00017867949, -0.00082266075, 0.00014331115, -0.00082266075
0.323, -0.00017867949, -0.0005006701, -0.00017867949, 0.00014331115, 10.036821, 0.00014331115, -0.0005006701, 0.00014331115, -0.00017867949
0.324, 0.00014331115, -0.00017867949, 0.00014331115, -0.00082266075, 10.035855, 0.00014331115, -0.00017867949, 0.00014331115, -0.00017867949
0.325, 0.00014331115, 0.00014331115, -0.00017867949, 0.00014331115, 10.035855, 0.00014331115, -0.00017867949, 0.00014331115, 0.00046530177
0.326, 0.00014331115, 0.00046530177, -0.00082266075, -0.0005006701, 10.035855, -0.00017867949, -0.00017867949, 0.00014331115, 0.00046530177
0.327, 0.00014331115, 0.00014331115, 0.00014331115, -0.00017867949, 10.035534, -0.00017867949, -0.0005006701, 0.00014331115, -0.00017867949
0.328, 0.00046530177, 0.00014331115, 0.00014331115, 0.00046530177, 10.034568, -0.0005006701, -0.00017867949, 0.00046530177, -0.00082266075
0.329, -0.00017867949, -0.00017867949, -0.0005006701, 0.00014331115, 10.0342455, -0.00017867949, -0.00017867949, 0.00078729243, -0.0005006701
0.33, 0.00014331115, 0.00014331115, 0.00014331115, -0.00017867949, 10.0342455, 0.00078729243, -0.00017867949, -0.00017867949, -0.00017867949
0.331, -0.00017867949, 0.00014331115, -0.00017867949, -0.0005006701, 10.034568, 0.00014331115, -0.00017867949, 0.00046530177, 0.00014331115
0.332, 0.00014331115, -0.0005006701, -0.0005006701, -0.0005006701, 10.035534, 0.00014331115, 0.00014331115, 0.00014331115, -0.00017867949
0.333, 0.00014331115, 0.00046530177, -0.0005006701, -0.0005006701, 10.035212, 0.00014331115, 0.00014331115, -0.00017867949, 0.00014331115
0.334, 0.00014331115, 0.00046530177, -0.00017867949, -0.00017867949, 10.035212, 0.00014331115, -0.0005006701, 0.00046530177, -0.0005006701
0.335, 0.00014331115, 0.00014331115, -0.00017867949, -0.00017867949, 10.035855, 0.00046530177, 0.00014331115, 0.00046530177, 0.00014331115
0.336, 0.00014331115, -0.00017867949, 0.00014331115, 0.00014331115, 10.035855, 0.00014331115, 0.00014331115, 0.00014331115, -0.00017867949
0.337, -0.00017867949, 0.00046530177, -0.00017867949, 0.00046530177, 10.036178, 0.00046530177, 0.00046530177, -0.0005006701, -0.00017867949
0.338, -0.00017867949, -0.00017867949, -0.00017867949, -0.00017867949, 10.0365, -0.00017867949, -0.0005006701, 0.00078729243, -0.00017867949
0.339, 0.00014331115, 0.00046530177, 0.00014331115, -0.00017867949, 10.036178, 0.00014331115, 0.00014331115, 0.00046530177, -0.0005006701
0.34, -0.00017867949, 0.00014331115, -0.00017867949, -0.00017867949, 10.034568, -0.00017867949, -0.00082266075, 0.00014331115, -0.00082266075
0.341, -0.00017867949, -0.00017867949, 0.00014331115, 0.00046530177, 10.0365, -0.0005006701, 0.00014331115, 0.00046530177, -0.0005006701
0.342, 0.00014331115, 0.00014331115, 0.00014331115, 0.00014331115, 10.034889, 0.00014331115, -0.00017867949, 0.00046530177, -0.0005006701
0.343, -0.00017867949, 0.00014331115, -0.00017867949, 0.00046530177, 10.035212, 0.00046530177, -0.00017867949, 0.00046530177, -0.00017867949
0.34400000000000003, 0.00014331115, 0.00046530177, -0.00017867949, -0.00017867949, 10.035212, 0.00014331115, -0.00017867949, 0.00014331115, 0.00014331115
0.34500000000000003, -0.0005006701, 0.00046530177, 0.00014331115, -0.0005006701, 10.035534, 0.00014331115, -0.00017867949, 0.00078729243, -0.00017867949
0.34600000000000003, -0.0005006701, 0.00046530177, -0.00017867949, -0.00017867949, 10.035534, 0.00014331115, -0.0005006701, 0.00046530177, -0.0005006701
0.34700000000000003, -0.00017867949, -0.00017867949, 0.00014331115, -0.00017867949, 10.036178, 0.00046530177, -0.00017867949, 0.00078729243, -0.00017867949
0.34800000000000003, -0.0005006701, 0.00046530177, -0.0005006701, -0.00017867949, 10.037144, -0.00017867949, -0.00017867949, 0.00046530177, -0.0005006701
0.34900000000000003, -0.0005006701, 0.00014331115, 0.00046530177, -0.00017867949, 10.035855, -0.00082266075, -0.00017867949, 0.00046530177, -0.00082266075
0.35000000000000003, -0.00017867949, 0.00046530177, -0.00017867949, 0.00014331115, 10.035212, 0.00014331115, -0.0005006701, -0.00017867949, -0.00017867949
0.35100000000000003, -0.00017867949, -0.0005006701, -0.00017867949, 0.00014331115, 10.035212, -0.0005006701, -0.00017867949, 0.00014331115, -0.00017867949
0.352, -0.00082266075, 0.00014331115, -0.00017867949, -0.00017867949, 10.035855, 0.00014331115, -0.0005006701, 0.00014331115, -0.0005006701
0.353, -0.00017867949, 0.00046530177, 0.00046530177, 0.00014331115, 10.035212, 0.00014331115, 0.00014331115, -0.00017867949, 0.00014331115
0.354, -0.00017867949, 0.00014331115, -0.0005006701, 0.00014331115, 10.034889, 0.00046530177, -0.00017867949, 0.00014331115, -0.00017867949
0.355, -0.00017867949, -0.00017867949, -0.00017867949, 0.00046530177, 10.035855, 0.00014331115, -0.00017867949, 0.00014331115, -0.00017867949
0.356, 0.00046530177, 0.00014331115, -0.00017867949, 0.00046530177, 10.035212, 0.00046530177, -0.0005006701, 0.00014331115, -0.00017867949
0.357, 0.00014331115, 0.00014331115, 0.00014331115, -0.00017867949, 10.035212, 0.00046530177, 0.00046530177, 0.00078729243, -0.00017867949
0.358, 0.00014331115, 0.00014331115, 0.00014331115, -0.00082266075, 10.034889, 0.00014331115, 0.00014331115, 0.00046530177, 0.00014331115
0.359, 0.00014331115, 0.00014331115, 0.00014331115, 0.00014331115, 10.035212, 0.00014331115, -0.0005006701, 0.00078729243, -0.00017867949
0.36, 0.00046530177, 0.00078729243, 0.00014331115, 0.00014331115, 10.0342455, 0.00014331115, -0.00017867949, -0.00017867949, -0.0005006701
0.361, 0.00046530177, 0.00046530177, 0.00014331115, -0.00017867949, 10.0342455, 0.00014331115, -0.00017867949, 0.00046530177, -0.00082266075
0.362, -0.0005006701, 0.00078729243, 0.00014331115, 0.00014331115, 10.034568, -0.00017867949, 0.00014331115, 0.00014331115, 0.00014331115
0.363, -0.00017867949, 0.00014331115, 0.00014331115, -0.00017867949, 10.034568, 0.00014331115, -0.00017867949, 0.00046530177, -0.0005006701
0.364, -0.00017867949, 0.00014331115, 0.00046530177, 0.00014331115, 10.035855, -0.00017867949, 0.00014331115, 0.00046530177, -0.0005006701
0.365, 0.00046530177, 0.00046530177, 0.00014331115, -0.00017867949, 10.033924, -0.00017867949, -0.00017867949, 0.00046530177, -0.00017867949
0.366, -0.00017867949, 0.00014331115, 0.00014331115, 0.00014331115, 10.034889, -0.00082266075, -0.00017867949, 0.00046530177, -0.0005006701
0.367, -0.0005006701, 0.00046530177, -0.00017867949, -0.00017867949, 10.034568, 0.00014331115, -0.0005006701, 0.00014331115, -0.00017867949
0.368, -0.0005006701, 0.00046530177, -0.00017867949, 0.00014331115, 10.034568, 0.00046530177, -0.00017867949, 0.00046530177, 0.00014331115
0.369, 0.00014331115, 0.00046530177, -0.00017867949, -0.00017867949, 10.034889, 0.00014331115, -0.0005006701, 0.00046530177, -0.00017867949
0.37, 0.00046530177, 0.00046530177, 0.00046530177, 0.00014331115, 10.033924, 0.00014331115, -0.00082266075, 0.00046530177, -0.00017867949
0.371, 0.00014331115, 0.00014331115, -0.0005006701, 0.00014331115, 10.036178, 0.00014331115, -0.00017867949, 0.00046530177, -0.00082266075
0.372, -0.00017867949, 0.00014331115, -0.00017867949, 0.00046530177, 10.035212, 0.00046530177, -0.00082266075, 0.00046530177, -0.00017867949
0.373, -0.00017867949, 0.00014331115, -0.00017867949, 0.00014331115, 10.034568, -0.00017867949, 0.00014331115, 0.00014331115, -0.0005006701
0.374, -0.00017867949, 0.00078729243, 0.00014331115, 0.00014331115, 10.034889, -0.00082266075, -0.00017867949, 0.00078729243, 0.00014331115
0.375, 0.00014331115, 0.00046530177, -0.00017867949, -0.00017867949, 10.035534, -0.0005006701, -0.0005006701, 0.00014331115, -0.00017867949
0.376, -0.0005006701, 0.00046530177, 0.00014331115, 0.00014331115, 10.035212, -0.00017867949, -0.0005006701, 0.00014331115, -0.00017867949
0.377, -0.00017867949, 0.00046530177, 0.00014331115, -0.00017867949, 10.034568, -0.00017867949, 0.00046530177, -0.00017867949, -0.0005006701
0.378, 0.00014331115, 0.00014331115, -0.0005006701, -0.0005006701, 10.034568, -0.0005006701, -0.00017867949, -0.00017867949, -0.00017867949
0.379, 0.00014331115, 0.00014331115, -0.0005006701, -0.00017867949, 10.034568, 0.00046530177, -0.00082266075, 0.00046530177, -0.00082266075
0.38, 0.00014331115, -0.00017867949, -0.0005006701, 0.00014331115, 10.034889, -0.00017867949, 0.00014331115, 0.00014331115, 0.00014331115
0.381, 0.00014331115, -0.00017867949, -0.00017867949, -0.00082266075, 10.035212, 0.00014331115, -0.00017867949, -0.0005006701, -0.00017867949
0.382, -0.00017867949, -0.0005006701, 0.00014331115, -0.00017867949, 10.036178, -0.00017867949, -0.00017867949, 0.00046530177, -0.0005006701
0.383, -0.0005006701, -0.00017867949, -0.00017867949, -0.00017867949, 10.034889, 0.00014331115, -0.0005006701, 0.00046530177, -0.0005006701
0.384, -0.0005006701, 0.00046530177, -0.00017867949, -0.00017867949, 10.034568, 0.00046530177, 0.00014331115, 0.00046530177, -0.00017867949
0.385, -0.0005006701, 0.00046530177, 0.00014331115, -0.00082266075, 10.033924, 0.00014331115, -0.00017867949, 0.00014331115, -0.0005006701
0.386, -0.0005006701, 0.00046530177, 0.00014331115, 0.00014331115, 10.034889, -0.00017867949, -0.0005006701, 0.00014331115, -0.0005006701
0.387, -0.0005006701, 0.00014331115, -0.00017867949, -0.0005006701, 10.034568, 0.00046530177, 0.00014331115, 0.00014331115, -0.0005006701
0.388, -0.00017867949, 0.00046530177, -0.0005006701, -0.0005006701, 10.034568, -0.00017867949, -0.00082266075, -0.00017867949, -0.0005006701
0.389, -0.00017867949, 0.00014331115, 0.00014331115, 0.00014331115, 10.035855, 0.00014331115, 0.00014331115, 0.00078729243, -0.00017867949
0.39, 0.00014331115, 0.00014331115, 0.00046530177, 0.00014331115, 10.035212, 0.00046530177, -0.00082266075, 0.00014331115, -0.00017867949
0.391, -0.00017867949, 0.00046530177, -0.00017867949, -0.0005006701, 10.0365, 0.00078729243, -0.0005006701, 0.00014331115, -0.0005006701
0.392, -0.00082266075, -0.00017867949, -0.0005006701, -0.00017867949, 10.034568, -0.0005006701, -0.00017867949, 0.00014331115, -0.00017867949
0.393, -0.00017867949, -0.00017867949, -0.00017867949, -0.00017867949, 10.035855, 0.00014331115, -0.00017867949, 0.00046530177, -0.00017867949
0.394, 0.00014331115, 0.00014331115, -0.0005006701, 0.00014331115, 10.034568, 0.00046530177, 0.00014331115, 0.00014331115, -0.0005006701
0.395, -0.00017867949, 0.00046530177, -0.00017867949, -0.00017867949, 10.035212, -0.0005006701, -0.00017867949, 0.00014331115, -0.0005006701
0.396, -0.0005006701, 0.00078729243, 0.00014331115, 0.00014331115, 10.035534, 0.00046530177, -0.00017867949, 0.00078729243, -0.00082266075
0.397, -0.00017867949, -0.00017867949, -0.00017867949, -0.00017867949, 10.0342455, 0.00046530177, -0.00017867949, -0.00017867949, -0.00017867949
0.398, 0.00046530177, 0.00014331115, 0.00014331115, -0.0005006701, 10.0342455, 0.00046530177, -0.0005006701, 0.00014331115, 0.00014331115
0.399, -0.00082266075, -0.00017867949, -0.0005006701, 0.00014331115, 10.035212, 0.00014331115, -0.00082266075, 0.00014331115, -0.00017867949
0.4, -0.00017867949, 0.00046530177, -0.00017867949, -0.0005006701, 10.0365, 0.00014331115, 0.00046530177, 0.00046530177, 0.00014331115
0.401, 0.00014331115, -0.00017867949, 0.00014331115, 0.00014331115, 10.035534, 0.00014331115, -0.0005006701, 0.00014331115, -0.0005006701
0.402, -0.00017867949, -0.0005006701, -0.00017867949, -0.00017867949, 10.035212, 0.00014331115, -0.00017867949, 0.00014331115, 0.00014331115
0.403, -0.00017867949, 0.00014331115, 0.00014331115, -0.00017867949, 10.034568, 0.00046530177, 0.00046530177, 0.00046530177, 0.00014331115
0.404, -0.00017867949, 0.00078729243, -0.0005006701, 0.00014331115, 10.034568, 0.00014331115, 0.00014331115, 0.00078729243, 0.00046530177
0.405, 0.00014331115, 0.00046530177, 0.00046530177, 0.00014331115, 10.034889, 0.00046530177, 0.00014331115, 0.00046530177, -0.00082266075
0.406, -0.00017867949, 0.00046530177, 0.00046530177, 0.00014331115, 10.034889, 0.00014331115, -0.0005006701, 0.00046530177, -0.00082266075
0.40700000000000003, 0.00014331115, 0.00046530177, 0.00014331115, -0.0005006701, 10.036178, -0.0005006701, -0.00082266075, 0.00046530177, -0.00017867949
0.40800000000000003, 0.00014331115, 0.00014331115, -0.0005006701, -0.00017867949, 10.034889, 0.00014331115, -0.00017867949, -0.00017867949, -0.00017867949
0.40900000000000003, -0.0005006701, 0.00014331115, 0.00014331115, -0.0005006701, 10.035855, -0.00017867949, 0.00014331115, 0.00046530177, -0.0005006701
0.41000000000000003, -0.00017867949, 0.00014331115, 0.00046530177, -0.00017867949, 10.033924, -0.00017867949, -0.00017867949, 0.00046530177, 0.00014331115
0.41100000000000003, 0.00046530177, 0.00046530177, -0.0005006701, -0.00017867949, 10.034568, 0.00014331115, -0.00017867949, 0.00046530177, -0.00017867949
0.41200000000000003, -0.0005006701, 0.00014331115, -0.00017867949, 0.00014331115, 10.035855, 0.00014331115, -0.00017867949, 0.00014331115, 0.00046530177
0.41300000000000003, -0.0005006701, 0.00014331115, -0.00017867949, -0.00017867949, 10.035855, -0.0005006701, -0.00017867949, 0.00046530177, -0.0005006701
0.41400000000000003, 0.00014331115, 0.00014331115, -0.00017867949, -0.00017867949, 10.035212, -0.00017867949, -0.00082266075, 0.00046530177, -0.0005006701
0.41500000000000004, 0.00046530177, -0.0005006701, -0.00017867949, -0.00017867949, 10.034568, 0.00014331115, -0.00017867949, 0.00078729243, 0.00014331115
0.41600000000000004, 0.00014331115, 0.00014331115, 0.00014331115, 0.00014331115, 10.035534, 0.00014331115, -0.00017867949, 0.00046530177, 0.00014331115
0.417, -0.00017867949, 0.00046530177, 0.00014331115, 0.00014331115, 10.034568, -0.00017867949, -0.00017867949, -0.00017867949, -0.0005006701
0.418, 0.00014331115, 0.00046530177, 0.00014331115, 0.00046530177, 10.035855, -0.00017867949, -0.00017867949, 0.00046530177, 0.00014331115
0.419, 0.00014331115, -0.00017867949, -0.00017867949, 0.00014331115, 10.033924, 0.00014331115, -0.0005006701, 0.00046530177, -0.00017867949
0.42, -0.0005006701, -0.00017867949, -0.00017867949, 0.00014331115, 10.033602, -0.00017867949, -0.00017867949, 0.00014331115, -0.0005006701
0.421, 0.00014331115, 0.00046530177, -0.00017867949, -0.00017867949, 10.035855, -0.00017867949, -0.00082266075, 0.00046530177, 0.00014331115
0.422, -0.00017867949, 0.00046530177, 0.00014331115, 0.00014331115, 10.035212, 0.00014331115, -0.00082266075, 0.00014331115, -0.00017867949
0.423, -0.0005006701, 0.00046530177, 0.00014331115, 0.00014331115, 10.035855, 0.00014331115, 0.00014331115, 0.00046530177, -0.0005006701
0.424, 0.00046530177, 0.00014331115, 0.00046530177, -0.0005006701, 10.034889, 0.00014331115, -0.00017867949, 0.00046530177, -0.0005006701
0.425, 0.00014331115, 0.00014331115, 0.00046530177, -0.00082266075, 10.034568, -0.00017867949, -0.00082266075, 0.00014331115, -0.00017867949
0.426, -0.00017867949, 0.00014331115, -0.00017867949, 0.00014331115, 10.033924, 0.00014331115, -0.00017867949, -0.00017867949, -0.00017867949
0.427, 0.00014331115, 0.00078729243, -0.00017867949, -0.00017867949, 10.036178, -0.0005006701, -0.00017867949, 0.00014331115, -0.00017867949
0.428, 0.00014331115, -0.00082266075, 0.00014331115, -0.00017867949, 10.035534, 0.00014331115, 0.00014331115, 0.00014331115, -0.00082266075
0.429, -0.00017867949, -0.00017867949, 0.00014331115, 0.00046530177, 10.035534, 0.00014331115, -0.00017867949, 0.00014331115, 0.00014331115
0.43, -0.00017867949, 0.00014331115, 0.00014331115, -0.00017867949, 10.035212, -0.00017867949, 0.00046530177, 0.0011092831, -0.0005006701
0.431, -0.0005006701, 0.00046530177, -0.00017867949, 0.00014331115, 10.034889, -0.00082266075, 0.00014331115, 0.00014331115, 0.00014331115
0.432, -0.00017867949, 0.00014331115, -0.00017867949, 0.00014331115, 10.033924, 0.00046530177, -0.00017867949, -0.00017867949, -0.00082266075
0.433, -0.00017867949, 0.00046530177, 0.00046530177, 0.00014331115, 10.034568, -0.00017867949, -0.00082266075, 0.00014331115, -0.00082266075
0.434, -0.0005006701, -0.00017867949, -0.00017867949, -0.0005006701, 10.036178, 0.00014331115, -0.0005006701, 0.00046530177, -0.00017867949
0.435, 0.00046530177, -0.00017867949, -0.0005006701, 0.00014331115, 10.035212, 0.00078729243, -0.00017867949, 0.00078729243, -0.00017867949
0.436, 0.00014331115, 0.00046530177, 0.00046530177, -0.0005006701, 10.036178, -0.0005006701, -0.00017867949, 0.00014331115, -0.00017867949
0.437, -0.00017867949, 0.00046530177, 0.00046530177, -0.00017867949, 10.0342455, 0.00014331115, -0.0005006701, 0.00046530177, 0.00014331115
0.438, -0.00017867949, 0.00046530177, -0.00017867949, 0.00014331115, 10.034568, -0.00017867949, 0.00046530177, 0.00046530177, -0.00017867949
0.439, -0.0005006701, -0.00017867949, 0.00014331115, -0.00017867949, 10.033602, 0.00046530177, -0.00017867949, 0.0011092831, -0.00017867949
0.44, -0.00017867949, 0.00014331115, 0.00014331115, -0.00017867949, 10.033924, 0.00078729243, 0.00014331115, 0.00014331115, -0.0005006701
0.441, 0.00014331115, -0.00017867949, 0.00014331115, 0.00014331115, 10.035534, -0.00017867949, 0.00014331115, 0.00014331115, -0.00017867949
0.442, -0.00017867949, 0.00014331115, 0.00014331115, 0.00014331115, 10.034889, -0.00017867949, -0.00082266075, 0.00046530177, -0.0005006701
0.443, -0.0005006701, 0.00014331115, 0.00014331115, 0.00014331115, 10.035855, -0.00017867949, -0.0005006701, 0.00046530177, 0.00014331115
0.444, -0.0005006701, 0.00046530177, -0.00017867949, 0.00014331115, 10.035212, 0.00014331115, 0.00014331115, 0.00078729243, -0.00017867949
0.445, -0.0005006701, 0.00014331115, 0.00046530177, -0.00017867949, 10.035534, -0.00017867949, -0.0005006701, 0.00046530177, 0.00014331115
0.446, -0.00017867949, 0.00014331115, -0.00017867949, 0.00014331115, 10.035534, 0.00014331115, -0.0005006701, 0.00014331115, 0.00014331115
0.447, -0.0005006701, 0.00078729243, 0.00046530177, -0.00017867949, 10.035534, 0.00014331115, -0.00017867949, 0.00078729243, -0.0005006701
0.448, -0.00017867949, 0.00046530177, 0.00014331115, 0.00014331115, 10.034889, 0.00014331115, -0.0005006701, -0.00017867949, -0.0005006701
0.449, 0.00014331115, 0.00014331115, -0.00017867949, -0.00017867949, 10.033279, 0.00014331115, 0.00014331115, 0.00014331115, -0.0005006701
0.45, 0.00014331115, 0.00046530177, -0.00017867949, 0.00014331115, 10.034568, -0.0005006701, 0.00014331115, 0.00014331115, 0.00046530177
0.451, 0.00014331115, -0.00017867949, 0.00014331115, 0.00014331115, 10.034568, 0.00046530177, 0.00046530177, 0.00014331115, -0.00017867949
0.452, -0.00017867949, -0.00017867949, 0.00014331115, 0.00014331115, 10.035534, -0.00017867949, -0.0005006701, -0.0005006701, 0.00014331115
0.453, -0.0005006701, 0.00078729243, -0.00017867949, 0.00046530177, 10.035212, -0.0005006701, -0.00017867949, 0.00014331115, 0.00014331115
0.454, -0.00017867949, -0.00017867949, -0.00017867949, 0.00046530177, 10.034568, -0.00017867949, -0.00017867949, 0.00046530177, -0.0005006701
0.455, 0.00014331115, -0.00017867949, -0.00017867949, -0.00017867949, 10.034568, 0.00014331115, -0.0005006701, 0.00014331115, -0.0005006701
0.456, 0.00014331115, 0.00014331115, -0.00017867949, 0.00014331115, 10.035534, 0.00014331115, 0.00014331115, 0.00046530177, -0.00017867949
0.457, -0.00082266075, -0.0005006701, 0.00014331115, 0.00014331115, 10.0365, -0.00017867949, -0.00017867949, 0.00046530177, -0.0005006701
0.458, 0.00046530177, 0.00014331115, -0.00017867949, 0.00014331115, 10.035855, -0.00017867949, -0.00017867949, 0.00014331115, -0.00017867949
0.459, 0.00014331115, 0.00014331115, -0.00017867949, 0.00014331115, 10.035212, -0.0005006701, -0.00017867949, 0.00046530177, -0.00017867949
0.46, -0.00017867949, -0.00017867949, -0.00017867949, 0.00014331115, 10.033924, 0.00046530177, -0.00017867949, 0.00014331115, -0.0005006701
0.461, 0.00046530177, 0.00014331115, -0.00017867949, 0.00014331115, 10.034568, 0.00014331115, -0.00017867949, -0.00017867949, -0.0005006701
0.462, -0.0005006701, 0.00078729243, 0.00014331115, 0.00014331115, 10.033924, -0.0005006701, -0.00017867949, 0.00046530177, -0.0005006701
0.463, -0.00017867949, 0.00014331115, 0.00014331115, 0.00046530177, 10.034568, 0.00014331115, -0.00017867949, 0.00014331115, -0.00017867949
0.464, 0.00078729243, 0.00046530177, 0.00014331115, 0.00014331115, 10.034889, 0.00046530177, -0.0005006701, 0.00046530177, -0.0005006701
0.465, 0.00046530177, 0.00014331115, 0.00014331115, 0.00078729243, 10.035855, -0.00017867949, -0.0005006701, 0.00046530177, -0.0005006701
0.466, -0.00017867949, 0.00078729243, -0.00017867949, -0.0005006701, 10.036178, -0.00017867949, -0.0005006701, 0.00078729243, -0.00017867949
0.467, -0.00017867949, 0.00014331115, 0.00014331115, -0.00017867949, 10.034889, 0.00014331115, 0.00014331115, 0.00046530177, -0.00082266075
0.468, -0.00017867949, 0.00046530177, 0.00014331115, 0.00014331115, 10.035534, 0.00014331115, -0.0005006701, 0.00078729243, -0.0005006701
0.46900000000000003, -0.00082266075, 0.00014331115, -0.00017867949, 0.00014331115, 10.034568, 0.00014331115, -0.00017867949, 0.00014331115, -0.0005006701
0.47000000000000003, 0.00014331115, 0.00014331115, -0.00017867949, 0.00014331115, 10.035212, 0.00046530177, -0.00082266075, 0.00046530177, 0.00014331115
0.47100000000000003, 0.00014331115, 0.00046530177, 0.00014331115, -0.00017867949, 10.035534, 0.00014331115, -0.0005006701, 0.00078729243, 0.00014331115
0.47200000000000003, -0.00082266075, 0.00078729243, 0.00014331115, -0.00017867949, 10.034889, -0.00017867949, -0.00017867949, 0.00014331115, -0.00017867949
0.47300000000000003, -0.00017867949, 0.00046530177, 0.00014331115, 0.00046530177, 10.034568, 0.00046530177, 0.00014331115, 0.00014331115, -0.00017867949
0.47400000000000003, -0.0005006701, -0.00017867949, 0.00014331115, -0.00017867949, 10.034568, -0.0005006701, -0.00017867949, 0.00014331115, -0.0005006701
0.47500000000000003, 0.00046530177, -0.00017867949, 0.00014331115, -0.00017867949, 10.034568, 0.00046530177, -0.00017867949, -0.00017867949, -0.00017867949
0.47600000000000003, -0.00017867949, 0.00014331115, -0.00082266075, 0.00014331115, 10.033602, -0.00017867949, -0.00017867949, 0.00014331115, -0.00017867949
0.47700000000000004, -0.0005006701, 0.00014331115, -0.00017867949, 0.00046530177, 10.036178, -0.00017867949, -0.00017867949, 0.00014331115, 0.00014331115
0.47800000000000004, 0.00014331115, -0.00017867949, 0.00014331115, -0.00017867949, 10.035212, 0.00046530177, -0.00017867949, 0.00078729243, -0.0005006701
0.47900000000000004, 0.00014331115, -0.00017867949, -0.00017867949, -0.0005006701, 10.037144, -0.00017867949, -0.00017867949, -0.00017867949, 0.00014331115
0.48, -0.00017867949, 0.00046530177, 0.00014331115, 0.00014331115, 10.034889, -0.00017867949, -0.00017867949, 0.00014331115, -0.00017867949
0.481, -0.00017867949, 0.00078729243, -0.00017867949, 0.00014331115, 10.033924, 0.00014331115, 0.00014331115, 0.00046530177, 0.00014331115
0.482, 0.00014331115, 0.00078729243, -0.00017867949, 0.00014331115, 10.033602, 0.00046530177, -0.00017867949, -0.00017867949, -0.00017867949
0.483, -0.00017867949, 0.00046530177, -0.0005006701, 0.00046530177, 10.033924, -0.00017867949, -0.0005006701, 0.00014331115, 0.00014331115
0.484, -0.0005006701, 0.00046530177, -0.00082266075, 0.00078729243, 10.034889, 0.00046530177, 0.00014331115, 0.00046530177, 0.00014331115
0.485, -0.0005006701, 0.00014331115, 0.00014331115, 0.00078729243, 10.033924, -0.00017867949, 0.00014331115, 0.00046530177, -0.00017867949
0.486, -0.00017867949, 0.00046530177, 0.00014331115, 0.00078729243, 10.035855, 0.00014331115, -0.0005006701, 0.00046530177, -0.0005006701
0.487, -0.00017867949, 0.00046530177, -0.00017867949, -0.00017867949, 10.035534, 0.00014331115, -0.00082266075, 0.0011092831, 0.00014331115
0.488, -0.00017867949, 0.00014331115, -0.00017867949, -0.0005006701, 10.0365, -0.00017867949, -0.00017867949, 0.00014331115, -0.00017867949
0.489, -0.00017867949, 0.00014331115, -0.00017867949, -0.0005006701, 10.035855, -0.00017867949, 0.00014331115, 0.00046530177, -0.00082266075
0.49, -0.00017867949, -0.00017867949, 0.00014331115, 0.00014331115, 10.035212, 0.00014331115, -0.00082266075, 0.00078729243, -0.00017867949
0.491, -0.0005006701, -0.00017867949, -0.00017867949, -0.00017867949, 10.035212, 0.00078729243, -0.00017867949, 0.00078729243, -0.00017867949
0.492, -0.00017867949, -0.00017867949, -0.00017867949, -0.00017867949, 10.0342455, -0.00082266075, -0.0005006701, 0.00014331115, -0.00082266075
0.493, 0.00014331115, 0.00014331115, -0.00017867949, 0.00014331115, 10.035855, 0.00014331115, -0.00017867949, 0.00014331115, -0.00017867949
0.494, -0.0005006701, 0.00046530177, 0.00014331115, 0.00046530177, 10.034889, 0.00014331115, -0.00017867949, 0.00078729243, -0.00017867949
0.495, -0.00017867949, -0.00017867949, 0.00014331115, -0.0005006701, 10.035212, 0.00046530177, 0.00014331115, 0.00014331115, 0.00014331115
0.496, -0.00082266075, 0.00046530177, -0.00017867949, 0.00014331115, 10.0342455, 0.00014331115, 0.00014331115, 0.00014331115, -0.0011446514
0.497, -0.0005006701, 0.00078729243, 0.00014331115, -0.00017867949, 10.033924, -0.00017867949, 0.00014331115, 0.00078729243, 0.00014331115
0.498, -0.00017867949, 0.00014331115, -0.0005006701, 0.00014331115, 10.034568, 0.00014331115, -0.00017867949, 0.0011092831, -0.0005006701
0.499, -0.00017867949, 0.00014331115, 0.00046530177, 0.00014331115, 10.035855, -0.00017867949, -0.00017867949, 0.00046530177, -0.0005006701
0.5, -0.0005006701, -0.0005006701, 0.00014331115, -0.0005006701, 10.035855, 0.00014331115, -0.00017867949, 0.00014331115, -0.0005006701
0.501, -0.00017867949, 0.00014331115, 0.00046530177, 0.00014331115, 10.034568, 0.00014331115, -0.00017867949, 0.00014331115, -0.00017867949
0.502, 0.00014331115, 0.00046530177, -0.00017867949, -0.0005006701, 10.033924, -0.00017867949, 0.00014331115, 0.00014331115, -0.0005006701
0.503, -0.00017867949, -0.00017867949, 0.00046530177, -0.00017867949, 10.0342455, 0.00014331115, -0.0005006701, 0.00046530177, 0.00046530177
0.504, 0.00046530177, 0.00014331115, 0.00014331115, 0.00046530177, 10.035212, -0.00017867949, -0.00017867949, 0.00014331115, -0.00017867949
0.505, -0.0005006701, 0.00014331115, -0.0005006701, -0.00017867949, 10.034889, 0.00014331115, -0.00017867949, -0.00017867949, -0.00082266075
0.506, 0.00046530177, -0.00017867949, 0.00046530177, 0.00046530177, 10.034568, 0.00014331115, -0.00017867949, 0.00078729243, -0.00017867949
0.507, -0.00082266075, -0.00017867949, 0.00046530177, 0.00014331115, 10.035212, -0.0005006701, 0.00046530177, 0.00014331115, 0.00014331115
0.508, -0.00017867949, 0.00046530177, 0.00014331115, 0.00014331115, 10.035212, -0.0005006701, -0.0005006701, -0.00017867949, -0.00017867949
0.509, -0.00017867949, 0.00014331115, -0.00017867949, 0.00014331115, 10.035855, -0.00017867949, -0.00017867949, 0.00046530177, -0.00017867949
0.51, 0.00014331115, 0.00014331115, 0.00014331115, 0.00046530177, 10.034889, -0.00017867949, -0.0005006701, 0.00014331115, -0.0005006701
0.511, 0.00046530177, 0.00014331115, 0.00014331115, -0.00017867949, 10.035534, 0.00014331115, -0.00082266075, 0.00014331115, 0.00014331115
0.512, -0.00017867949, -0.0005006701, -0.0005006701, 0.00014331115, 10.034568, 0.00014331115, 0.00014331115, 0.00078729243, -0.0005006701
0.513, 0.00014331115, 0.00014331115, 0.00014331115, -0.00017867949, 10.034568, -0.00017867949, -0.00017867949, -0.00017867949, -0.00017867949
0.514, 0.00046530177, 0.00014331115, 0.00014331115, -0.00017867949, 10.035534, 0.00014331115, 0.00014331115, 0.00078729243, -0.00082266075
0.515, 0.00014331115, -0.0005006701, 0.00014331115, 0.00014331115, 10.035534, -0.00017867949, -0.00017867949, 0.00014331115, -0.0005006701
0.516, -0.0005006701, 0.00014331115, 0.00046530177, -0.0005006701, 10.034568, 0.00078729243, -0.00017867949, 0.00046530177, -0.00017867949
0.517, 0.00014331115, -0.00017867949, 0.00014331115, 0.00014331115, 10.033602, -0.0005006701, -0.0005006701, 0.00046530177, -0.00017867949
0.518, -0.00017867949, 0.00046530177, 0.00014331115, -0.00017867949, 10.034568, -0.00017867949, -0.00017867949, -0.00017867949, -0.00017867949
0.519, -0.00017867949, 0.00046530177, 0.00046530177, -0.0005006701, 10.034568, -0.00017867949, -0.0005006701, 0.00014331115, 0.00014331115
0.52, 0.00014331115, 0.00046530177, 0.00046530177, 0.00014331115, 10.035855, -0.00017867949, -0.00017867949, 0.00078729243, 0.00014331115
0.521, 0.00046530177, -0.00017867949, -0.0005006701, 0.00046530177, 10.035855, 0.00014331115, -0.0005006701, 0.00014331115, -0.00017867949
0.522, -0.0005006701, 0.00046530177, -0.00082266075, -0.00017867949, 10.035855, -0.00082266075, -0.0005006701, -0.00017867949, -0.00017867949
0.523, -0.00017867949, 0.00014331115, 0.00046530177, 0.00014331115, 10.035212, 0.00046530177, -0.0005006701, 0.00046530177, -0.0005006701
0.524, -0.00017867949, 0.00078729243, -0.0005006701, 0.00014331115, 10.033602, 0.00046530177, 0.00046530177, 0.00014331115, -0.00017867949
0.525, -0.00017867949, 0.00014331115, -0.0005006701, -0.0005006701, 10.0342455, 0.00014331115, -0.00017867949, 0.00046530177, 0.00046530177
0.526, 0.00014331115, 0.00046530177, -0.00017867949, -0.00017867949, 10.033279, -0.00017867949, -0.00017867949, -0.00017867949, -0.00017867949
0.527, -0.00017867949, -0.00017867949, -0.0005006701, -0.00017867949, 10.033924, -0.00017867949, -0.00017867949, 0.00046530177, -0.00082266075
0.528, 0.00014331115, 0.00046530177, 0.00014331115, -0.0005006701, 10.033924, 0.00014331115, -0.0005006701, 0.00046530177, -0.0005006701
0.529, -0.00017867949, 0.00014331115, 0.00014331115, 0.00014331115, 10.034889, 0.00014331115, -0.00017867949, -0.00017867949, -0.00017867949
0.53, 0.00014331115, 0.00014331115, -0.0005006701, -0.00017867949, 10.035212, 0.00046530177, -0.0005006701, 0.00014331115, -0.00017867949
0.531, 0.00014331115, 0.00014331115, 0.00014331115, -0.00017867949, 10.035212, -0.00017867949, -0.00017867949, 0.00046530177, -0.0005006701
0.532, -0.00017867949, -0.00017867949, -0.00017867949, 0.00014331115, 10.036178, -0.00017867949, -0.00017867949, 0.00046530177, -0.0011446514
0.533, -0.00017867949, -0.00017867949, -0.00017867949, -0.0005006701, 10.035855, 0.00014331115, -0.0005006701, 0.00014331115, -0.00017867949
0.534, 0.00014331115, -0.0005006701, -0.0005006701, -0.0005006701, 10.0365, 0.00046530177, -0.00082266075, 0.00046530177, 0.00046530177
0.535, -0.00082266075, 0.00014331115, -0.00017867949, 0.00014331115, 10.034568, 0.00014331115, -0.0005006701, -0.00017867949, -0.00017867949
0.536, -0.0005006701, 0.0011092831, -0.00017867949, -0.0005006701, 10.0342455, 0.00014331115, -0.0005006701, 0.00014331115, 0.00014331115
0.537, -0.0005006701, 0.00046530177, -0.00082266075, 0.00014331115, 10.033602, 0.00046530177, -0.00017867949, -0.00017867949, -0.00017867949
0.538, -0.00017867949, 0.00046530177, -0.0005006701, -0.00017867949, 10.034889, -0.00017867949, -0.0005006701, 0.00046530177, -0.00017867949
0.539, -0.0005006701, 0.00014331115, 0.00014331115, -0.00017867949, 10.035534, -0.00082266075, -0.00017867949, 0.00046530177, 0.00014331115
0.54, 0.00046530177, 0.00014331115, 0.00014331115, 0.00046530177, 10.034889, -0.00017867949, -0.00082266075, 0.00014331115, -0.00017867949
0.541, -0.00017867949, 0.00046530177, -0.00017867949, 0.00014331115, 10.035534, 0.00078729243, -0.00017867949, 0.00046530177, -0.00017867949
0.542, 0.00046530177, 0.00014331115, 0.00014331115, -0.00017867949, 10.035534, 0.00014331115, -0.0005006701, -0.00017867949, -0.00017867949
0.543, 0.00078729243, 0.00046530177, -0.0005006701, 0.00014331115, 10.035534, 0.00046530177, -0.00082266075, 0.00046530177, -0.0005006701
0.544, -0.0005006701, 0.00046530177, 0.00014331115, -0.00017867949, 10.035534, 0.00046530177, -0.00017867949, 0.00046530177, 0.00014331115
0.545, -0.00017867949, 0.00014331115, 0.00046530177, 0.00046530177, 10.036178, 0.00014331115, -0.00017867949, 0.00046530177, -0.00017867949
0.546, 0.00014331115, -0.00017867949, -0.00017867949, 0.00014331115, 10.034568, 0.00046530177, -0.0005006701, 0.00014331115, 0.00014331115
0.547, -0.00017867949, 0.00014331115, -0.00017867949, -0.0005006701, 10.035534, -0.0005006701, -0.0005006701, 0.00046530177, -0.0005006701
0.548, -0.00017867949, -0.00017867949, -0.00017867949, -0.0005006701, 10.034568, 0.00014331115, -0.00017867949, 0.00014331115, 0.00046530177
0.549, -0.00017867949, 0.00014331115, -0.00017867949, 0.00014331115, 10.034568, -0.00017867949, 0.00014331115, 0.00078729243, -0.00017867949
0.55, 0.00014331115, 0.00014331115, -0.00017867949, 0.00014331115, 10.034568, 0.00014331115, 0.00014331115, 0.00014331115, -0.0005006701
0.551, 0.00014331115, -0.0005006701, -0.00017867949, -0.00017867949, 10.033279, 0.00014331115, -0.00017867949, 0.00014331115, -0.00017867949
0.552, 0.00014331115, 0.00046530177, -0.0005006701, -0.00017867949, 10.035212, 0.00046530177, -0.00017867949, -0.00017867949, 0.00014331115
0.553, -0.0005006701, -0.00017867949, 0.00014331115, -0.00017867949, 10.034889, -0.00017867949, -0.00017867949, 0.00014331115, 0.00014331115
0.554, -0.00017867949, -0.0005006701, 0.00078729243, 0.00014331115, 10.036178, 0.00014331115, 0.00014331115, -0.00017867949, -0.00082266075
0.555, 0.00046530177, 0.00046530177, 0.00014331115, -0.00017867949, 10.035855, 0.00014331115, 0.00014331115, 0.00014331115, -0.0005006701
0.556, -0.0005006701, 0.00014331115, 0.00014331115, 0.00046530177, 10.0365, 0.00014331115, -0.00017867949, 0.00046530177, -0.0005006701
0.557, -0.00017867949, 0.00078729243, -0.00017867949, 0.00014331115, 10.034568, -0.00017867949, -0.00017867949, 0.00046530177, -0.0011446514
0.558, 0.00014331115, -0.00017867949, -0.00017867949, -0.0005006701, 10.0342455, 0.00014331115, 0.00014331115, 0.00014331115, -0.00017867949
0.559, 0.00014331115, -0.00017867949, -0.00017867949, 0.00014331115, 10.0342455, -0.00017867949, -0.00017867949, 0.00046530177, -0.00082266075
0.56, -0.00017867949, -0.00017867949, 0.00014331115, 0.00014331115, 10.034889, 0.00014331115, 0.00014331115, 0.00014331115, -0.0005006701
0.561, -0.0005006701, -0.00017867949, -0.00017867949, 0.00046530177, 10.035212, 0.00046530177, -0.0005006701, 0.00046530177, -0.00017867949
0.562, -0.00082266075, -0.00017867949, -0.0005006701, -0.0005006701, 10.035212, 0.00014331115, 0.00014331115, 0.00014331115, -0.0005006701
0.5630000000000001, -0.0005006701, 0.00046530177, -0.00017867949, 0.00046530177, 10.035855, 0.00014331115, -0.00017867949, 0.00014331115, -0.00017867949
0.5640000000000001, -0.00017867949, 0.00046530177, -0.00017867949, 0.00014331115, 10.035212, -0.00017867949, 0.00014331115, 0.00014331115, -0.0005006701
0.5650000000000001, -0.0005006701, -0.00017867949, 0.00014331115, 0.00014331115, 10.0365, -0.0005006701, -0.00017867949, 0.00014331115, -0.00082266075
0.5660000000000001, -0.00017867949, 0.00014331115, 0.00046530177, 0.00046530177, 10.035212, -0.00017867949, -0.0005006701, 0.00046530177, -0.0005006701
0.5670000000000001, 0.00014331115, -0.00017867949, -0.0005006701, -0.0005006701, 10.035855, 0.00014331115, -0.00017867949, 0.00046530177, 0.00014331115
0.5680000000000001, 0.00046530177, -0.00017867949, 0.00046530177, 0.00014331115, 10.034568, 0.00014331115, -0.0005006701, 0.00046530177, -0.00017867949
0.5690000000000001, 0.00046530177, -0.00017867949, 0.00014331115, 0.00014331115, 10.0342455, -0.0005006701, -0.00017867949, 0.00046530177, 0.00014331115
0.5700000000000001, 0.00014331115, -0.00017867949, -0.00017867949, -0.0005006701, 10.034568, 0.00014331115, -0.00017867949, 0.00014331115, -0.0005006701
0.5710000000000001, -0.00017867949, 0.00078729243, 0.00014331115, -0.00017867949, 10.033602, 0.00014331115, 0.00014331115, 0.00078729243, 0.00014331115
0.5720000000000001, 0.00014331115, -0.00017867949, -0.00017867949, -0.0005006701, 10.034889, 0.00014331115, -0.00017867949, 0.00078729243, -0.00017867949
0.5730000000000001, -0.0005006701, -0.00017867949, -0.00017867949, 0.00014331115, 10.0342455, 0.00014331115, -0.00017867949, 0.00046530177, -0.00017867949
0.5740000000000001, -0.00017867949, 0.00046530177, 0.00014331115, -0.0005006701, 10.034889, 0.00078729243, -0.00017867949, 0.00046530177, -0.00017867949
0.5750000000000001, 0.00014331115, 0.00078729243, -0.00017867949, -0.00017867949, 10.035212, 0.00014331115, -0.00082266075, 0.00014331115, -0.00017867949
0.5760000000000001, -0.0005006701, 0.00014331115, -0.00017867949, -0.00017867949, 10.035534, -0.00017867949, -0.00017867949, 0.00046530177, -0.00017867949
0.577, -0.0005006701, 0.00014331115, 0.00046530177, -0.00017867949, 10.035855, -0.00017867949, -0.00017867949, 0.00046530177, -0.0005006701
0.578, -0.00017867949, 0.00014331115, -0.00017867949, 0.00014331115, 10.035212, 0.00014331115, 0.00014331115, 0.00014331115, -0.0005006701
0.579, -0.00017867949, 0.00046530177, 0.00014331115, -0.00017867949, 10.035212, -0.00017867949, -0.0005006701, 0.00046530177, 0.00014331115
0.58, -0.00017867949, 0.00014331115, -0.00017867949, -0.00017867949, 10.034568, -0.00017867949, -0.0005006701, 0.00078729243, -0.0005006701
0.581, 0.00046530177, 0.00014331115, 0.00014331115, 0.00046530177, 10.034889, 0.00046530177, -0.00017867949, 0.00078729243, 0.00014331115
0.582, -0.0005006701, 0.00014331115, 0.00078729243, -0.00017867949, 10.034889, -0.0005006701, -0.00082266075, 0.00046530177, 0.00014331115
0.583, 0.00014331115, 0.00014331115, -0.00017867949, 0.00014331115, 10.034889, -0.00017867949, -0.00082266075, 0.00014331115, -0.00017867949
0.584, 0.00014331115, 0.00046530177, 0.00046530177, 0.00014331115, 10.034889, 0.00046530177, 0.00014331115, 0.00014331115, -0.00017867949
0.585, -0.00017867949, 0.00078729243, -0.00017867949, 0.00014331115, 10.035212, 0.00014331115, -0.0005006701, 0.00014331115, 0.00014331115
0.586, -0.0005006701, 0.00046530177, 0.00014331115, -0.0005006701, 10.035212, 0.00046530177, -0.00082266075, 0.00078729243, -0.0005006701
0.587, -0.00017867949, 0.00014331115, 0.00014331115, 0.00046530177, 10.035212, 0.00014331115, -0.0005006701, 0.00014331115, -0.00082266075
0.588, -0.00017867949, 0.00014331115, -0.00017867949, -0.0005006701, 10.035855, -0.00017867949, -0.00017867949, 0.00046530177, -0.0005006701
0.589, 0.00046530177, 0.00014331115, 0.00014331115, 0.00014331115, 10.036178, 0.00014331115, -0.00017867949, 0.00046530177, -0.0005006701
0.59, -0.00017867949, 0.00014331115, -0.00017867949, 0.00014331115, 10.036178, -0.00017867949, 0.00014331115, 0.00014331115, -0.00082266075
0.591, 0.00014331115, -0.00017867949, -0.0005006701, -0.00082266075, 10.035212, 0.00046530177, -0.00082266075, 0.00014331115, -0.00017867949
0.592, 0.00014331115, 0.00014331115, -0.00017867949, -0.00017867949, 10.035534, -0.00017867949, -0.00017867949, 0.00014331115, -0.00017867949
0.593, -0.00017867949, -0.0005006701, 0.00046530177, -0.00017867949, 10.035212, 0.00046530177, -0.0005006701, 0.00046530177, -0.00017867949
0.594, 0.00014331115, 0.00014331115, -0.00017867949, 0.00014331115, 10.034889, 0.00046530177, -0.0005006701, 0.00014331115, 0.00046530177
0.595, -0.00017867949, -0.00017867949, 0.00046530177, -0.0005006701, 10.034889, 0.00014331115, -0.0005006701, 0.00014331115, -0.0005006701
0.596, 0.00014331115, 0.00014331115, -0.0005006701, -0.00017867949, 10.035534, 0.00014331115, -0.00017867949, 0.00014331115, -0.0005006701
0.597, 0.00014331115, 0.00046530177, -0.00017867949, -0.00017867949, 10.035212, -0.00017867949, -0.0005006701, 0.00014331115, 0.00014331115
0.598, 0.00014331115, 0.00014331115, -0.00017867949, 0.00046530177, 10.034568, -0.00017867949, 0.00014331115, 0.00014331115, -0.00017867949
0.599, -0.00017867949, 0.00014331115, 0.00014331115, 0.00014331115, 10.035534, 0.00014331115, -0.0005006701, 0.00014331115, -0.0005006701
0.6, -0.00017867949, -0.0005006701, 0.00014331115, 0.00014331115, 10.035855, 0.00046530177, -0.0005006701, 0.00046530177, -0.00017867949
0.601, 0.00014331115, -0.00017867949, -0.0005006701, 0.00014331115, 10.035212, 0.00014331115, -0.00017867949, 0.00014331115, -0.0005006701
0.602, 0.00046530177, 0.00046530177, 0.00046530177, 0.00014331115, 10.034568, 0.00014331115, -0.0005006701, 0.00046530177, -0.00017867949
0.603, 0.00014331115, 0.00046530177, 0.00046530177, 0.00014331115, 10.033602, 0.00014331115, -0.00017867949, -0.00017867949, -0.0005006701
0.604, 0.00014331115, 0.00014331115, -0.00017867949, -0.00017867949, 10.0342455, 0.00046530177, -0.00017867949, 0.00046530177, -0.00082266075
0.605, -0.0005006701, 0.00014331115, -0.00017867949, 0.00014331115, 10.033924, -0.0005006701, -0.0005006701, 0.00014331115, -0.00017867949
0.606, -0.00017867949, -0.00017867949, -0.0005006701, 0.00014331115, 10.036178, 0.00014331115, -0.00017867949, 0.00014331115, -0.00017867949
0.607, -0.00017867949, 0.00014331115, 0.00014331115, 0.00014331115, 10.035534, -0.0005006701, -0.00017867949, 0.00046530177, -0.0005006701
0.608, -0.00017867949, -0.00017867949, -0.00017867949, 0.00078729243, 10.036178, 0.00014331115, -0.0005006701, 0.00014331115, -0.0005006701
0.609, 0.00046530177, 0.00014331115, -0.00082266075, -0.00017867949, 10.035212, 0.00014331115, 0.00014331115, 0.00046530177, 0.00014331115
0.61, -0.00017867949, 0.00014331115, 0.00014331115, 0.00014331115, 10.035855, 0.00014331115, -0.0005006701, -0.0005006701, -0.00082266075
0.611, -0.00017867949, -0.00017867949, -0.00017867949, -0.0005006701, 10.035855, -0.00017867949, -0.0005006701, 0.00078729243, 0.00046530177
0.612, -0.00017867949, 0.00078729243, -0.00017867949, -0.00017867949, 10.034568, -0.00017867949, 0.00014331115, 0.00046530177, 0.00014331115
0.613, -0.00017867949, 0.00014331115, -0.00017867949, 0.00046530177, 10.0342455, -0.0005006701, -0.00017867949, 0.00014331115, -0.00082266075
0.614, 0.00014331115, 0.00014331115, 0.00014331115, -0.00017867949, 10.033279, 0.00014331115, -0.00017867949, 0.00046530177, 0.00014331115
0.615, -0.00017867949, -0.00017867949, 0.00046530177, -0.0005006701, 10.034568, 0.00046530177, -0.00017867949, 0.00014331115, 0.00046530177
0.616, -0.0005006701, 0.00046530177, 0.00014331115, 0.00014331115, 10.033924, 0.00014331115, -0.0005006701, -0.00017867949, -0.0005006701
0.617, -0.00017867949, 0.00014331115, -0.00017867949, -0.00017867949, 10.035855, 0.00014331115, 0.00046530177, 0.00014331115, -0.00082266075
0.618, -0.00017867949, 0.00046530177, -0.00017867949, -0.00017867949, 10.035212, -0.0005006701, -0.0005006701, 0.00046530177, -0.0005006701
0.619, -0.00017867949, 0.00014331115, -0.0005006701, -0.00017867949, 10.035212, 0.00078729243, -0.0005006701, 0.00014331115, -0.00017867949
0.62, -0.0005006701, -0.00017867949, -0.00017867949, -0.00017867949, 10.034889, 0.00046530177, -0.00082266075, 0.00078729243, 0.00014331115
0.621, -0.00017867949, 0.00014331115, -0.0005006701, -0.0005006701, 10.0342455, -0.00017867949, -0.00017867949, -0.00017867949, -0.00017867949
0.622, 0.00014331115, 0.00046530177, -0.00017867949, 0.00014331115, 10.034568, -0.00017867949, -0.00017867949, 0.00014331115, 0.00046530177
0.623, 0.00014331115, 0.00014331115, 0.00014331115, -0.00017867949, 10.034568, 0.00014331115, -0.00017867949, 0.00046530177, -0.0005006701
0.624, -0.0005006701, -0.00017867949, -0.00017867949, 0.00014331115, 10.0365, 0.00014331115, -0.00082266075, 0.00014331115, 0.00014331115
0.625, -0.0005006701, 0.00014331115, -0.00017867949, 0.00014331115, 10.034889, -0.0005006701, 0.00014331115, 0.00046530177, -0.0005006701
0.626, 0.00014331115, 0.00046530177, -0.00017867949, -0.00082266075, 10.034889, 0.00014331115, -0.00017867949, -0.00017867949, -0.00017867949
0.627, 0.00014331115, -0.0005006701, -0.00017867949, 0.00046530177, 10.034568, -0.00017867949, -0.00017867949, 0.00014331115, 0.00046530177
0.628, -0.00017867949, -0.00017867949, 0.00014331115, -0.00017867949, 10.035212, 0.00046530177, 0.00014331115, -0.00017867949, -0.00017867949
0.629, -0.00017867949, 0.00014331115, 0.00014331115, 0.00014331115, 10.035855, 0.00046530177, -0.0005006701, 0.00014331115, -0.0005006701
0.63, 0.00014331115, 0.00078729243, -0.0005006701, -0.00017867949, 10.035212, 0.00014331115, -0.0005006701, 0.00078729243, -0.0005006701
0.631, 0.00014331115, 0.00046530177, 0.00046530177, 0.00014331115, 10.035534, 0.00046530177, -0.00017867949, -0.00017867949, 0.00014331115
0.632, -0.00017867949, -0.00017867949, 0.00014331115, -0.00017867949, 10.0342455, 0.00046530177, 0.00014331115, -0.00017867949, -0.0005006701
0.633, -0.00017867949, -0.0005006701, 0.00014331115, 0.00014331115, 10.035212, 0.00014331115, -0.00017867949, -0.00017867949, -0.0005006701
0.634, -0.0005006701, 0.00014331115, -0.00017867949, -0.00017867949, 10.0342455, 0.00014331115, -0.0005006701, 0.00014331115, -0.00017867949
0.635, -0.00082266075, 0.00046530177, 0.00014331115, 0.00014331115, 10.035212, -0.00017867949, -0.0005006701, 0.00046530177, -0.00082266075
0.636, 0.00014331115, 0.00014331115, 0.00014331115, 0.00014331115, 10.035534, 0.00014331115, 0.00014331115, 0.00014331115, 0.00014331115
0.637, -0.00017867949, -0.00017867949, -0.00017867949, -0.0005006701, 10.035212, 0.00046530177, -0.00082266075, 0.00078729243, -0.00017867949
0.638, 0.00014331115, 0.00014331115, 0.00014331115, -0.00017867949, 10.035212, 0.00014331115, 0.00014331115, -0.00017867949, -0.00017867949
0.639, -0.0005006701, 0.00046530177, 0.00046530177, 0.00014331115, 10.034889, -0.00017867949, -0.00082266075, -0.00017867949, -0.00017867949
0.64, -0.0005006701, 0.00046530177, 0.00014331115, 0.00046530177, 10.035212, -0.0005006701, -0.0005006701, 0.00046530177, -0.0005006701
0.641, 0.00014331115, 0.00046530177, -0.00082266075, 0.00014331115, 10.034889, 0.00014331115, -0.0005006701, 0.00046530177, -0.00017867949
0.642, 0.00014331115, 0.00014331115, -0.00017867949, -0.00017867949, 10.034889, 0.00078729243, -0.0005006701, 0.00014331115, -0.0005006701
0.643, -0.0005006701, 0.00014331115, 0.00014331115, -0.00017867949, 10.035212, -0.00017867949, 0.00014331115, 0.00014331115, -0.00017867949
0.644, 0.00014331115, 0.00078729243, -0.0005006701, 0.00014331115, 10.034889, 0.00078729243, -0.0005006701, 0.00046530177, -0.00017867949
0.645, -0.0005006701, -0.00017867949, 0.00014331115, -0.0005006701, 10.0342455, 0.00014331115, -0.00017867949, 0.00046530177, -0.00082266075
0.646, -0.00017867949, 0.00014331115, -0.00017867949, -0.0005006701, 10.033924, -0.00017867949, -0.00082266075, -0.00017867949, -0.0005006701
0.647, 0.00014331115, 0.00046530177, -0.00017867949, -0.00017867949, 10.035212, -0.00017867949, -0.00017867949, 0.00014331115, -0.0005006701
0.648, -0.00017867949, -0.00017867949, -0.0005006701, -0.00017867949, 10.034889, -0.00017867949, 0.00014331115, 0.00014331115, -0.0005006701
0.649, -0.00017867949, 0.00014331115, 0.00014331115, 0.00014331115, 10.035534, 0.00014331115, -0.00017867949, 0.00014331115, -0.00017867949
0.65, 0.00046530177, -0.00017867949, -0.00017867949, -0.0005006701, 10.035212, 0.00014331115, -0.00082266075, 0.00046530177, -0.0005006701
0.651, -0.00017867949, 0.00078729243, 0.00014331115, 0.00046530177, 10.035534, 0.00046530177, -0.00017867949, 0.00014331115, -0.00017867949
0.652, 0.00014331115, 0.00046530177, -0.00017867949, -0.00017867949, 10.034889, -0.00017867949, -0.00082266075, 0.00046530177, -0.00017867949
0.653, -0.00082266075, 0.00046530177, 0.00046530177, -0.00017867949, 10.035855, 0.00046530177, -0.0005006701, 0.00014331115, -0.0005006701
0.654, -0.0005006701, 0.00046530177, 0.00014331115, -0.0005006701, 10.035855, 0.00014331115, -0.0005006701, 0.00014331115, -0.00082266075
0.655, 0.00046530177, -0.00017867949, -0.00017867949, 0.00014331115, 10.034568, 0.00014331115, -0.0005006701, 0.00014331115, -0.00017867949
0.656, -0.0005006701, 0.00014331115, -0.00017867949, -0.00017867949, 10.033924, -0.00017867949, -0.00017867949, 0.00014331115, 0.00014331115
0.657, -0.00017867949, 0.00046530177, 0.00014331115, 0.00014331115, 10.033924, 0.00014331115, -0.00017867949, 0.00046530177, 0.00014331115
0.658, -0.00017867949, -0.00017867949, -0.0005006701, -0.0005006701, 10.035855, 0.00014331115, 0.00014331115, 0.00014331115, -0.0005006701
0.659, 0.00014331115, -0.00017867949, 0.00014331115, -0.00017867949, 10.035212, 0.00046530177, -0.00017867949, 0.00046530177, -0.0005006701
0.66, 0.00014331115, -0.00017867949, 0.00046530177, 0.00014331115, 10.034889, 0.00046530177, -0.0005006701, 0.00078729243, -0.00082266075
0.661, 0.00014331115, 0.00046530177, 0.00014331115, 0.00014331115, 10.033924, -0.0005006701, -0.0005006701, 0.00014331115, -0.00017867949
0.662, -0.00017867949, 0.00046530177, -0.0005006701, 0.00046530177, 10.033602, 0.00014331115, -0.00017867949, -0.00017867949, -0.0005006701
0.663, -0.00017867949, 0.00046530177, 0.00078729243, -0.00017867949, 10.035212, 0.00046530177, -0.00017867949, 0.00046530177, 0.00014331115
0.664, -0.00017867949, -0.00017867949, -0.00017867949, -0.00017867949, 10.034889, 0.00014331115, -0.00017867949, 0.00046530177, -0.00017867949
0.665, 0.00014331115, 0.00014331115, 0.00046530177, 0.00014331115, 10.036178, -0.00017867949, 0.00014331115, -0.00017867949, -0.0005006701
0.666, -0.00082266075, 0.00046530177, 0.00046530177, -0.00017867949, 10.035212, -0.00017867949, 0.00014331115, 0.00046530177, -0.00017867949
0.667, -0.00017867949, -0.00017867949, 0.00014331115, 0.00014331115, 10.035855, -0.00017867949, -0.00082266075, 0.00046530177, -0.0005006701
0.668, 0.00014331115, -0.00017867949, -0.00017867949, -0.0005006701, 10.0342455, -0.00017867949, -0.00017867949, 0.00046530177, -0.00082266075
0.669, -0.00017867949, 0.00014331115, 0.00014331115, 0.00014331115, 10.035212, -0.00017867949, -0.0005006701, 0.00014331115, -0.0005006701
0.67, 0.00014331115, -0.00017867949, -0.00017867949, -0.0005006701, 10.035212, 0.00014331115, -0.00017867949, 0.00014331115, -0.00017867949
0.671, -0.0005006701, 0.00046530177, -0.00017867949, 0.00014331115, 10.034568, 0.00046530177, 0.00046530177, 0.00078729243, -0.00017867949
0.672, -0.0005006701, 0.00014331115, -0.00017867949, -0.0005006701, 10.034889, 0.00014331115, -0.00017867949, 0.00014331115, 0.00014331115
0.673, -0.0005006701, 0.00014331115, 0.00046530177, 0.00014331115, 10.034889, -0.00082266075, -0.00017867949, 0.00046530177, -0.00082266075
0.674, -0.00017867949, 0.00078729243, 0.00014331115, -0.00017867949, 10.034889, -0.00017867949, -0.0005006701, -0.00017867949, -0.00017867949
0.675, -0.00017867949, 0.00046530177, -0.00017867949, 0.00014331115, 10.034568, 0.00014331115, -0.00017867949, 0.00014331115, -0.00017867949
0.676, -0.00017867949, -0.00017867949, 0.00046530177, 0.00046530177, 10.034889, 0.00046530177, -0.00017867949, 0.00014331115, -0.00017867949
0.677, -0.00017867949, 0.00078729243, -0.0005006701, -0.00017867949, 10.035212, -0.00017867949, -0.00017867949, 0.00046530177, -0.00082266075
0.678, -0.00017867949, 0.00046530177, -0.00017867949, 0.00046530177, 10.035534, -0.00017867949, -0.0005006701, -0.00017867949, -0.00017867949
0.679, -0.00017867949, 0.00046530177, 0.00014331115, 0.00046530177, 10.035212, 0.00046530177, 0.00014331115, 0.00046530177, -0.00017867949
0.68, -0.0005006701, 0.00014331115, -0.0005006701, 0.00014331115, 10.034568, -0.00017867949, -0.00017867949, 0.00078729243, -0.0005006701
0.681, -0.00082266075, -0.00017867949, -0.00017867949, 0.00046530177, 10.034568, 0.00014331115, 0.00046530177, 0.00046530177, 0.00014331115
0.682, -0.00017867949, 0.00014331115, 0.00014331115, -0.00017867949, 10.033924, 0.00014331115, -0.00017867949, 0.00078729243, 0.00014331115
0.683, 0.00014331115, 0.00046530177, 0.00014331115, 0.00014331115, 10.035212, 0.00046530177, -0.00082266075, 0.00014331115, -0.00017867949
0.684, -0.0005006701, -0.00017867949, -0.00017867949, -0.0005006701, 10.035212, -0.00017867949, 0.00014331115, 0.00046530177, -0.00082266075
0.685, 0.00014331115, -0.00017867949, 0.00014331115, 0.00014331115, 10.035534, 0.00014331115, -0.00017867949, 0.00014331115, -0.0005006701
0.686, -0.00017867949, -0.00017867949, -0.0005006701, -0.00017867949, 10.035212, -0.00017867949, -0.0005006701, 0.00014331115, -0.0005006701
0.687, 0.00014331115, 0.00014331115, 0.00046530177, 0.00014331115, 10.035534, -0.00017867949, -0.00082266075, 0.00046530177, -0.00017867949
0.6880000000000001, 0.00014331115, -0.00017867949, 0.00014331115, -0.00017867949, 10.0365, -0.0005006701, -0.00017867949, 0.00046530177, -0.00017867949
0.6890000000000001, -0.0005006701, -0.00017867949, 0.00046530177, 0.00014331115, 10.0342455, -0.00017867949, -0.0005006701, 0.00046530177, -0.00017867949
0.6900000000000001, -0.00017867949, 0.00014331115, 0.00014331115, -0.00017867949, 10.035855, 0.00014331115, -0.00017867949, 0.00046530177, -0.00017867949
0.6910000000000001, 0.00014331115, 0.00014331115, -0.00017867949, 0.00014331115, 10.0342455, -0.00017867949, 0.00014331115, 0.00014331115, 0.00014331115
0.6920000000000001, -0.00017867949, 0.00014331115, 0.00014331115, -0.00017867949, 10.035212, 0.00014331115, 0.00014331115, 0.00014331115, -0.00017867949
0.6930000000000001, -0.00017867949, 0.00014331115, -0.00017867949, -0.0005006701, 10.033924, -0.00017867949, -0.00017867949, 0.00014331115, -0.0005006701
0.6940000000000001, -0.0005006701, 0.00046530177, -0.0005006701, -0.00017867949, 10.034568, 0.00014331115, -0.0005006701, 0.00046530177, -0.0005006701
0.6950000000000001, -0.0005006701, -0.0005006701, 0.00014331115, -0.00017867949, 10.0342455, -0.0005006701, 0.00014331115, 0.00014331115, -0.00017867949
0.6960000000000001, -0.0005006701, 0.00078729243, -0.00017867949, 0.00046530177, 10.034889, 0.00078729243, -0.0005006701, 0.00046530177, -0.0005006701
0.6970000000000001, -0.00017867949, 0.00014331115, 0.00014331115, -0.00017867949, 10.035534, 0.00014331115, -0.00017867949, 0.00046530177, 0.00014331115
0.6980000000000001, 0.00046530177, 0.00078729243, 0.00014331115, 0.00014331115, 10.035855, 0.00014331115, -0.0005006701, 0.00014331115, -0.00017867949
0.6990000000000001, 0.00014331115, 0.00046530177, 0.00014331115, 0.00046530177, 10.036821, 0.00014331115, -0.00017867949, 0.00046530177, -0.0005006701
0.7000000000000001, 0.00014331115, 0.00046530177, -0.0005006701, 0.00014331115, 10.034889, -0.00017867949, -0.00017867949, 0.00014331115, -0.00017867949
0.7010000000000001, -0.0005006701, 0.00014331115, 0.00014331115, -0.00017867949, 10.034568, 0.00014331115, -0.00017867949, 0.00046530177, -0.00017867949
0.7020000000000001, 0.00014331115, -0.00017867949, 0.00046530177, 0.00046530177, 10.0342455, -0.00017867949, 0.00014331115, 0.00014331115, -0.00017867949
0.7030000000000001, 0.00014331115, 0.00014331115, 0.00014331115, 0.00014331115, 10.035212, -0.00017867949, 0.00014331115, -0.0005006701, -0.0005006701
0.704, -0.00017867949, 0.00014331115, -0.0005006701, -0.0005006701, 10.034889, 0.00014331115, -0.0005006701, 0.00046530177, -0.0005006701
0.705, -0.00017867949, 0.00046530177, 0.00046530177, 0.00014331115, 10.034889, 0.00014331115, -0.0005006701, 0.00014331115, -0.00082266075
0.706, -0.0005006701, 0.00046530177, -0.00017867949, -0.00017867949, 10.035855, 0.00014331115, -0.00017867949, 0.00046530177, 0.00014331115
0.707, -0.00017867949, -0.0005006701, 0.00046530177, 0.00014331115, 10.035212, 0.00014331115, -0.00017867949, 0.00014331115, -0.0005006701
0.708, -0.00017867949, -0.00017867949, -0.00017867949, 0.00014331115, 10.035855, 0.00014331115, -0.00017867949, 0.00046530177, 0.00014331115
0.709, -0.00017867949, 0.00014331115, -0.00017867949, 0.00046530177, 10.034889, 0.00014331115, -0.00017867949, 0.00078729243, -0.00017867949
0.71, 0.00046530177, -0.00017867949, -0.00017867949, 0.00014331115, 10.036821, -0.0005006701, 0.00046530177, 0.00078729243, 0.00014331115
0.711, -0.00017867949, -0.0005006701, -0.00017867949, -0.00017867949, 10.034889, 0.00014331115, 0.00014331115, 0.00046530177, -0.00017867949
0.712, 0.00014331115, -0.00017867949, -0.0005006701, -0.00017867949, 10.0342455, 0.00014331115, -0.00082266075, 0.00046530177, -0.00017867949
0.713, -0.00017867949, 0.00046530177, -0.00082266075, 0.00046530177, 10.033602, 0.00014331115, 0.00014331115, 0.00046530177, -0.0005006701
0.714, 0.00014331115, 0.00046530177, 0.00014331115, -0.00017867949, 10.033279, 0.00014331115, 0.00014331115, -0.00017867949, -0.0011446514
0.715, -0.00017867949, 0.00014331115, -0.0005006701, -0.00017867949, 10.0342455, 0.00046530177, 0.00014331115, 0.00046530177, -0.0005006701
0.716, -0.00017867949, -0.0005006701, 0.00046530177, -0.00017867949, 10.035212, 0.00046530177, -0.00017867949, -0.00017867949, -0.00082266075
0.717, -0.00017867949, -0.00017867949, -0.00017867949, 0.00014331115, 10.036178, 0.00014331115, -0.00017867949, 0.00046530177, -0.00082266075
0.718, -0.00017867949, 0.00078729243, -0.00017867949, -0.00017867949, 10.036178, 0.00014331115, -0.00017867949, 0.00014331115, -0.00017867949
0.719, -0.00017867949, 0.00014331115, -0.00017867949, -0.00017867949, 10.0365, -0.0005006701, -0.00017867949, 0.00046530177, -0.0005006701
0.72, -0.00017867949, -0.00017867949, -0.0005006701, 0.00046530177, 10.034889, -0.00017867949, 0.00014331115, 0.00046530177, -0.00017867949
0.721, 0.00014331115, 0.00046530177, -0.00017867949, 0.00014331115, 10.034889, 0.00014331115, -0.0011446514, 0.00046530177, -0.00017867949
0.722, -0.0005006701, 0.00078729243, -0.00017867949, 0.00046530177, 10.034568, -0.00017867949, -0.00017867949, 0.00014331115, -0.00017867949
0.723, 0.00014331115, 0.00046530177, -0.0005006701, 0.00014331115, 10.034889, 0.00078729243, 0.00014331115, 0.00046530177, -0.0005006701
0.724, -0.00017867949, 0.00014331115, -0.00017867949, 0.00014331115, 10.035534, -0.00017867949, -0.00017867949, -0.00017867949, -0.0005006701
0.725, -0.0005006701, 0.00014331115, -0.00017867949, -0.0005006701, 10.034889, -0.0005006701, -0.00082266075, -0.00017867949, -0.0005006701
0.726, 0.00014331115, -0.00017867949, 0.00014331115, -0.00017867949, 10.035534, -0.00017867949, 0.00014331115, 0.00078729243, -0.0005006701
0.727, -0.0005006701, -0.00017867949, -0.00017867949, 0.00014331115, 10.034889, -0.0005006701, -0.00017867949, -0.00017867949, -0.0005006701
0.728, -0.00017867949, 0.00046530177, 0.00014331115, -0.00017867949, 10.036178, 0.00014331115, -0.00017867949, 0.00046530177, -0.00017867949
0.729, -0.0005006701, 0.00046530177, 0.00014331115, -0.00017867949, 10.035534, -0.00017867949, -0.0005006701, 0.00046530177, -0.00082266075
0.73, -0.00017867949, 0.00014331115, 0.00046530177, -0.00017867949, 10.035855, -0.00017867949, -0.00082266075, 0.00046530177, -0.00017867949
0.731, -0.0005006701, 0.00046530177, -0.0005006701, 0.00014331115, 10.035534, -0.00017867949, -0.00082266075, 0.00046530177, -0.00017867949
0.732, -0.0005006701, 0.00014331115, -0.00017867949, -0.00017867949, 10.035534, 0.00014331115, -0.0005006701, 0.00014331115, -0.00017867949
0.733, -0.00017867949, 0.00046530177, -0.0005006701, 0.00014331115, 10.035212, 0.00014331115, 0.00014331115, 0.00046530177, -0.0005006701
0.734, -0.00017867949, -0.00017867949, -0.00017867949, 0.00046530177, 10.0342455, 0.00014331115, -0.00082266075, 0.00046530177, -0.0005006701
0.735, 0.00014331115, 0.00014331115, -0.00017867949, -0.00017867949, 10.036178, 0.00014331115, -0.00082266075, 0.00014331115, -0.0005006701
0.736, 0.00078729243, 0.00014331115, -0.00082266075, -0.00017867949, 10.034889, 0.00014331115, 0.00014331115, 0.00014331115, 0.00014331115
0.737, 0.00014331115, 0.00046530177, -0.00017867949, -0.00017867949, 10.0342455, -0.0005006701, -0.00017867949, 0.00014331115, -0.00017867949
0.738, 0.00014331115, 0.00014331115, -0.00017867949, 0.00014331115, 10.033924, -0.00017867949, -0.0005006701, 0.00078729243, 0.00014331115
0.739, -0.0005006701, -0.0005006701, 0.00014331115, 0.00014331115, 10.034568, -0.00017867949, -0.00017867949, 0.00014331115, 0.00014331115
0.74, -0.0005006701, 0.00014331115, 0.00014331115, 0.00046530177, 10.035855, 0.00014331115, -0.00017867949, 0.00046530177, 0.00014331115
0.741, 0.00014331115, 0.00046530177, -0.0005006701, 0.00014331115, 10.035855, -0.00017867949, -0.00082266075, 0.00014331115, 0.00014331115
0.742, 0.00046530177, 0.00014331115, -0.00017867949, 0.00046530177, 10.036821, 0.00014331115, 0.00014331115, 0.00046530177, -0.0005006701
0.743, -0.0005006701, 0.00046530177, -0.0005006701, -0.00017867949, 10.035212, 0.00014331115, -0.00017867949, 0.00046530177, -0.00082266075
0.744, 0.00014331115, 0.00046530177, 0.00014331115, -0.0005006701, 10.034568, 0.00014331115, -0.00017867949, -0.00017867949, 0.00046530177
0.745, 0.00014331115, -0.00017867949, 0.00014331115, 0.00014331115, 10.033924, 0.00046530177, -0.0005006701, 0.00014331115, -0.00017867949
0.746, -0.00017867949, 0.00046530177, 0.00014331115, 0.00014331115, 10.034568, 0.00046530177, 0.00014331115, -0.00017867949, 0.00014331115
0.747, -0.0005006701, 0.00014331115, 0.00014331115, -0.00017867949, 10.034568, 0.00046530177, -0.00017867949, 0.00046530177, -0.00017867949
0.748, -0.00017867949, 0.00046530177, 0.00046530177, 0.00046530177, 10.034889, 0.00046530177, -0.00082266075, 0.00046530177, -0.00017867949
0.749, -0.00017867949, 0.00046530177, -0.00017867949, 0.00046530177, 10.034568, -0.0005006701, 0.00046530177, 0.00046530177, -0.0005006701
0.75, -0.0005006701, 0.00014331115, -0.00017867949, -0.00017867949, 10.035212, 0.00046530177, -0.00017867949, 0.00014331115, 0.00014331115
0.751, -0.00017867949, -0.00017867949, -0.0005006701, 0.00014331115, 10.035534, 0.00014331115, -0.00017867949, 0.00046530177, 0.00014331115
0.752, -0.00017867949, 0.00014331115, 0.00014331115, 0.00046530177, 10.035212, -0.0005006701, -0.0005006701, 0.00046530177, 0.00014331115
0.753, -0.00017867949, 0.00046530177, 0.00014331115, 0.00046530177, 10.035212, 0.00014331115, -0.0005006701, 0.00046530177, -0.00082266075
0.754, 0.00046530177, 0.00014331115, -0.0005006701, -0.0005006701, 10.033924, 0.00014331115, 0.00014331115, 0.00014331115, -0.00017867949
0.755, 0.00046530177, -0.00017867949, 0.00046530177, -0.00017867949, 10.035855, -0.00017867949, -0.00017867949, 0.00014331115, -0.00017867949
0.756, 0.00014331115, -0.00017867949, -0.0005006701, 0.00046530177, 10.035855, -0.00017867949, -0.0005006701, 0.00046530177, -0.0005006701
0.757, -0.00017867949, 0.00014331115, 0.00046530177, 0.00014331115, 10.0342455, -0.00017867949, -0.00017867949, 0.00046530177, 0.00046530177
0.758, 0.00014331115, 0.00046530177, -0.0005006701, -0.00017867949, 10.035212, 0.00046530177, 0.00014331115, -0.0005006701, 0.00014331115
0.759, -0.00017867949, 0.00046530177, -0.0005006701, -0.0005006701, 10.034889, 0.00014331115, -0.00017867949, 0.00014331115, 0.00014331115
0.76, 0.00014331115, -0.00017867949, 0.00014331115, 0.00014331115, 10.0365, -0.00017867949, -0.0005006701, 0.00078729243, -0.00082266075
0.761, -0.00017867949, 0.00046530177, 0.00014331115, -0.00017867949, 10.0342455, 0.00046530177, -0.0005006701, 0.00014331115, -0.00082266075
0.762, -0.00017867949, 0.00046530177, -0.00082266075, 0.00014331115, 10.035212, 0.00046530177, 0.00014331115, -0.00017867949, -0.0005006701
0.763, 0.00014331115, 0.00014331115, -0.0005006701, 0.00014331115, 10.035855, 0.00014331115, -0.0005006701, -0.00017867949, -0.00017867949
0.764, 0.00046530177, 0.00046530177, -0.0005006701, -0.00017867949, 10.035855, -0.00017867949, 0.00014331115, 0.00046530177, 0.00014331115
0.765, 0.00014331115, -0.00017867949, -0.00017867949, 0.00078729243, 10.035534, 0.00046530177, -0.0005006701, 0.00046530177, -0.0005006701
0.766, -0.00082266075, -0.0005006701, -0.00017867949, 0.00014331115, 10.033602, 0.00078729243, -0.00017867949, 0.00078729243, -0.00017867949
0.767, 0.00014331115, 0.00014331115, 0.00014331115, -0.00017867949, 10.035212, 0.00014331115, -0.00082266075, 0.00046530177, 0.00014331115
0.768, 0.00046530177, 0.00014331115, -0.0005006701, -0.0005006701, 10.0342455, -0.0005006701, -0.00017867949, 0.00014331115, -0.00017867949
0.769, 0.00014331115, 0.00046530177, 0.00046530177, 0.00078729243, 10.035855, -0.00017867949, -0.00082266075, 0.00046530177, -0.0005006701
0.77, -0.0005006701, 0.00046530177, -0.00017867949, -0.00017867949, 10.0342455, 0.00014331115, -0.0005006701, 0.00014331115, -0.00017867949
0.771, 0.00014331115, 0.00014331115, -0.0005006701, -0.0005006701, 10.035855, 0.00014331115, -0.0005006701, 0.00014331115, -0.00017867949
0.772, -0.00017867949, 0.00046530177, -0.00017867949, 0.00014331115, 10.035212, 0.00046530177, -0.00017867949, -0.00017867949, -0.00017867949
0.773, -0.00082266075, 0.00014331115, -0.0005006701, -0.00082266075, 10.034889, 0.00014331115, -0.00017867949, -0.00017867949, -0.0005006701
0.774, -0.0005006701, 0.00046530177, -0.00017867949, 0.00078729243, 10.034568, -0.00017867949, -0.00017867949, -0.00017867949, -0.00082266075
0.775, 0.00014331115, -0.00017867949, -0.00017867949, 0.00014331115, 10.035212, 0.00046530177, -0.00082266075, -0.00017867949, -0.00017867949
0.776, -0.00082266075, -0.0005006701, 0.00014331115, 0.00014331115, 10.034568, -0.00017867949, -0.0005006701, -0.00017867949, -0.0005006701
0.777, -0.0005006701, 0.00078729243, 0.00014331115, -0.00017867949, 10.033602, -0.00017867949, -0.00017867949, 0.00046530177, 0.00014331115
0.778, 0.00014331115, 0.00014331115, 0.00046530177, 0.00014331115, 10.034889, 0.00014331115, -0.00017867949, 0.00046530177, 0.00014331115
0.779, -0.00017867949, 0.00014331115, 0.00046530177, 0.00014331115, 10.033924, 0.00014331115, 0.00014331115, 0.00046530177, -0.00017867949
0.78, 0.00014331115, 0.00046530177, 0.00014331115, -0.00017867949, 10.035534, 0.00014331115, 0.00014331115, 0.00014331115, 0.00014331115
0.781, -0.0005006701, -0.00017867949, -0.00017867949, 0.00046530177, 10.035212, -0.00017867949, -0.00017867949, 0.00014331115, -0.0005006701
0.782, -0.00017867949, -0.00017867949, 0.00014331115, 0.00014331115, 10.035534, 0.00046530177, 0.00014331115, 0.00046530177, -0.00017867949
0.783, -0.00082266075, 0.00014331115, 0.00046530177, -0.00017867949, 10.035534, 0.00046530177, 0.00014331115, 0.00014331115, -0.00082266075
0.784, 0.00046530177, 0.00078729243, -0.0005006701, -0.00017867949, 10.034889, 0.00046530177, -0.00017867949, 0.00014331115, 0.00014331115
0.785, -0.00082266075, 0.00014331115, 0.00014331115, 0.00014331115, 10.035534, 0.00046530177, 0.00014331115, 0.00014331115, -0.00082266075
0.786, -0.00017867949, 0.00014331115, 0.00014331115, 0.00014331115, 10.034889, -0.00017867949, 0.00014331115, 0.00046530177, -0.0005006701
0.787, 0.00014331115, -0.00017867949, 0.00046530177, 0.00014331115, 10.034889, 0.00046530177, -0.00017867949, 0.00014331115, 0.00014331115
0.788, 0.00014331115, 0.00014331115, -0.00017867949, 0.00046530177, 10.033924, 0.00014331115, 0.00046530177, -0.00017867949, -0.0005006701
0.789, -0.00017867949, -0.00017867949, -0.00017867949, -0.00017867949, 10.034568, 0.00046530177, -0.00017867949, 0.00046530177, -0.00082266075
0.79, -0.00082266075, 0.00046530177, -0.00017867949, -0.0005006701, 10.033924, 0.00014331115, -0.00017867949, 0.00046530177, 0.00014331115
0.791, -0.0005006701, -0.00017867949, -0.00082266075, 0.00014331115, 10.0342455, -0.00017867949, 0.00014331115, 0.00014331115, -0.00017867949
0.792, -0.00017867949, 0.00014331115, -0.0005006701, -0.00017867949, 10.0342455, -0.0005006701, 0.00014331115, 0.00014331115, -0.0005006701
0.793, -0.00017867949, 0.00014331115, -0.00017867949, -0.00017867949, 10.0342455, -0.00017867949, -0.00082266075, 0.00046530177, -0.0005006701
0.794, 0.00078729243, 0.00046530177, 0.00014331115, 0.00046530177, 10.034889, -0.00017867949, -0.00017867949, 0.00014331115, -0.0005006701
0.795, -0.00017867949, 0.00078729243, -0.0005006701, -0.00017867949, 10.0342455, 0.00014331115, -0.00017867949, -0.00017867949, -0.00082266075
0.796, 0.00014331115, 0.00014331115, 0.00014331115, 0.00014331115, 10.035212, 0.00046530177, -0.00017867949, 0.00046530177, -0.00082266075
0.797, 0.00046530177, -0.0005006701, 0.00014331115, 0.00046530177, 10.034568, 0.00014331115, -0.00017867949, 0.00046530177, -0.00082266075
0.798, 0.00014331115, 0.00014331115, 0.00014331115, -0.0005006701, 10.035212, 0.00014331115, -0.00017867949, 0.00078729243, -0.0005006701
0.799, 0.00014331115, 0.00014331115, 0.00046530177, -0.0005006701, 10.034568, 0.00014331115, 0.00046530177, 0.00046530177, -0.00017867949
0.8, -0.0005006701, -0.00017867949, 0.00014331115, -0.00017867949, 10.034568, -0.00082266075, 0.00014331115, 0.00046530177, -0.0005006701
0.801, 0.00014331115, 0.00046530177, 0.00014331115, 0.00014331115, 10.034889, 0.00014331115, -0.00017867949, 0.00014331115, 0.00014331115
0.802, -0.00017867949, 0.00014331115, 0.00046530177, -0.00017867949, 10.035212, -0.0005006701, -0.00017867949, 0.00014331115, 0.00014331115
0.803, -0.00017867949, 0.00014331115, -0.00017867949, -0.00017867949, 10.036178, -0.00017867949, -0.00017867949, 0.00014331115, -0.00082266075
0.804, 0.00014331115, 0.00014331115, 0.00014331115, -0.00017867949, 10.0342455, 0.00014331115, 0.00014331115, 0.00014331115, -0.00017867949
0.805, 0.00014331115, 0.00046530177, -0.0005006701, -0.00017867949, 10.036178, -0.00017867949, -0.00017867949, 0.00014331115, -0.00017867949
0.806, -0.00017867949, 0.00014331115, 0.00046530177, 0.00014331115, 10.034889, 0.00046530177, 0.00014331115, 0.00046530177, -0.0005006701
0.807, 0.00014331115, 0.00046530177, 0.00014331115, -0.00017867949, 10.036178, -0.00017867949, -0.00017867949, 0.00014331115, -0.0005006701
0.808, -0.00017867949, 0.00046530177, -0.00017867949, -0.0005006701, 10.036178, 0.00014331115, -0.00017867949, -0.0005006701, -0.00017867949
0.809, -0.0005006701, -0.00017867949, 0.00046530177, -0.00017867949, 10.035855, -0.00017867949, 0.00014331115, 0.00046530177, -0.00017867949
0.81, -0.00017867949, -0.00017867949, 0.00046530177, -0.00017867949, 10.035212, 0.00014331115, 0.00014331115, 0.00046530177, -0.00017867949
0.811, -0.00017867949, -0.00017867949, 0.00014331115, -0.00017867949, 10.034568, -0.0005006701, -0.00017867949, 0.00078729243, -0.00082266075
0.812, -0.0005006701, -0.00017867949, 0.00014331115, 0.00014331115, 10.035534, 0.00046530177, 0.00014331115, 0.00014331115, -0.0005006701
0.8130000000000001, -0.0005006701, -0.00017867949, -0.00017867949, -0.0005006701, 10.034889, 0.00046530177, 0.00014331115, 0.00014331115, -0.00017867949
0.8140000000000001, -0.00082266075, 0.00014331115, 0.00046530177, 0.00014331115, 10.035855, 0.00014331115, 0.00014331115, 0.00046530177, -0.00017867949
0.8150000000000001, 0.00014331115, 0.00014331115, 0.00014331115, 0.00014331115, 10.035212, -0.00017867949, -0.0005006701, 0.00014331115, -0.00082266075
0.8160000000000001, -0.00017867949, 0.00078729243, 0.00014331115, -0.00017867949, 10.035212, 0.00014331115, -0.00017867949, -0.0005006701, -0.0005006701
0.8170000000000001, 0.00078729243, -0.00017867949, 0.00046530177, -0.00017867949, 10.035212, 0.00078729243, -0.00082266075, 0.00014331115, -0.00082266075
0.8180000000000001, -0.0005006701, 0.00046530177, 0.00046530177, -0.00017867949, 10.033924, -0.00017867949, 0.00014331115, -0.0005006701, 0.00014331115
0.8190000000000001, 0.00014331115, 0.00014331115, -0.00017867949, 0.00046530177, 10.035212, -0.00017867949, 0.00046530177, 0.00014331115, -0.0005006701
0.8200000000000001, 0.00014331115, 0.00078729243, -0.00017867949, 0.00046530177, 10.034568, -0.00017867949, -0.00017867949, 0.00014331115, -0.00017867949
0.8210000000000001, -0.00017867949, 0.00046530177, -0.0005006701, -0.0005006701, 10.035855, -0.00017867949, -0.00017867949, 0.00014331115, 0.00014331115
0.8220000000000001, -0.0005006701, -0.00017867949, -0.00017867949, 0.00014331115, 10.035534, 0.00014331115, 0.00014331115, 0.00046530177, -0.0005006701
0.8230000000000001, 0.00014331115, -0.00017867949, -0.0005006701, -0.00017867949, 10.035855, 0.00014331115, -0.00082266075, 0.00046530177, 0.00014331115
0.8240000000000001, -0.00017867949, -0.00017867949, 0.00014331115, -0.00017867949, 10.034889, 0.00046530177, -0.00017867949, -0.00017867949, 0.00014331115
0.8250000000000001, 0.00014331115, 0.00014331115, -0.00017867949, -0.00017867949, 10.035212, 0.00014331115, -0.00017867949, 0.00078729243, -0.00017867949
0.8260000000000001, -0.00017867949, -0.00017867949, -0.00017867949, -0.00017867949, 10.035212, -0.00017867949, -0.0005006701, 0.00014331115, -0.0005006701
0.8270000000000001, -0.00017867949, -0.00017867949, 0.00046530177, 0.00046530177, 10.035855, -0.0005006701, -0.00017867949, -0.00017867949, -0.00017867949
0.8280000000000001, -0.00017867949, 0.00014331115, -0.00017867949, -0.00082266075, 10.0365, -0.00017867949, -0.00082266075, 0.00078729243, -0.0005006701
0.8290000000000001, -0.00017867949, -0.00017867949, 0.00014331115, 0.00046530177, 10.035212, 0.00014331115, 0.00014331115, 0.00014331115, -0.00017867949
0.8300000000000001, -0.00082266075, 0.00014331115, -0.00017867949, 0.00014331115, 10.035855, -0.00017867949, -0.00017867949, -0.00017867949, -0.00017867949
0.8310000000000001, -0.00017867949, 0.00046530177, 0.00014331115, 0.00014331115, 10.035855, 0.00014331115, -0.0005006701, 0.00046530177, -0.00017867949
0.8320000000000001, 0.00046530177, 0.00014331115, -0.00017867949, -0.00017867949, 10.034889, 0.00014331115, 0.00014331115, -0.00017867949, -0.00017867949
0.833, -0.00017867949, -0.00017867949, 0.00014331115, 0.00014331115, 10.034568, 0.00014331115, -0.0005006701, 0.00046530177, -0.0005006701
0.834, 0.00014331115, -0.00017867949, 0.00014331115, 0.00014331115, 10.0342455, 0.00014331115, -0.00017867949, 0.00046530177, 0.00014331115
0.835, 0.00046530177, 0.00014331115, 0.00014331115, -0.0005006701, 10.033924, 0.00014331115, -0.0005006701, 0.00046530177, -0.00017867949
0.836, -0.00017867949, 0.00046530177, -0.0005006701, 0.00014331115, 10.033924, -0.00017867949, 0.00014331115, -0.00017867949, 0.00014331115
0.837, 0.00014331115, 0.00014331115, 0.00014331115, 0.00014331115, 10.034568, 0.00046530177, -0.00017867949, 0.00046530177, 0.00014331115
0.838, 0.00046530177, 0.00046530177, -0.00017867949, 0.00014331115, 10.034568, -0.00017867949, 0.00014331115, 0.00014331115, 0.00014331115
0.839, 0.00046530177, 0.00046530177, -0.00017867949, -0.00017867949, 10.035534, 0.00046530177, -0.00017867949, 0.00014331115, -0.0005006701
0.84, 0.00046530177, 0.00078729243, -0.00017867949, 0.00046530177, 10.035212, 0.00014331115, 0.00014331115, 0.0011092831, -0.00017867949
0.841, -0.0005006701, 0.00014331115, -0.00017867949, -0.00017867949, 10.035534, 0.00014331115, 0.00014331115, 0.00014331115, -0.00017867949
0.842, 0.00014331115, 0.00046530177, -0.00017867949, -0.00017867949, 10.035534, 0.00014331115, -0.00017867949, -0.00017867949, -0.0005006701
0.843, -0.00017867949, 0.00014331115, 0.00014331115, -0.0005006701, 10.035212, -0.00017867949, 0.00046530177, 0.00046530177, -0.00017867949
0.844, -0.0005006701, 0.00046530177, 0.00014331115, 0.00046530177, 10.035534, 0.00014331115, -0.0005006701, -0.00017867949, -0.00082266075
0.845, -0.00017867949, -0.00017867949, 0.00046530177, -0.0005006701, 10.034889, 0.00014331115, -0.0005006701, 0.00014331115, -0.0005006701
0.846, -0.0005006701, -0.00017867949, -0.00017867949, -0.00017867949, 10.035212, 0.00014331115, -0.00082266075, -0.00017867949, -0.00017867949
0.847, 0.00014331115, -0.0005006701, -0.0005006701, 0.00014331115, 10.033924, 0.00046530177, -0.00017867949, 0.00078729243, -0.0005006701
0.848, -0.00082266075, 0.00046530177, 0.00046530177, -0.0005006701, 10.034889, 0.00014331115, -0.00017867949, 0.00046530177, -0.00017867949
0.849, -0.0005006701, 0.00014331115, 0.00014331115, -0.00017867949, 10.033924, -0.00017867949, -0.00017867949, 0.00046530177, 0.00014331115
0.85, -0.00017867949, 0.00014331115, -0.00017867949, 0.00014331115, 10.034889, -0.0005006701, -0.00017867949, 0.00046530177, -0.00017867949
0.851, -0.00017867949, 0.00014331115, -0.0005006701, -0.00017867949, 10.035534, 0.00014331115, -0.0005006701, -0.00017867949, -0.0005006701
0.852, -0.00017867949, 0.00078729243, 0.00014331115, -0.00082266075, 10.034889, -0.00017867949, -0.00017867949, 0.00078729243, 0.00014331115
0.853, -0.0005006701, -0.00082266075, 0.00014331115, 0.00014331115, 10.035212, 0.00014331115, 0.00014331115, 0.00046530177, -0.0005006701
0.854, -0.00017867949, -0.0005006701, 0.00046530177, -0.00017867949, 10.034568, 0.00046530177, -0.00082266075, 0.00078729243, -0.0005006701
0.855, -0.00017867949, 0.00014331115, -0.0005006701, 0.00014331115, 10.033924, 0.00046530177, -0.0005006701, 0.00014331115, -0.00017867949
0.856, 0.00046530177, 0.00014331115, 0.00046530177, -0.0005006701, 10.034889, -0.00017867949, -0.00082266075, 0.00046530177, -0.00017867949
0.857, -0.00017867949, 0.00078729243, -0.00017867949, 0.00014331115, 10.035212, 0.00014331115, 0.00014331115, 0.00014331115, -0.0005006701
0.858, 0.00014331115, 0.00014331115, 0.00014331115, 0.00046530177, 10.034889, 0.00078729243, -0.0005006701, 0.00014331115, -0.00082266075
0.859, 0.00046530177, 0.00046530177, 0.00014331115, -0.00017867949, 10.034889, 0.00014331115, -0.00017867949, -0.00017867949, -0.00017867949
0.86, 0.00046530177, 0.00046530177, -0.00017867949, -0.00017867949, 10.034889, -0.00017867949, -0.00017867949, 0.00046530177, 0.00014331115
0.861, 0.00014331115, 0.00014331115, -0.00017867949, 0.00046530177, 10.035855, 0.00046530177, -0.00017867949, -0.00017867949, -0.00017867949
0.862, -0.0005006701, 0.00078729243, 0.00014331115, -0.00017867949, 10.035855, 0.00014331115, -0.0005006701, 0.00014331115, -0.0005006701
0.863, -0.0005006701, 0.00078729243, -0.00017867949, 0.00046530177, 10.035855, 0.00014331115, -0.0005006701, 0.00078729243, -0.00082266075
0.864, -0.00017867949, 0.00014331115, 0.00046530177, -0.00017867949, 10.0365, 0.00014331115, -0.0005006701, 0.00078729243, -0.0005006701
0.865, -0.00017867949, 0.00014331115, -0.00017867949, -0.0005006701, 10.0342455, -0.00017867949, -0.00017867949, 0.00014331115, 0.00046530177
0.866, -0.00017867949, 0.00014331115, 0.00014331115, 0.00014331115, 10.035534, -0.00017867949, -0.00082266075, 0.00014331115, -0.00017867949
0.867, 0.00014331115, 0.00014331115, -0.0005006701, -0.00017867949, 10.034889, 0.00014331115, -0.00017867949, 0.00046530177, -0.0005006701
0.868, -0.00017867949, -0.0005006701, -0.00017867949, 0.00014331115, 10.035212, -0.00017867949, 0.00014331115, 0.00078729243, -0.00082266075
0.869, -0.0005006701, 0.00014331115, 0.00014331115, 0.00014331115, 10.034889, 0.00014331115, -0.00017867949, 0.00078729243, -0.00017867949
0.87, -0.0005006701, 0.00014331115, 0.00046530177, -0.00017867949, 10.0342455, -0.00017867949, -0.0005006701, 0.00014331115, 0.00014331115
0.871, 0.00046530177, 0.00078729243, 0.00014331115, -0.00017867949, 10.035855, -0.00017867949, -0.0005006701, 0.00046530177, 0.00014331115
0.872, -0.00017867949, 0.00014331115, 0.00014331115, -0.00017867949, 10.035212, -0.00017867949, 0.00014331115, 0.0011092831, -0.00017867949
0.873, -0.00017867949, 0.00014331115, 0.00014331115, -0.00017867949, 10.036178, -0.00017867949, -0.0005006701, 0.00046530177, 0.00014331115
0.874, -0.00017867949, 0.00046530177, 0.00014331115, 0.00046530177, 10.034889, -0.00017867949, -0.00017867949, 0.00078729243, -0.00017867949
0.875, -0.0005006701, 0.00046530177, -0.0005006701, 0.00014331115, 10.034889, 0.00046530177, 0.00014331115, 0.0011092831, 0.00014331115
0.876, 0.00046530177, 0.00014331115, 0.00014331115, 0.00014331115, 10.034889, 0.00014331115, -0.00017867949, -0.0005006701, -0.0005006701
0.877, 0.00014331115, 0.00046530177, 0.00014331115, 0.00014331115, 10.035212, 0.00014331115, -0.00082266075, 0.00014331115, -0.00082266075
0.878, -0.0005006701, 0.00014331115, -0.0005006701, 0.00046530177, 10.035534, 0.00014331115, -0.0005006701, -0.00017867949, -0.00082266075
0.879, -0.00017867949, 0.00046530177, 0.00014331115, -0.0005006701, 10.035212, -0.00017867949, -0.0005006701, -0.00017867949, 0.00014331115
0.88, -0.00017867949, 0.00014331115, 0.00014331115, -0.00017867949, 10.034889, 0.00014331115, -0.00017867949, -0.00017867949, -0.00082266075
0.881, -0.00017867949, 0.00046530177, -0.00017867949, -0.00017867949, 10.033602, -0.0005006701, -0.00017867949, 0.00014331115, -0.0005006701
0.882, 0.00014331115, 0.00078729243, -0.00017867949, -0.00017867949, 10.035212, -0.00017867949, -0.00082266075, -0.00017867949, -0.00017867949
0.883, -0.00017867949, 0.00014331115, -0.0005006701, -0.00017867949, 10.034889, -0.00017867949, -0.00017867949, 0.00046530177, -0.00017867949
0.884, -0.00017867949, 0.00014331115, 0.00046530177, -0.00017867949, 10.035534, -0.00017867949, -0.00017867949, 0.00046530177, -0.0005006701
0.885, -0.00017867949, 0.00046530177, 0.00014331115, 0.00014331115, 10.036178, 0.00014331115, -0.00017867949, 0.00014331115, 0.00014331115
0.886, 0.00046530177, 0.00014331115, -0.00017867949, 0.00046530177, 10.035212, 0.00046530177, -0.0005006701, 0.00046530177, -0.00017867949
0.887, -0.00017867949, -0.00017867949, -0.0005006701, -0.00082266075, 10.036178, 0.00046530177, -0.00017867949, 0.00014331115, -0.0005006701
0.888, -0.00017867949, -0.00017867949, 0.00014331115, -0.00017867949, 10.034889, -0.00017867949, -0.00017867949, 0.00014331115, -0.0011446514
0.889, -0.0005006701, 0.00014331115, 0.00014331115, -0.0005006701, 10.035212, -0.0005006701, -0.0005006701, -0.00017867949, -0.0005006701
0.89, 0.00014331115, -0.00017867949, -0.00017867949, 0.00046530177, 10.033924, 0.00014331115, -0.0005006701, 0.00014331115, -0.00017867949
0.891, 0.00046530177, 0.00046530177, 0.00046530177, -0.00017867949, 10.0342455, 0.00046530177, -0.0005006701, 0.00046530177, -0.0005006701
0.892, -0.00017867949, 0.00046530177, -0.00017867949, -0.0005006701, 10.033602, 0.00046530177, -0.00017867949, -0.00017867949, -0.0005006701
0.893, 0.00014331115, -0.00017867949, -0.00017867949, 0.00014331115, 10.0342455, -0.0005006701, -0.00017867949, 0.00046530177, -0.00017867949
0.894, -0.0005006701, 0.00046530177, 0.00014331115, -0.00017867949, 10.035212, -0.00017867949, 0.00078729243, -0.00017867949, -0.0005006701
0.895, -0.0005006701, 0.00046530177, 0.00046530177, 0.00014331115, 10.034889, 0.00014331115, 0.00046530177, -0.00017867949, -0.00017867949
0.896, 0.00046530177, 0.00014331115, -0.00017867949, 0.00046530177, 10.035534, 0.00014331115, -0.00017867949, 0.00046530177, -0.0005006701
0.897, 0.00014331115, 0.00046530177, -0.00017867949, -0.00017867949, 10.035212, -0.00017867949, -0.00082266075, 0.00014331115, 0.00014331115
0.898, -0.00017867949, -0.00017867949, 0.00014331115, 0.00014331115, 10.037144, 0.00046530177, -0.00017867949, 0.00014331115, -0.00017867949
0.899, -0.0005006701, 0.00014331115, 0.00014331115, -0.0005006701, 10.034889, -0.00017867949, -0.0005006701, 0.00014331115, 0.00014331115
0.9, -0.00017867949, 0.00046530177, -0.0005006701, 0.00014331115, 10.035855, -0.00017867949, -0.00017867949, -0.00017867949, -0.0005006701
0.901, 0.00014331115, 0.00078729243, 0.00046530177, 0.00014331115, 10.035212, -0.00017867949, 0.00014331115, 0.00046530177, -0.00082266075
0.902, -0.00017867949, 0.00046530177, 0.00014331115, -0.0005006701, 10.035212, 0.00046530177, -0.00082266075, 0.00046530177, -0.0005006701
0.903, -0.00017867949, 0.00014331115, -0.00017867949, 0.00014331115, 10.034568, -0.00017867949, -0.00017867949, 0.00046530177, -0.00017867949
0.904, -0.00082266075, 0.00014331115, 0.00014331115, 0.00014331115, 10.033602, -0.0005006701, -0.00082266075, 0.00046530177, -0.0005006701
0.905, 0.00046530177, 0.00014331115, -0.00017867949, -0.00017867949, 10.035212, -0.00017867949, -0.00017867949, 0.00046530177, 0.00014331115
0.906, -0.00017867949, 0.00014331115, -0.0005006701, -0.00017867949, 10.035212, 0.00046530177, 0.00014331115, -0.00017867949, -0.00017867949
0.907, -0.00082266075, 0.00014331115, -0.00017867949, -0.00017867949, 10.036821, -0.00017867949, 0.00014331115, 0.00046530177, -0.00082266075
0.908, -0.00017867949, 0.00014331115, -0.0005006701, 0.00014331115, 10.035212, 0.00014331115, 0.00046530177, 0.00014331115, -0.00082266075
0.909, 0.00046530177, 0.00046530177, 0.00014331115, 0.00046530177, 10.036178, -0.00017867949, 0.00014331115, 0.00014331115, 0.00014331115
0.91, -0.0005006701, 0.00078729243, -0.00017867949, -0.00017867949, 10.033602, -0.0005006701, -0.00017867949, 0.00046530177, -0.0005006701
0.911, -0.0005006701, 0.00014331115, -0.0005006701, -0.0005006701, 10.033924, -0.00017867949, -0.00017867949, 0.00078729243, -0.0005006701
0.912, 0.00014331115, -0.00017867949, -0.00017867949, 0.00046530177, 10.034568, -0.0005006701, -0.00017867949, 0.00014331115, -0.00017867949
0.913, -0.00017867949, 0.00014331115, -0.00017867949, 0.00014331115, 10.035212, 0.00014331115, 0.00014331115, 0.00046530177, -0.00017867949
0.914, 0.00014331115, 0.00046530177, 0.00014331115, -0.00017867949, 10.035212, -0.0005006701, -0.00017867949, 0.00046530177, -0.00017867949
0.915, 0.00014331115, 0.00014331115, -0.00017867949, -0.00082266075, 10.0342455, 0.00014331115, -0.00017867949, 0.00046530177, -0.00082266075
0.916, 0.00014331115, 0.00046530177, -0.00082266075, 0.00014331115, 10.035855, -0.0005006701, -0.00017867949, 0.00046530177, 0.00014331115
0.917, -0.0005006701, 0.00046530177, -0.0005006701, -0.00017867949, 10.034568, 0.00014331115, 0.00046530177, 0.00014331115, -0.0005006701
0.918, -0.00017867949, 0.00046530177, 0.00046530177, 0.00014331115, 10.035212, 0.00014331115, -0.0005006701, 0.00014331115, -0.0005006701
0.919, 0.00014331115, 0.00014331115, -0.00017867949, -0.00017867949, 10.035212, -0.0005006701, 0.00014331115, 0.00014331115, -0.00082266075
0.92, -0.00017867949, 0.00014331115, 0.00046530177, 0.00046530177, 10.035855, 0.00014331115, -0.00017867949, 0.00014331115, -0.00017867949
0.921, 0.00046530177, 0.00014331115, -0.00017867949, -0.0005006701, 10.035212, -0.00017867949, 0.00014331115, 0.00078729243, -0.0005006701
0.922, 0.00046530177, 0.00014331115, 0.00046530177, 0.00046530177, 10.034889, -0.0005006701, 0.00014331115, -0.00082266075, -0.0005006701
0.923, -0.00017867949, 0.00046530177, 0.00046530177, 0.00014331115, 10.034568, 0.00014331115, 0.00014331115, -0.00017867949, 0.00014331115
0.924, 0.00014331115, 0.00046530177, -0.00017867949, 0.00014331115, 10.033602, -0.00017867949, -0.00017867949, 0.00014331115, -0.0005006701
0.925, -0.00017867949, 0.00046530177, 0.00014331115, -0.0005006701, 10.035534, -0.0005006701, -0.00082266075, 0.00046530177, -0.0005006701
0.926, 0.00014331115, -0.00017867949, -0.00017867949, -0.0005006701, 10.034568, 0.00014331115, -0.0005006701, 0.00078729243, -0.00082266075
0.927, 0.00014331115, 0.00014331115, -0.00017867949, -0.0005006701, 10.035534, -0.00017867949, -0.0005006701, 0.00046530177, -0.00017867949
0.928, -0.00017867949, -0.00017867949, 0.00014331115, 0.00014331115, 10.035212, -0.00017867949, -0.0005006701, 0.00014331115, -0.00017867949
0.929, 0.00014331115, 0.00046530177, -0.0005006701, 0.00014331115, 10.035534, 0.00046530177, -0.00082266075, 0.00014331115, -0.00017867949
0.93, 0.00014331115, 0.00046530177, -0.0005006701, -0.00017867949, 10.035534, 0.00046530177, 0.00014331115, 0.00046530177, 0.00014331115
0.931, 0.00046530177, 0.00014331115, -0.00017867949, 0.00014331115, 10.035534, 0.00014331115, -0.0005006701, 0.00014331115, -0.00017867949
0.932, 0.00046530177, -0.00017867949, 0.00014331115, 0.00046530177, 10.035212, 0.00014331115, 0.00014331115, 0.00078729243, -0.00082266075
0.933, -0.0005006701, -0.0005006701, -0.00017867949, 0.00014331115, 10.034568, 0.00014331115, -0.0005006701, 0.00046530177, -0.0005006701
0.934, -0.00017867949, 0.00046530177, -0.00017867949, 0.00014331115, 10.035212, -0.00017867949, 0.00046530177, 0.00046530177, -0.00017867949
0.935, -0.00082266075, 0.00014331115, -0.0005006701, -0.00017867949, 10.033924, -0.00017867949, -0.00082266075, 0.00014331115, -0.0005006701
0.936, 0.00014331115, 0.00046530177, -0.00017867949, 0.00014331115, 10.033279, -0.00017867949, -0.0005006701, -0.00017867949, -0.0005006701
0.937, 0.00046530177, 0.00046530177, -0.00017867949, -0.0005006701, 10.034568, 0.00014331115, -0.00017867949, 0.00014331115, 0.00046530177
0.9380000000000001, -0.0005006701, 0.00046530177, 0.00046530177, -0.00017867949, 10.036178, -0.00017867949, -0.0005006701, -0.00017867949, -0.0005006701
0.9390000000000001, -0.00017867949, 0.00046530177, 0.00014331115, 0.00046530177, 10.0365, 0.00046530177, 0.00046530177, 0.00014331115, -0.00017867949
0.9400000000000001, -0.00017867949, 0.00014331115, 0.00014331115, 0.00014331115, 10.035855, 0.00014331115, -0.00017867949, 0.00014331115, -0.0005006701
0.9410000000000001, -0.0005006701, 0.00078729243, -0.0005006701, 0.00046530177, 10.036178, -0.0005006701, 0.00014331115, -0.0005006701, -0.0005006701
0.9420000000000001, -0.00017867949, 0.00014331115, -0.0005006701, 0.00014331115, 10.034889, -0.00017867949, 0.00014331115, 0.00046530177, -0.0005006701
0.9430000000000001, 0.00046530177, 0.00046530177, 0.00014331115, 0.00014331115, 10.0342455, 0.00014331115, 0.00014331115, 0.00014331115, -0.00017867949
0.9440000000000001, -0.00082266075, 0.00046530177, 0.00014331115, 0.00014331115, 10.0342455, -0.00017867949, -0.00017867949, 0.00014331115, -0.00017867949
0.9450000000000001, -0.0005006701, -0.00017867949, -0.00017867949, -0.0005006701, 10.035855, -0.00017867949, -0.00017867949, -0.00017867949, -0.00017867949
0.9460000000000001, -0.00017867949, 0.00046530177, -0.0005006701, -0.0005006701, 10.034889, -0.00017867949, 0.00014331115, 0.00046530177, -0.0005006701
0.9470000000000001, 0.00014331115, 0.00078729243, 0.00014331115, 0.00014331115, 10.034568, -0.00017867949, -0.00017867949, 0.00046530177, -0.0005006701
0.9480000000000001, -0.00017867949, 0.00014331115, -0.00017867949, 0.00014331115, 10.035534, -0.00017867949, -0.00082266075, 0.00014331115, -0.0005006701
0.9490000000000001, -0.0005006701, 0.00014331115, -0.00017867949, -0.0005006701, 10.034889, -0.00017867949, -0.0005006701, 0.00046530177, 0.00014331115
0.9500000000000001, -0.00017867949, 0.00046530177, 0.00014331115, -0.00017867949, 10.034889, 0.00014331115, -0.0005006701, 0.00046530177, -0.00017867949
0.9510000000000001, -0.00017867949, 0.00014331115, 0.00014331115, 0.00014331115, 10.033602, -0.0005006701, -0.00017867949, 0.00046530177, -0.0005006701
0.9520000000000001, 0.00046530177, 0.00014331115, -0.00017867949, 0.00046530177, 10.035212, -0.00017867949, -0.0005006701, -0.0005006701, -0.00017867949
0.9530000000000001, 0.00046530177, 0.00014331115, -0.0005006701, 0.00014331115, 10.035212, 0.00014331115, -0.00017867949, 0.00014331115, 0.00014331115
0.9540000000000001, 0.00014331115, 0.00014331115, 0.00014331115, 0.00046530177, 10.035534, -0.00017867949, 0.00014331115, 0.00014331115, -0.00017867949
0.9550000000000001, 0.00014331115, 0.00014331115, 0.00046530177, -0.0005006701, 10.035534, 0.00046530177, -0.00017867949, 0.00014331115, -0.00017867949
0.9560000000000001, 0.00014331115, 0.00046530177, 0.00014331115, 0.00014331115, 10.034568, 0.00014331115, -0.0005006701, 0.0011092831, -0.0005006701
0.9570000000000001, -0.00017867949, 0.00078729243, 0.00046530177, 0.00046530177, 10.0342455, 0.00046530177, -0.00017867949, 0.00046530177, -0.0005006701
0.9580000000000001, 0.00046530177, 0.00046530177, 0.00046530177, 0.00046530177, 10.035212, 0.00046530177, -0.00017867949, -0.00017867949, -0.0005006701
0.9590000000000001, -0.0005006701, -0.0005006701, 0.00046530177, 0.00014331115, 10.035212, 0.00046530177, -0.00017867949, 0.00046530177, -0.0005006701
0.96, -0.00017867949, 0.00014331115, 0.00014331115, 0.00014331115, 10.034889, 0.00014331115, -0.0005006701, 0.00014331115, -0.00017867949
0.961, 0.00014331115, 0.00014331115, 0.00014331115, 0.00046530177, 10.035855, -0.00017867949, -0.00017867949, -0.00017867949, -0.00017867949
0.962, 0.00014331115, 0.00014331115, 0.00014331115, -0.00017867949, 10.034568, 0.00014331115, -0.00017867949, -0.00017867949, -0.00082266075
0.963, -0.00017867949, 0.00078729243, 0.00078729243, 0.00078729243, 10.034889, -0.00017867949, -0.00017867949, 0.00046530177, -0.00017867949
0.964, -0.0005006701, 0.00046530177, 0.00014331115, -0.00017867949, 10.035534, -0.00017867949, 0.00014331115, 0.00014331115, -0.00082266075
0.965, -0.00017867949, 0.00014331115, 0.00014331115, -0.00017867949, 10.035534, 0.00014331115, 0.00014331115, 0.00078729243, -0.00017867949
0.966, 0.00014331115, 0.00014331115, -0.00017867949, -0.0005006701, 10.034889, 0.00014331115, -0.00017867949, 0.00046530177, -0.0005006701
0.967, -0.00017867949, -0.00017867949, -0.00017867949, 0.00046530177, 10.033602, 0.00046530177, 0.00014331115, 0.00078729243, -0.00017867949
0.968, -0.0005006701, -0.0005006701, 0.00014331115, 0.00014331115, 10.034889, 0.00046530177, -0.00017867949, -0.00017867949, -0.00017867949
0.969, -0.00017867949, -0.00017867949, 0.00014331115, 0.00046530177, 10.033924, -0.00017867949, -0.00017867949, 0.00078729243, 0.00014331115
0.97, 0.00014331115, 0.00014331115, -0.00017867949, 0.00014331115, 10.033924, 0.00014331115, -0.00017867949, 0.00014331115, -0.00017867949
0.971, 0.00014331115, -0.00017867949, 0.00014331115, 0.00014331115, 10.034568, 0.00014331115, -0.0005006701, 0.00078729243, -0.0005006701
0.972, -0.0005006701, 0.00046530177, -0.00017867949, -0.00017867949, 10.035212, 0.00014331115, 0.00014331115, 0.00046530177, 0.00014331115
0.973, 0.00014331115, 0.00046530177, -0.00017867949, 0.00046530177, 10.035212, 0.00014331115, 0.00014331115, 0.00014331115, -0.00017867949
0.974, 0.00014331115, 0.00014331115, -0.00017867949, 0.00046530177, 10.035534, -0.00017867949, -0.0005006701, 0.00046530177, -0.0005006701
0.975, 0.00014331115, -0.00017867949, 0.00014331115, 0.00046530177, 10.0365, -0.00017867949, -0.0005006701, 0.00046530177, 0.00014331115
0.976, -0.00017867949, 0.00046530177, 0.00014331115, -0.00017867949, 10.034889, -0.0005006701, -0.00017867949, 0.00046530177, 0.00014331115
0.977, 0.00014331115, -0.00017867949, -0.0005006701, 0.00014331115, 10.034889, -0.00017867949, -0.00017867949, 0.00078729243, 0.00014331115
0.978, 0.00014331115, 0.00046530177, -0.00017867949, 0.00046530177, 10.034889, 0.00046530177, 0.00014331115, 0.00046530177, -0.0005006701
0.979, 0.00014331115, -0.00017867949, -0.00017867949, 0.00046530177, 10.035212, -0.00017867949, -0.00017867949, -0.00017867949, -0.00082266075
0.98, 0.00014331115, 0.00014331115, 0.00046530177, -0.00017867949, 10.035212, -0.00017867949, 0.00014331115, 0.00046530177, 0.00014331115
0.981, -0.00017867949, 0.00046530177, -0.00017867949, 0.00014331115, 10.033924, 0.00014331115, 0.00014331115, -0.00017867949, -0.0005006701
0.982, 0.00014331115, 0.00014331115, 0.00014331115, 0.00078729243, 10.034889, -0.00017867949, -0.0005006701, 0.00046530177, -0.00017867949
0.983, -0.00017867949, 0.00078729243, -0.0005006701, -0.00082266075, 10.034568, -0.00017867949, 0.00014331115, 0.00014331115, -0.00017867949
0.984, 0.00046530177, 0.00014331115, -0.00017867949, 0.00014331115, 10.036821, 0.00014331115, -0.00017867949, 0.00046530177, -0.0005006701
0.985, 0.00078729243, -0.00017867949, 0.00014331115, 0.00078729243, 10.035212, 0.00014331115, 0.00046530177, -0.00017867949, 0.00014331115
0.986, -0.00017867949, 0.00014331115, 0.00014331115, 0.00014331115, 10.0365, -0.00017867949, -0.00017867949, 0.00014331115, -0.00017867949
0.987, -0.0005006701, -0.00017867949, -0.00017867949, -0.00017867949, 10.0342455, 0.00014331115, -0.00017867949, 0.00046530177, -0.00017867949
0.988, 0.00046530177, 0.00014331115, 0.00014331115, -0.00017867949, 10.035212, 0.00046530177, 0.00014331115, -0.00017867949, -0.00017867949
0.989, -0.00017867949, 0.00046530177, -0.00017867949, -0.0005006701, 10.0342455, 0.00014331115, -0.00017867949, 0.00014331115, -0.00017867949
0.99, 0.00014331115, 0.00014331115, -0.0005006701, -0.0005006701, 10.035212, 0.00078729243, -0.00082266075, 0.00014331115, 0.00014331115
0.991, -0.00017867949, 0.00014331115, -0.00017867949, -0.00017867949, 10.035855, -0.00017867949, -0.00017867949, -0.00017867949, -0.0005006701
0.992, -0.00017867949, -0.00017867949, -0.00017867949, 0.00046530177, 10.035212, -0.00017867949, -0.00082266075, 0.00046530177, -0.0005006701
0.993, -0.00082266075, 0.00046530177, 0.00046530177, -0.00017867949, 10.035855, 0.00014331115, -0.00017867949, 0.00046530177, -0.00017867949
0.994, 0.00014331115, 0.00046530177, -0.00017867949, -0.0005006701, 10.034568, 0.00046530177, -0.0005006701, 0.00014331115, -0.00017867949
0.995, 0.00014331115, 0.00014331115, -0.00017867949, -0.00017867949, 10.035212, -0.00017867949, -0.0005006701, 0.00014331115, -0.00017867949
0.996, -0.00017867949, 0.00046530177, -0.0005006701, -0.00017867949, 10.034889, -0.00017867949, -0.00082266075, 0.00046530177, -0.0005006701
0.997, 0.00014331115, 0.00046530177, -0.0005006701, 0.00014331115, 10.0342455, 0.00046530177, 0.00014331115, 0.00014331115, -0.0005006701
0.998, 0.00014331115, -0.00017867949, -0.00017867949, 0.00014331115, 10.033924, 0.00078729243, -0.0005006701, 0.00014331115, -0.0005006701
0.999, -0.00017867949, 0.00014331115, -0.0005006701, 0.00046530177, 10.033924, -0.00017867949, 0.00014331115, 0.00078729243, -0.00017867949
1.0, 0.00014331115, 0.00014331115, -0.0005006701, -0.0005006701, 10.035855, 0.00014331115, -0.0005006701, 0.00014331115, 0.00014331115
1.0010000000000001, 0.00078729243, 0.00014331115, 0.00014331115, 0.00046530177, 10.0342455, 0.00014331115, -0.0005006701, 0.00014331115, -0.00017867949
1.002, -0.0005006701, 0.00046530177, 0.00046530177, 0.00078729243, 10.035212, -0.00017867949, -0.00017867949, -0.00017867949, -0.0005006701
1.0030000000000001, 0.00014331115, 0.00046530177, -0.00017867949, -0.0005006701, 10.034889, -0.00017867949, -0.00017867949, 0.00014331115, -0.00017867949
1.004, -0.00017867949, -0.00017867949, 0.00014331115, 0.00046530177, 10.035212, 0.00014331115, 0.00046530177, 0.00014331115, 0.00014331115
1.0050000000000001, -0.00017867949, -0.00017867949, -0.00017867949, -0.0005006701, 10.035212, -0.00017867949, -0.00017867949, 0.00046530177, -0.0005006701
1.006, 0.00014331115, 0.00046530177, 0.00046530177, -0.0005006701, 10.0342455, 0.00046530177, 0.00014331115, 0.00078729243, 0.00014331115
1.0070000000000001, -0.0005006701, 0.00014331115, 0.00014331115, 0.00014331115, 10.0342455, 0.00014331115, -0.0005006701, -0.00017867949, -0.00017867949
1.008, -0.00017867949, -0.00017867949, 0.00014331115, 0.00046530177, 10.035212, -0.00017867949, 0.00014331115, 0.00078729243, -0.00017867949
1.0090000000000001, -0.00017867949, 0.00014331115, -0.00017867949, 0.00014331115, 10.035855, 0.00014331115, 0.00014331115, 0.00014331115, 0.00014331115
1.01, -0.00017867949, -0.00017867949, -0.0005006701, -0.00017867949, 10.034889, 0.00046530177, -0.00017867949, 0.00014331115, 0.00014331115
1.0110000000000001, 0.00014331115, 0.00046530177, 0.00046530177, 0.00014331115, 10.0365, 0.00014331115, -0.00017867949, 0.00078729243, -0.00017867949
1.012, -0.00017867949, 0.00014331115, -0.0005006701, -0.00017867949, 10.035212, 0.00014331115, -0.00017867949, -0.00017867949, 0.00014331115
1.0130000000000001, 0.00014331115, 0.00014331115, -0.00017867949, -0.00017867949, 10.034889, 0.00014331115, 0.00014331115, 0.00014331115, 0.00014331115
1.014, -0.0005006701, 0.00046530177, 0.00046530177, -0.00017867949, 10.034568, 0.00014331115, -0.00017867949, 0.00046530177, -0.00017867949
1.0150000000000001, -0.00017867949, 0.00046530177, -0.0005006701, 0.00014331115, 10.034568, 0.00078729243, 0.00014331115, 0.0011092831, -0.0005006701
1.016, -0.0005006701, -0.00017867949, 0.00046530177, -0.00017867949, 10.034568, 0.00014331115, -0.0005006701, 0.00046530177, -0.0005006701
1.0170000000000001, -0.0005006701, 0.00014331115, -0.00017867949, 0.00046530177, 10.0342455, 0.00078729243, 0.00014331115, 0.00046530177, -0.00082266075
1.018, 0.00014331115, 0.00046530177, -0.00017867949, 0.00046530177, 10.035855, 0.00014331115, 0.00014331115, -0.00017867949, 0.00014331115
1.0190000000000001, 0.00014331115, 0.00046530177, -0.00017867949, 0.00014331115, 10.035212, -0.00017867949, -0.0005006701, 0.00046530177, -0.00017867949
1.02, 0.00014331115, 0.00046530177, 0.00014331115, -0.0005006701, 10.035534, 0.00078729243, -0.00017867949, 0.00014331115, 0.00014331115
1.0210000000000001, 0.00046530177, -0.00017867949, -0.0005006701, 0.00046530177, 10.034889, -0.00017867949, -0.0005006701, 0.00014331115, -0.00017867949
1.022, -0.0005006701, 0.00014331115, 0.00014331115, -0.00017867949, 10.034889, 0.00046530177, -0.00017867949, 0.00046530177, -0.0005006701
1.0230000000000001, 0.00046530177, 0.00046530177, -0.0005006701, 0.00014331115, 10.034889, -0.0005006701, -0.00017867949, 0.00046530177, -0.00017867949
1.024, -0.00017867949, 0.00014331115, -0.00082266075, 0.00046530177, 10.0342455, 0.00014331115, 0.00046530177, -0.00017867949, -0.0005006701
1.025, 0.00014331115, 0.00014331115, 0.00014331115, -0.00017867949, 10.034568, 0.00014331115, 0.00046530177, 0.00078729243, -0.00017867949
1.026, -0.00017867949, 0.00046530177, -0.00017867949, -0.0005006701, 10.035212, -0.00017867949, -0.0005006701, -0.00017867949, -0.00082266075
1.027, 0.00014331115, 0.00014331115, 0.00014331115, -0.00017867949, 10.0365, -0.00017867949, 0.00014331115, 0.00014331115, -0.0005006701
1.028, -0.00017867949, 0.00014331115, 0.00046530177, -0.0005006701, 10.0342455, 0.00014331115, 0.00014331115, 0.00014331115, -0.0005006701
1.029, 0.00014331115, 0.00014331115, -0.0005006701, 0.00014331115, 10.0365, 0.00046530177, 0.00014331115, 0.00014331115, -0.00017867949
1.03, 0.00014331115, 0.00014331115, 0.00046530177, -0.00017867949, 10.035212, 0.00046530177, -0.00017867949, -0.00017867949, -0.00082266075
1.031, -0.00017867949, 0.00046530177, -0.00017867949, -0.00017867949, 10.0342455, 0.00014331115, 0.00014331115, 0.00046530177, -0.0005006701
1.032, -0.00017867949, 0.00046530177, -0.00082266075, -0.0005006701, 10.034568, -0.00017867949, -0.00017867949, 0.00014331115, 0.00014331115
1.033, -0.00017867949, -0.00017867949, -0.00017867949, 0.00014331115, 10.033602, 0.00014331115, -0.0005006701, -0.00017867949, -0.00082266075
1.034, -0.00017867949, 0.00014331115, 0.00046530177, 0.00014331115, 10.0342455, -0.00017867949, 0.00014331115, -0.00017867949, -0.0005006701
1.035, -0.00017867949, 0.00046530177, 0.00046530177, 0.00014331115, 10.034568, -0.00017867949, -0.00017867949, 0.00046530177, -0.00017867949
1.036, 0.00014331115, -0.00017867949, -0.00017867949, -0.00017867949, 10.034889, 0.00014331115, -0.0005006701, 0.00046530177, -0.00017867949
1.037, 0.00046530177, 0.00078729243, 0.00014331115, -0.00017867949, 10.033924, 0.00014331115, -0.00017867949, 0.00046530177, -0.00017867949
1.038, 0.00014331115, 0.00046530177, -0.00017867949, 0.00046530177, 10.034568, -0.00017867949, -0.00082266075, 0.00046530177, -0.00017867949
1.039, -0.00017867949, -0.00017867949, 0.00014331115, -0.0005006701, 10.035212, 0.00014331115, -0.0005006701, 0.0011092831, -0.00017867949
1.04, 0.00046530177, -0.00017867949, 0.00014331115, 0.00014331115, 10.035855, 0.00014331115, -0.0005006701, 0.00014331115, -0.00017867949
1.041, 0.00014331115, -0.00017867949, -0.00017867949, 0.00014331115, 10.035534, 0.00014331115, 0.00014331115, 0.00046530177, -0.0005006701
1.042, -0.00017867949, 0.00014331115, -0.00017867949, -0.00017867949, 10.034889, -0.00017867949, 0.00014331115, 0.00078729243, -0.0005006701
1.043, -0.00017867949, 0.00014331115, 0.00078729243, -0.00017867949, 10.035855, 0.00014331115, -0.00082266075, 0.00078729243, -0.0005006701
1.044, -0.00017867949, 0.00014331115, 0.00014331115, 0.00014331115, 10.034889, 0.00014331115, -0.0005006701, 0.00078729243, -0.0005006701
1.045, 0.00014331115, -0.0005006701, -0.00017867949, -0.00017867949, 10.035212, 0.00014331115, -0.00017867949, 0.00014331115, -0.00082266075
1.046, 0.00014331115, -0.00017867949, -0.00017867949, -0.00017867949, 10.034889, -0.00017867949, -0.00017867949, 0.00078729243, -0.0005006701
1.047, 0.00014331115, -0.00017867949, -0.00017867949, -0.00017867949, 10.035534, 0.00014331115, 0.00046530177, 0.00014331115, -0.00017867949
1.048, 0.00014331115, -0.0005006701, -0.00017867949, 0.00014331115, 10.034568, -0.0005006701, 0.00014331115, 0.00078729243, -0.0005006701
1.049, 0.00046530177, 0.00014331115, -0.0005006701, -0.00017867949, 10.035212, 0.00014331115, -0.0005006701, -0.00017867949, -0.00017867949
1.05, -0.00017867949, 0.00014331115, 0.00014331115, 0.00046530177, 10.035534, 0.00046530177, -0.00082266075, 0.00078729243, 0.00014331115
1.051, 0.00046530177, 0.00046530177, 0.00014331115, 0.00014331115, 10.034889, -0.00017867949, -0.00017867949, 0.00014331115, -0.00017867949
1.052, -0.0005006701, 0.00046530177, 0.00046530177, -0.00017867949, 10.036178, 0.00014331115, 0.00014331115, 0.00046530177, -0.00082266075
1.053, -0.00017867949, 0.00014331115, -0.00017867949, 0.00014331115, 10.035212, 0.00014331115, -0.00017867949, 0.00014331115, -0.0005006701
1.054, 0.00014331115, -0.00017867949, 0.00014331115, -0.00017867949, 10.035212, 0.00078729243, 0.00014331115, 0.00014331115, -0.0005006701
1.055, -0.00017867949, 0.00046530177, 0.00046530177, 0.00046530177, 10.035534, 0.00014331115, -0.00017867949, 0.00078729243, -0.00017867949
1.056, -0.0005006701, -0.00017867949, -0.00017867949, -0.00017867949, 10.035212, -0.0005006701, -0.00017867949, -0.00017867949, -0.00017867949
1.057, 0.00046530177, 0.00046530177, 0.00046530177, -0.00017867949, 10.035534, 0.00014331115, -0.0005006701, 0.00014331115, -0.0005006701
1.058, -0.0005006701, 0.00078729243, 0.00014331115, 0.00014331115, 10.035212, -0.0005006701, 0.00014331115, 0.00046530177, 0.00046530177
1.059, 0.00046530177, 0.00046530177, -0.0005006701, -0.00017867949, 10.035534, 0.00046530177, 0.00014331115, 0.00014331115, -0.0005006701
1.06, -0.0005006701, 0.00014331115, 0.00046530177, -0.00082266075, 10.034568, 0.00014331115, -0.00017867949, -0.0005006701, -0.0005006701
1.061, -0.00017867949, 0.00078729243, 0.00014331115, 0.00046530177, 10.034889, -0.00017867949, 0.00014331115, -0.00082266075, -0.0005006701
1.062, 0.00014331115, 0.00014331115, 0.00046530177, 0.00046530177, 10.0342455, -0.00017867949, -0.00017867949, 0.00014331115, 0.00014331115
1.063, 0.00046530177, 0.00014331115, 0.00046530177, 0.00014331115, 10.034889, 0.00014331115, -0.00017867949, 0.00014331115, 0.00014331115
1.064, 0.00078729243, 0.00078729243, -0.00017867949, -0.00017867949, 10.034889, 0.00046530177, 0.00046530177, 0.00046530177, -0.0005006701
1.065, -0.00017867949, 0.00014331115, -0.00017867949, 0.00046530177, 10.033924, 0.00014331115, -0.00017867949, 0.00014331115, -0.0005006701
1.066, -0.00017867949, -0.00017867949, 0.00014331115, -0.00017867949, 10.0342455, -0.00017867949, -0.00017867949, 0.00014331115, -0.00017867949
1.067, -0.00017867949, -0.00017867949, -0.0005006701, 0.00014331115, 10.034568, 0.00014331115, -0.00017867949, 0.00014331115, -0.0005006701
1.068, -0.00017867949, 0.00014331115, 0.00046530177, -0.00017867949, 10.034568, -0.00017867949, -0.0005006701, 0.00046530177, -0.00017867949
1.069, -0.0005006701, 0.00046530177, -0.00017867949, 0.00014331115, 10.034568, -0.00017867949, -0.0005006701, -0.0005006701, 0.00014331115
1.07, -0.00017867949, 0.00014331115, -0.00017867949, -0.00017867949, 10.035534, 0.00014331115, -0.0005006701, 0.00014331115, -0.00082266075
1.071, 0.00014331115, -0.00017867949, -0.00017867949, 0.00014331115, 10.034889, 0.00046530177, 0.00014331115, -0.00017867949, -0.0005006701
1.072, -0.0005006701, -0.00017867949, 0.00014331115, -0.00017867949, 10.0365, 0.00014331115, 0.00014331115, 0.00014331115, -0.00082266075
1.073, -0.00017867949, 0.00014331115, -0.00017867949, 0.00014331115, 10.035534, 0.00014331115, -0.00017867949, -0.00017867949, -0.00017867949
1.074, -0.00017867949, 0.00014331115, -0.00017867949, 0.00046530177, 10.036821, 0.00014331115, 0.00014331115, 0.00046530177, -0.00017867949
1.075, -0.00017867949, 0.00014331115, -0.0005006701, -0.00017867949, 10.036821, -0.00017867949, 0.00046530177, 0.00014331115, -0.00017867949
1.076, -0.00017867949, 0.00046530177, -0.00017867949, 0.00014331115, 10.034889, 0.00014331115, 0.00014331115, 0.00014331115, 0.00046530177
1.077, -0.00017867949, 0.00046530177, -0.00017867949, 0.00014331115, 10.035212, 0.00046530177, -0.00017867949, 0.00078729243, -0.00017867949
1.078, 0.00014331115, 0.00078729243, 0.00046530177, 0.00014331115, 10.033602, -0.0005006701, -0.00017867949, 0.00014331115, 0.00014331115
1.079, -0.00082266075, 0.00014331115, 0.00046530177, -0.00017867949, 10.035212, -0.00017867949, 0.00014331115, 0.00078729243, -0.0005006701
1.08, -0.00082266075, 0.00078729243, -0.00017867949, -0.00017867949, 10.033924, 0.00014331115, 0.00014331115, 0.00078729243, -0.00017867949
1.081, 0.00078729243, -0.00017867949, 0.00014331115, 0.00014331115, 10.034889, -0.00017867949, 0.00014331115, 0.00014331115, -0.0005006701
1.082, 0.00014331115, -0.0005006701, -0.00017867949, 0.00014331115, 10.035855, 0.00014331115, -0.00017867949, 0.00078729243, -0.00017867949
1.083, -0.0005006701, 0.00014331115, -0.0005006701, 0.00014331115, 10.035534, 0.00046530177, 0.00014331115, 0.00046530177, -0.0005006701
1.084, 0.00046530177, 0.00046530177, -0.00017867949, 0.00014331115, 10.035855, 0.00014331115, -0.0005006701, 0.00046530177, -0.0005006701
1.085, -0.00017867949, 0.00046530177, 0.00014331115, -0.00082266075, 10.035212, 0.00046530177, -0.00017867949, 0.00078729243, -0.0005006701
1.086, -0.00017867949, -0.0005006701, -0.00017867949, -0.00017867949, 10.0365, 0.00046530177, 0.00014331115, 0.00046530177, 0.00014331115
1.087, 0.00014331115, -0.00017867949, -0.0005006701, -0.00017867949, 10.033279, -0.0005006701, -0.00017867949, 0.00014331115, -0.00017867949
1.088, -0.00017867949, 0.00046530177, -0.00017867949, 0.00014331115, 10.0342455, -0.00017867949, -0.00017867949, 0.00014331115, -0.00017867949
1.089, 0.00014331115, 0.00014331115, -0.00017867949, 0.00014331115, 10.0342455, 0.00014331115, -0.0005006701, 0.00014331115, -0.0005006701
1.09, 0.00014331115, -0.0005006701, 0.00014331115, 0.00014331115, 10.033602, -0.00017867949, 0.00014331115, -0.00017867949, -0.00017867949
1.091, -0.00017867949, -0.00017867949, -0.00017867949, -0.00017867949, 10.033279, -0.00017867949, 0.00014331115, 0.00014331115, 0.00014331115
1.092, -0.0005006701, 0.00046530177, 0.00046530177, -0.00082266075, 10.033924, 0.00014331115, -0.0005006701, 0.00046530177, -0.0005006701
1.093, -0.00017867949, 0.00046530177, 0.00046530177, 0.00014331115, 10.034568, 0.00014331115, -0.00082266075, 0.00046530177, -0.00082266075
1.094, 0.00014331115, 0.00014331115, 0.00046530177, -0.00017867949, 10.035212, 0.00014331115, 0.00046530177, 0.00014331115, -0.00017867949
1.095, 0.00014331115, 0.00046530177, 0.00014331115, -0.0005006701, 10.036178, -0.00017867949, -0.00017867949, -0.0005006701, -0.0005006701
1.096, -0.00082266075, -0.00017867949, -0.0005006701, -0.00017867949, 10.035855, 0.00046530177, 0.00014331115, 0.00014331115, -0.00017867949
1.097, 0.00014331115, 0.00078729243, 0.00046530177, 0.00014331115, 10.037787, -0.0005006701, -0.0005006701, 0.00078729243, -0.0005006701
1.098, -0.00017867949, 0.00046530177, 0.00014331115, 0.00014331115, 10.034889, 0.00014331115, -0.0005006701, 0.00046530177, -0.00017867949
1.099, -0.0005006701, 0.00014331115, -0.0005006701, -0.00017867949, 10.035855, 0.00014331115, -0.00017867949, 0.00046530177, -0.0005006701
1.1, 0.00014331115, 0.00014331115, 0.00014331115, -0.0005006701, 10.035212, 0.00046530177, -0.00082266075, 0.00046530177, 0.00014331115
1.101, 0.00014331115, 0.00014331115, -0.00017867949, -0.00017867949, 10.035212, -0.00017867949, -0.0005006701, 0.00046530177, -0.0005006701
1.102, -0.00017867949, 0.00014331115, 0.00014331115, -0.00017867949, 10.034568, -0.00017867949, -0.00017867949, 0.00014331115, -0.0011446514
1.103, 0.00014331115, -0.00017867949, -0.00017867949, -0.00017867949, 10.033602, -0.00017867949, -0.00017867949, 0.00014331115, -0.00082266075
1.104, 0.00014331115, -0.00017867949, -0.00082266075, -0.00017867949, 10.035212, -0.00017867949, -0.00082266075, 0.00014331115, -0.0005006701
1.105, -0.0005006701, -0.0005006701, -0.00017867949, -0.00017867949, 10.035212, -0.0005006701, 0.00014331115, 0.0011092831, -0.00017867949
1.106, 0.00014331115, 0.00078729243, 0.00014331115, 0.00014331115, 10.035212, 0.00014331115, -0.0005006701, -0.00017867949, 0.00014331115
1.107, 0.00014331115, -0.00082266075, -0.00017867949, -0.00017867949, 10.036178, -0.00017867949, -0.0005006701, 0.00014331115, -0.0005006701
1.108, -0.0005006701, 0.00014331115, 0.00014331115, -0.00017867949, 10.035855, 0.00014331115, -0.0005006701, 0.00046530177, -0.0005006701
1.109, -0.00017867949, 0.00014331115, 0.00014331115, 0.00014331115, 10.034568, -0.00017867949, -0.00017867949, 0.00014331115, -0.0005006701
1.11, -0.00017867949, -0.0005006701, 0.00046530177, -0.0005006701, 10.033279, 0.00014331115, 0.00014331115, 0.00046530177, -0.00017867949
1.111, 0.00014331115, 0.00014331115, -0.0005006701, -0.00017867949, 10.033924, -0.00017867949, -0.0005006701, -0.00017867949, 0.00014331115
1.112, -0.00017867949, 0.00046530177, 0.00046530177, -0.0005006701, 10.0342455, -0.0005006701, -0.00017867949, 0.00014331115, -0.0005006701
1.113, 0.00014331115, -0.00017867949, -0.00017867949, -0.0005006701, 10.035855, 0.00046530177, 0.00014331115, 0.00046530177, -0.0005006701
1.114, -0.00017867949, -0.00017867949, 0.00014331115, -0.00017867949, 10.034568, -0.00017867949, -0.00017867949, 0.00046530177, -0.00017867949
1.115, -0.00082266075, 0.00014331115, -0.00017867949, 0.00014331115, 10.035534, -0.00017867949, 0.00014331115, 0.00014331115, -0.00017867949
1.116, 0.00014331115, 0.00046530177, 0.00014331115, 0.00014331115, 10.034568, -0.00017867949, 0.00014331115, 0.00046530177, -0.0005006701
1.117, -0.0005006701, -0.00017867949, 0.00014331115, 0.00046530177, 10.034889, 0.00014331115, 0.00014331115, 0.00014331115, -0.0005006701
1.118, -0.00017867949, 0.00078729243, 0.00014331115, -0.00017867949, 10.035534, -0.00017867949, -0.0005006701, 0.00046530177, -0.0005006701
1.119, -0.0005006701, 0.00014331115, 0.00046530177, 0.00046530177, 10.0365, 0.00014331115, 0.00014331115, 0.00014331115, -0.00017867949
1.12, 0.00014331115, 0.00014331115, 0.00014331115, 0.00014331115, 10.035212, 0.00014331115, -0.0005006701, -0.00017867949, -0.00017867949
1.121, 0.00046530177, 0.00014331115, 0.00014331115, 0.00046530177, 10.033924, 0.00046530177, 0.00014331115, 0.00014331115, -0.00017867949
1.122, 0.00014331115, 0.00014331115, 0.00014331115, -0.00017867949, 10.033924, 0.00014331115, -0.00017867949, 0.00014331115, -0.00082266075
1.123, -0.00017867949, -0.00017867949, 0.00014331115, -0.0005006701, 10.0342455, 0.00014331115, -0.00017867949, 0.00046530177, -0.00017867949
1.124, 0.00046530177, 0.00046530177, -0.0005006701, -0.0005006701, 10.036178, -0.00017867949, 0.00014331115, -0.00017867949, -0.00082266075
1.125, -0.0005006701, -0.00017867949, 0.00014331115, 0.00014331115, 10.034889, -0.00017867949, -0.0005006701, 0.00014331115, -0.00017867949
1.1260000000000001, 0.00014331115, 0.00046530177, -0.0005006701, -0.00017867949, 10.034568, 0.00046530177, -0.00017867949, 0.00078729243, -0.00017867949
1.127, -0.0005006701, 0.00014331115, 0.00014331115, 0.00014331115, 10.035212, -0.00017867949, -0.00017867949, 0.00014331115, -0.0005006701
1.1280000000000001, 0.00014331115, 0.00046530177, 0.00014331115, 0.00014331115, 10.035212, 0.00078729243, 0.00046530177, -0.00017867949, -0.0005006701
1.129, 0.00014331115, 0.00046530177, -0.00017867949, -0.00017867949, 10.035855, -0.00017867949, 0.00014331115, 0.00046530177, 0.00014331115
1.1300000000000001, -0.0005006701, 0.00046530177, 0.00014331115, 0.00014331115, 10.036178, -0.00017867949, -0.00017867949, 0.00014331115, 0.00014331115
1.131, -0.0005006701, -0.00017867949, -0.00017867949, 0.00014331115, 10.035855, 0.00014331115, -0.0005006701, 0.00046530177, 0.00014331115
1.1320000000000001, -0.0005006701, 0.00014331115, -0.00017867949, -0.00017867949, 10.034889, 0.00046530177, -0.00017867949, 0.00046530177, 0.00014331115
1.133, -0.00017867949, 0.00014331115, 0.00014331115, -0.00017867949, 10.035212, 0.00014331115, -0.00082266075, 0.00014331115, -0.0005006701
1.1340000000000001, -0.00017867949, -0.00017867949, 0.00014331115, -0.0005006701, 10.034568, 0.00014331115, -0.0005006701, 0.00014331115, -0.0005006701
1.135, -0.00017867949, -0.00017867949, 0.00014331115, -0.00017867949, 10.035212, -0.00017867949, -0.00082266075, 0.00014331115, -0.0005006701
1.1360000000000001, -0.00017867949, 0.00046530177, 0.00014331115, 0.00046530177, 10.034889, -0.0005006701, -0.0005006701, 0.00014331115, -0.00017867949
1.137, -0.00017867949, 0.00014331115, 0.00014331115, -0.00017867949, 10.033924, 0.00014331115, 0.00014331115, -0.00017867949, -0.00082266075
1.1380000000000001, -0.0005006701, -0.0005006701, -0.00017867949, 0.00014331115, 10.035212, 0.00078729243, -0.00082266075, 0.00078729243, -0.00017867949
1.139, -0.00017867949, 0.00014331115, -0.00017867949, -0.00017867949, 10.034889, -0.0005006701, 0.00014331115, 0.00014331115, 0.00046530177
1.1400000000000001, 0.00014331115, 0.00014331115, 0.00014331115, 0.00046530177, 10.0365, 0.00046530177, -0.00017867949, 0.00046530177, -0.00017867949
1.141, 0.00014331115, -0.00017867949, -0.00017867949, 0.00046530177, 10.036821, -0.00017867949, -0.00017867949, 0.00014331115, -0.00017867949
1.1420000000000001, 0.00046530177, 0.00014331115, 0.00046530177, -0.0005006701, 10.034568, -0.00017867949, 0.00014331115, -0.0005006701, -0.00017867949
1.143, -0.00017867949, 0.00014331115, -0.00017867949, -0.0005006701, 10.0342455, 0.00046530177, -0.00017867949, -0.00017867949, 0.00046530177
1.1440000000000001, -0.00017867949, 0.00014331115, 0.00014331115, 0.00014331115, 10.033924, -0.00017867949, 0.00014331115, 0.00046530177, -0.00017867949
1.145, -0.00017867949, 0.00014331115, 0.00014331115, -0.00017867949, 10.035212, -0.00017867949, 0.00014331115, -0.00017867949, 0.00014331115
1.1460000000000001, 0.00014331115, -0.00017867949, 0.00014331115, 0.00014331115, 10.035212, 0.00014331115, 0.00046530177, 0.00046530177, 0.00014331115
1.147, -0.00017867949, 0.00014331115, 0.00014331115, -0.00017867949, 10.036178, 0.00046530177, -0.0005006701, 0.00014331115, -0.00017867949
1.1480000000000001, -0.0005006701, -0.00017867949, -0.00017867949, 0.00046530177, 10.034568, 0.00078729243, 0.00014331115, 0.00014331115, -0.00082266075
1.149, -0.0005006701, 0.00046530177, 0.00014331115, -0.00017867949, 10.034568, 0.00014331115, -0.00017867949, -0.00017867949, -0.0005006701
1.1500000000000001, 0.00014331115, 0.00014331115, -0.00017867949, -0.00017867949, 10.034568, 0.00046530177, -0.00017867949, 0.00014331115, 0.00014331115
1.151, -0.0005006701, -0.00017867949, 0.00014331115, 0.00046530177, 10.035534, 0.00014331115, -0.0005006701, 0.00014331115, -0.00017867949
1.1520000000000001, 0.00046530177, 0.00014331115, -0.00017867949, 0.00014331115, 10.035855, -0.00017867949, -0.0005006701, 0.00014331115, -0.0005006701
1.153, 0.00014331115, 0.00014331115, -0.00017867949, 0.00014331115, 10.034889, -0.00017867949, 0.00014331115, 0.00046530177, -0.0005006701
1.154, -0.00017867949, 0.00014331115, 0.00014331115, 0.00014331115, 10.035855, 0.00014331115, 0.00014331115, 0.00014331115, -0.00082266075
1.155, -0.00017867949, 0.00046530177, 0.00046530177, -0.00017867949, 10.034889, -0.0005006701, 0.00046530177, 0.00078729243, -0.0011446514
1.156, 0.00014331115, 0.00014331115, -0.0005006701, -0.0005006701, 10.035212, 0.00014331115, 0.00014331115, -0.00017867949, 0.00046530177
1.157, 0.00014331115, 0.00014331115, -0.00082266075, 0.00014331115, 10.033924, 0.00014331115, -0.00017867949, -0.00017867949, -0.00017867949
1.158, -0.00017867949, 0.00078729243, 0.00078729243, 0.00014331115, 10.035212, 0.00014331115, 0.00014331115, 0.00014331115, 0.00014331115
1.159, -0.00017867949, 0.00078729243, 0.00014331115, -0.0005006701, 10.034568, 0.00046530177, -0.00017867949, 0.00078729243, -0.00017867949
1.16, -0.00082266075, -0.0005006701, 0.00046530177, -0.00017867949, 10.035534, 0.00046530177, -0.00082266075, 0.00014331115, -0.00082266075
1.161, 0.00014331115, 0.00046530177, -0.00017867949, 0.00046530177, 10.035534, -0.00017867949, 0.00014331115, 0.00046530177, -0.0005006701
1.162, 0.00014331115, 0.00014331115, -0.00017867949, -0.0005006701, 10.034889, -0.0005006701, -0.00017867949, 0.00014331115, -0.0005006701
1.163, -0.0005006701, 0.00078729243, -0.00017867949, 0.00014331115, 10.034568, 0.00046530177, -0.0005006701, -0.00017867949, -0.0005006701
1.164, -0.0005006701, -0.00017867949, 0.00014331115, -0.00017867949, 10.0342455, 0.00014331115, -0.00017867949, 0.00046530177, -0.0005006701
1.165, 0.00046530177, 0.00046530177, 0.00014331115, -0.0005006701, 10.035212, 0.00046530177, -0.00082266075, 0.00046530177, 0.00014331115
1.166, -0.00017867949, 0.00046530177, -0.0005006701, 0.00014331115, 10.034568, 0.00046530177, -0.00017867949, 0.00014331115, -0.00017867949
1.167, 0.00014331115, 0.00046530177, -0.00017867949, -0.00017867949, 10.036178, 0.00014331115, 0.00014331115, 0.00046530177, 0.00014331115
1.168, -0.00017867949, 0.00014331115, 0.00046530177, -0.00017867949, 10.035534, 0.00046530177, 0.00046530177, 0.00046530177, -0.0005006701
1.169, -0.00017867949, 0.00046530177, 0.00014331115, -0.0005006701, 10.035534, 0.00014331115, 0.00014331115, 0.00078729243, 0.00014331115
1.17, -0.00017867949, 0.00014331115, 0.00014331115, 0.00046530177, 10.035855, -0.0005006701, -0.0005006701, 0.00046530177, -0.00082266075
1.171, -0.00017867949, 0.00014331115, 0.00046530177, -0.00017867949, 10.035855, -0.00017867949, -0.00017867949, 0.00046530177, -0.0005006701
1.172, 0.00014331115, 0.00046530177, 0.00014331115, 0.00046530177, 10.0365, 0.00014331115, -0.0005006701, 0.00014331115, 0.00014331115
1.173, 0.00014331115, -0.0005006701, -0.0005006701, -0.0005006701, 10.036178, 0.00014331115, 0.00014331115, 0.00014331115, -0.0005006701
1.174, -0.00082266075, 0.00014331115, 0.00014331115, -0.00017867949, 10.0365, -0.00017867949, 0.00014331115, 0.00014331115, -0.00017867949
1.175, 0.00014331115, 0.00046530177, -0.0005006701, -0.00017867949, 10.035212, 0.00014331115, 0.00014331115, -0.00017867949, -0.00017867949
1.176, -0.00017867949, 0.00014331115, -0.0005006701, 0.00078729243, 10.035534, -0.0005006701, -0.00017867949, 0.00078729243, -0.00017867949
1.177, -0.00017867949, 0.00014331115, 0.00014331115, 0.00078729243, 10.035212, -0.00017867949, -0.0005006701, 0.00046530177, -0.00017867949
1.178, -0.00082266075, 0.00046530177, -0.00017867949, 0.00014331115, 10.035212, 0.00078729243, -0.00017867949, 0.00014331115, -0.0005006701
1.179, 0.00014331115, -0.00017867949, -0.00017867949, 0.00014331115, 10.033924, -0.00017867949, -0.00017867949, 0.00078729243, -0.00017867949
1.18, 0.00014331115, 0.00046530177, -0.00082266075, 0.00014331115, 10.033924, 0.00046530177, -0.0005006701, 0.00078729243, -0.00017867949
1.181, 0.00046530177, 0.00014331115, 0.00014331115, -0.00017867949, 10.036178, 0.00014331115, -0.0005006701, 0.00046530177, -0.00082266075
1.182, -0.0005006701, 0.00014331115, -0.0005006701, -0.0005006701, 10.035212, -0.00017867949, -0.00017867949, 0.00014331115, -0.00017867949
1.183, -0.00017867949, 0.00014331115, -0.00017867949, -0.00017867949, 10.036178, 0.00014331115, 0.00014331115, 0.00046530177, 0.00014331115
1.184, 0.00014331115, -0.00017867949, -0.00017867949, -0.00017867949, 10.035212, 0.00078729243, 0.00014331115, 0.00046530177, -0.00082266075
1.185, -0.0005006701, -0.00017867949, 0.00014331115, 0.00014331115, 10.0365, 0.00014331115, -0.00017867949, -0.00017867949, -0.00017867949
1.186, 0.00014331115, 0.00046530177, -0.00017867949, 0.00014331115, 10.035212, 0.00014331115, 0.00046530177, 0.00014331115, -0.00082266075
1.187, -0.00017867949, 0.00046530177, -0.00017867949, -0.00017867949, 10.0342455, 0.00014331115, -0.00082266075, -0.00017867949, 0.00014331115
1.188, -0.00017867949, -0.00017867949, 0.00014331115, 0.00014331115, 10.034889, 0.00046530177, -0.0005006701, 0.00014331115, -0.00017867949
1.189, -0.00017867949, 0.00014331115, -0.00017867949, 0.00078729243, 10.033924, 0.00014331115, 0.00046530177, -0.00017867949, -0.0005006701
1.19, 0.00014331115, 0.00078729243, 0.00014331115, -0.0005006701, 10.034889, -0.00017867949, 0.00078729243, 0.00014331115, 0.00014331115
1.191, 0.00046530177, 0.00014331115, -0.00017867949, -0.00017867949, 10.0342455, 0.00046530177, -0.00017867949, 0.00014331115, 0.00014331115
1.192, -0.00017867949, -0.00017867949, 0.00014331115, 0.00014331115, 10.035534, 0.00014331115, -0.00017867949, 0.00014331115, -0.00017867949
1.193, -0.0005006701, -0.0005006701, -0.00017867949, -0.00017867949, 10.0342455, 0.00014331115, 0.00014331115, 0.00014331115, -0.00082266075
1.194, -0.00017867949, -0.00017867949, -0.0005006701, 0.00078729243, 10.034568, -0.00082266075, -0.00017867949, -0.0005006701, -0.00017867949
1.195, 0.00014331115, 0.00046530177, -0.0005006701, 0.00014331115, 10.034568, 0.00014331115, -0.00017867949, 0.00046530177, -0.0005006701
1.196, 0.00046530177, 0.00078729243, 0.00014331115, -0.0005006701, 10.034568, 0.00014331115, 0.00014331115, 0.00014331115, -0.00017867949
1.197, 0.00014331115, 0.00046530177, 0.00014331115, 0.00014331115, 10.034568, 0.00046530177, -0.00017867949, 0.00014331115, 0.00014331115
1.198, 0.00014331115, -0.00017867949, 0.00014331115, 0.00046530177, 10.034568, 0.00046530177, 0.00014331115, 0.00078729243, -0.00017867949
1.199, -0.00017867949, 0.00014331115, 0.00014331115, -0.00017867949, 10.035855, 0.00014331115, 0.00014331115, 0.00014331115, -0.00082266075
1.2, 0.00046530177, 0.00046530177, -0.00017867949, 0.00014331115, 10.035212, -0.00017867949, -0.00017867949, 0.00078729243, -0.0005006701
1.201, -0.00017867949, 0.00046530177, 0.00014331115, 0.00014331115, 10.035212, -0.00017867949, -0.0005006701, -0.00017867949, -0.00017867949
1.202, 0.00014331115, -0.00017867949, -0.00082266075, 0.00046530177, 10.0342455, -0.00017867949, -0.0005006701, 0.00014331115, -0.00017867949
1.203, 0.00014331115, 0.00014331115, 0.00014331115, -0.0005006701, 10.034889, 0.00046530177, -0.00017867949, 0.00014331115, -0.00017867949
1.204, -0.0005006701, 0.00078729243, -0.00017867949, 0.00046530177, 10.035855, 0.00046530177, -0.00017867949, 0.00046530177, -0.00017867949
1.205, -0.0005006701, 0.00014331115, 0.00014331115, -0.00017867949, 10.035534, -0.00017867949, -0.0005006701, 0.00046530177, -0.00017867949
1.206, 0.00046530177, 0.00014331115, 0.00014331115, 0.00078729243, 10.036178, 0.00014331115, 0.00014331115, 0.00078729243, -0.0005006701
1.207, -0.00017867949, 0.00014331115, -0.0005006701, -0.00017867949, 10.035534, -0.00017867949, 0.00014331115, 0.00046530177, -0.00017867949
1.208, -0.0005006701, 0.00014331115, -0.00017867949, -0.00017867949, 10.035212, -0.00017867949, 0.00014331115, 0.00078729243, -0.0005006701
1.209, -0.0005006701, -0.00017867949, -0.00017867949, 0.00014331115, 10.034568, -0.0005006701, 0.00014331115, 0.00046530177, -0.00017867949
1.21, -0.0005006701, -0.00017867949, -0.00017867949, 0.00046530177, 10.034889, -0.00017867949, -0.00017867949, 0.00078729243, -0.0005006701
1.211, -0.0005006701, -0.00017867949, 0.00014331115, 0.00014331115, 10.033924, -0.0005006701, -0.00017867949, 0.00014331115, -0.0005006701
1.212, 0.00014331115, 0.00014331115, 0.00014331115, 0.00014331115, 10.033924, -0.00017867949, -0.0005006701, 0.00014331115, -0.00017867949
1.213, 0.00014331115, 0.00046530177, -0.00017867949, -0.00017867949, 10.033924, 0.00014331115, -0.00017867949, 0.00046530177, 0.00014331115
1.214, -0.00017867949, 0.00046530177, 0.00078729243, -0.00017867949, 10.0342455, 0.00046530177, -0.00017867949, 0.00046530177, -0.00017867949
1.215, -0.00017867949, 0.0011092831, -0.00017867949, 0.00014331115, 10.035212, 0.00046530177, -0.00017867949, 0.00014331115, 0.00014331115
1.216, 0.00046530177, -0.00017867949, 0.00046530177, -0.00017867949, 10.033602, 0.00046530177, -0.00017867949, 0.00046530177, -0.00017867949
1.217, -0.0005006701, 0.00014331115, -0.00082266075, -0.00017867949, 10.035855, -0.00017867949, -0.00017867949, 0.00046530177, -0.0005006701
1.218, 0.00014331115, -0.00017867949, -0.00017867949, 0.00014331115, 10.034889, 0.00046530177, -0.0005006701, 0.00014331115, -0.0005006701
1.219, -0.00017867949, 0.00046530177, 0.00014331115, 0.00014331115, 10.035855, 0.00014331115, -0.00017867949, -0.00017867949, -0.00082266075
1.22, -0.00082266075, 0.00014331115, 0.00014331115, 0.00014331115, 10.035212, -0.00017867949, 0.00014331115, 0.00046530177, -0.00017867949
1.221, -0.00017867949, 0.00014331115, 0.00014331115, 0.00014331115, 10.034889, 0.00014331115, -0.0005006701, 0.00046530177, -0.00017867949
1.222, 0.00046530177, -0.00017867949, 0.00014331115, 0.00014331115, 10.034568, -0.00017867949, -0.0005006701, 0.00046530177, -0.0005006701
1.223, -0.00017867949, 0.00014331115, 0.00014331115, -0.00017867949, 10.033924, 0.00078729243, -0.0005006701, 0.00014331115, 0.00046530177
1.224, -0.00017867949, 0.00014331115, 0.00046530177, 0.00014331115, 10.034568, 0.00046530177, -0.0005006701, 0.00014331115, -0.00017867949
1.225, -0.0005006701, 0.00046530177, -0.0005006701, -0.00017867949, 10.033602, 0.00014331115, 0.00014331115, 0.00014331115, -0.0005006701
1.226, -0.0005006701, 0.00014331115, -0.00017867949, -0.00017867949, 10.035855, -0.00017867949, -0.0005006701, 0.00014331115, 0.00046530177
1.227, 0.00014331115, 0.00014331115, 0.00014331115, -0.00017867949, 10.035534, -0.00017867949, -0.0005006701, 0.00014331115, -0.0005006701
1.228, -0.00017867949, 0.00014331115, 0.00014331115, 0.00014331115, 10.035855, 0.00014331115, -0.00017867949, 0.00078729243, -0.00017867949
1.229, -0.00017867949, -0.0005006701, -0.00017867949, -0.00017867949, 10.036178, 0.00078729243, 0.00014331115, -0.0005006701, 0.00046530177
1.23, -0.0005006701, -0.00017867949, -0.00017867949, 0.00014331115, 10.034568, -0.00017867949, -0.00017867949, 0.00046530177, 0.00014331115
1.231, -0.00017867949, 0.00014331115, -0.0005006701, -0.00017867949, 10.035534, 0.00014331115, 0.00014331115, -0.0005006701, -0.00017867949
1.232, -0.0005006701, 0.00046530177, 0.00014331115, -0.0005006701, 10.034568, 0.00014331115, 0.00014331115, 0.0011092831, -0.0005006701
1.233, -0.0005006701, -0.00017867949, 0.00014331115, 0.00014331115, 10.035212, -0.00017867949, -0.00017867949, 0.00014331115, 0.00014331115
1.234, -0.00017867949, -0.00017867949, 0.00046530177, 0.00014331115, 10.034889, 0.00014331115, -0.0005006701, 0.00014331115, -0.00082266075
1.235, -0.0005006701, 0.00046530177, 0.00014331115, -0.00017867949, 10.0342455, -0.00017867949, -0.00017867949, 0.00078729243, -0.00082266075
1.236, 0.00014331115, 0.00014331115, 0.00014331115, -0.00017867949, 10.0342455, 0.00046530177, -0.0005006701, -0.00017867949, -0.0005006701
1.237, -0.00017867949, -0.0005006701, 0.00014331115, -0.0005006701, 10.035212, -0.00017867949, -0.00017867949, -0.00017867949, -0.0005006701
1.238, 0.00014331115, 0.00046530177, -0.0005006701, 0.00046530177, 10.035534, 0.00046530177, -0.00017867949, 0.00014331115, -0.00017867949
1.239, -0.00017867949, 0.00046530177, 0.00014331115, -0.00017867949, 10.036178, 0.00014331115, -0.0005006701, 0.00046530177, -0.00017867949
1.24, 0.00046530177, -0.00017867949, -0.0005006701, 0.00014331115, 10.035534, 0.00014331115, -0.00017867949, 0.00046530177, -0.00017867949
1.241, 0.00014331115, -0.00017867949, -0.00017867949, -0.00017867949, 10.034568, 0.00046530177, -0.00017867949, 0.00046530177, -0.00017867949
1.242, -0.00017867949, 0.00046530177, -0.0005006701, 0.00046530177, 10.035534, 0.00014331115, -0.0005006701, 0.00046530177, 0.00014331115
1.243, -0.00082266075, 0.00014331115, -0.00017867949, -0.00017867949, 10.0342455, 0.00046530177, 0.00014331115, 0.00078729243, -0.0005006701
1.244, -0.0005006701, 0.00014331115, -0.00017867949, -0.0005006701, 10.035534, 0.00046530177, -0.0005006701, 0.00046530177, -0.00017867949
1.245, -0.00017867949, 0.00046530177, -0.00017867949, -0.0005006701, 10.035855, 0.00014331115, 0.00014331115, -0.00017867949, -0.00082266075
1.246, -0.00017867949, -0.00017867949, 0.00014331115, 0.00014331115, 10.034889, -0.00017867949, -0.0005006701, 0.00046530177, -0.0005006701
1.247, -0.0005006701, -0.00017867949, -0.00017867949, 0.00014331115, 10.034568, 0.00014331115, -0.0005006701, -0.0005006701, -0.0005006701
1.248, -0.00017867949, -0.00017867949, 0.00046530177, 0.00014331115, 10.034889, -0.00017867949, 0.00014331115, 0.00014331115, 0.00014331115
1.249, 0.00014331115, 0.00078729243, 0.00014331115, -0.00017867949, 10.036178, -0.00017867949, 0.00014331115, 0.00078729243, -0.00017867949
1.25, -0.00017867949, -0.0005006701, -0.00082266075, -0.00017867949, 10.035212, -0.00017867949, -0.00017867949, 0.00014331115, -0.0005006701
1.2510000000000001, -0.00017867949, 0.00014331115, -0.0005006701, -0.00017867949, 10.037144, -0.00017867949, -0.0005006701, 0.00014331115, -0.0005006701
1.252, -0.0005006701, 0.00046530177, 0.00014331115, 0.00014331115, 10.035212, 0.00014331115, -0.0005006701, 0.00078729243, -0.00017867949
1.2530000000000001, -0.0005006701, 0.00014331115, 0.00014331115, -0.0005006701, 10.034568, -0.00017867949, -0.00017867949, 0.00014331115, -0.0005006701
1.254, 0.00046530177, 0.00014331115, 0.00014331115, 0.00014331115, 10.033924, -0.0005006701, 0.00014331115, 0.00014331115, -0.00017867949
1.2550000000000001, 0.00014331115, 0.00014331115, -0.00017867949, -0.00017867949, 10.033602, 0.00046530177, 0.00046530177, 0.00014331115, 0.00014331115
1.256, -0.00017867949, 0.00046530177, 0.00014331115, -0.00017867949, 10.034568, -0.00082266075, 0.00014331115, 0.00014331115, -0.00017867949
1.2570000000000001, 0.00046530177, 0.00046530177, 0.00014331115, 0.00046530177, 10.0342455, 0.00046530177, 0.00014331115, 0.00014331115, -0.0005006701
1.258, 0.00014331115, 0.00014331115, 0.00046530177, 0.00046530177, 10.034889, 0.00014331115, 0.00014331115, -0.00017867949, -0.0005006701
1.2590000000000001, 0.00046530177, 0.00046530177, 0.00046530177, -0.00017867949, 10.034889, 0.00046530177, -0.00017867949, 0.00014331115, -0.00017867949
1.26, -0.00017867949, 0.00014331115, 0.00014331115, -0.00017867949, 10.036821, 0.00046530177, -0.00017867949, 0.00014331115, 0.00046530177
1.2610000000000001, -0.0005006701, -0.00017867949, 0.00014331115, 0.00014331115, 10.035212, -0.00017867949, -0.00017867949, 0.0011092831, 0.00014331115
1.262, 0.00014331115, 0.00046530177, 0.00078729243, -0.00017867949, 10.0365, -0.00017867949, -0.00082266075, 0.00078729243, -0.0005006701
1.2630000000000001, -0.00017867949, 0.00046530177, 0.00046530177, -0.0005006701, 10.034889, -0.00017867949, -0.0005006701, 0.00014331115, -0.0005006701
1.264, 0.00014331115, 0.00046530177, 0.00014331115, 0.00014331115, 10.035212, -0.0005006701, -0.0005006701, 0.00046530177, -0.00017867949
1.2650000000000001, -0.00017867949, 0.00014331115, -0.0005006701, 0.00046530177, 10.035855, -0.0005006701, -0.00017867949, 0.00078729243, -0.0005006701
1.266, 0.00046530177, -0.00017867949, 0.00014331115, 0.00014331115, 10.0342455, -0.00017867949, -0.00017867949, 0.00014331115, 0.00046530177
1.2670000000000001, -0.0005006701, 0.00078729243, 0.00046530177, 0.00014331115, 10.034568, -0.0005006701, 0.00014331115, -0.00017867949, -0.00017867949
1.268, -0.00017867949, 0.00014331115, -0.00017867949, -0.00017867949, 10.033602, -0.00017867949, -0.0005006701, -0.00017867949, -0.00082266075
1.2690000000000001, -0.00017867949, 0.00014331115, -0.0005006701, 0.00014331115, 10.035855, -0.0005006701, -0.0005006701, 0.00078729243, 0.00014331115
1.27, -0.00017867949, 0.00046530177, 0.00046530177, 0.00014331115, 10.035212, 0.00014331115, -0.00017867949, 0.00014331115, -0.00017867949
1.2710000000000001, 0.00014331115, 0.00078729243, -0.00017867949, 0.00014331115, 10.035855, 0.00046530177, 0.00014331115, -0.00017867949, -0.0005006701
1.272, -0.00017867949, -0.00017867949, -0.00017867949, 0.00014331115, 10.035855, -0.00017867949, -0.00017867949, 0.00046530177, -0.00017867949
1.2730000000000001, 0.00046530177, 0.00046530177, -0.00017867949, -0.0005006701, 10.035534, -0.00017867949, 0.00046530177, 0.00046530177, -0.00017867949
1.274, -0.00082266075, -0.00082266075, 0.00046530177, -0.00017867949, 10.035534, 0.00014331115, -0.00017867949, -0.00017867949, -0.0005006701
1.2750000000000001, -0.0005006701, 0.00046530177, -0.00017867949, 0.00014331115, 10.034568, 0.00046530177, -0.0005006701, 0.00046530177, -0.00017867949
1.276, -0.00017867949, 0.00046530177, 0.00014331115, 0.00014331115, 10.034889, 0.00046530177, -0.00017867949, -0.00017867949, -0.0005006701
1.2770000000000001, 0.00046530177, -0.00017867949, -0.0005006701, 0.00046530177, 10.0342455, -0.00017867949, -0.0005006701, 0.00014331115, -0.00017867949
1.278, 0.00014331115, 0.00078729243, 0.00046530177, 0.00014331115, 10.033924, 0.00014331115, -0.00017867949, 0.00014331115, -0.00017867949
1.2790000000000001, 0.00014331115, -0.00017867949, 0.00046530177, -0.0005006701, 10.033924, 0.00046530177, 0.00014331115, 0.00046530177, -0.00017867949
1.28, 0.00014331115, 0.00014331115, 0.00014331115, -0.0005006701, 10.035212, -0.00017867949, -0.00017867949, 0.00046530177, -0.00082266075
1.281, -0.0005006701, 0.00014331115, -0.00017867949, 0.00014331115, 10.034568, 0.00078729243, -0.0005006701, 0.00046530177, -0.0005006701
1.282, 0.00046530177, -0.00017867949, 0.00046530177, -0.00017867949, 10.036178, 0.00046530177, -0.00017867949, 0.00046530177, -0.00017867949
1.283, 0.00014331115, 0.00046530177, 0.00046530177, 0.00014331115, 10.035534, 0.00014331115, -0.00017867949, -0.00017867949, -0.00017867949
1.284, 0.00014331115, 0.00046530177, 0.00046530177, -0.00017867949, 10.035855, 0.00014331115, -0.0005006701, 0.00014331115, -0.0005006701
1.285, 0.00014331115, 0.00014331115, -0.00017867949, 0.00046530177, 10.035212, 0.00014331115, -0.00017867949, 0.00046530177, -0.00017867949
1.286, 0.00014331115, 0.00014331115, -0.00017867949, 0.00046530177, 10.034568, 0.00046530177, -0.00017867949, 0.00014331115, -0.00082266075
1.287, -0.00017867949, 0.00014331115, -0.0005006701, 0.00014331115, 10.035855, -0.00017867949, -0.00017867949, 0.00014331115, -0.0005006701
1.288, 0.00014331115, -0.00017867949, -0.0005006701, -0.00017867949, 10.034889, 0.00078729243, -0.00017867949, -0.00017867949, -0.0005006701
1.289, -0.00017867949, -0.00017867949, -0.00017867949, 0.00046530177, 10.034568, 0.00014331115, -0.0005006701, 0.00078729243, -0.00082266075
1.29, -0.00017867949, 0.00046530177, -0.00017867949, -0.00017867949, 10.034568, 0.00014331115, -0.00017867949, 0.00046530177, -0.00017867949
1.291, 0.00014331115, 0.00046530177, -0.00017867949, 0.00014331115, 10.034568, 0.00014331115, -0.0005006701, 0.00046530177, -0.00017867949
1.292, -0.0005006701, 0.00014331115, -0.00017867949, -0.00017867949, 10.034889, -0.00017867949, -0.0005006701, 0.00078729243, -0.0005006701
1.293, 0.00014331115, 0.00014331115, -0.0005006701, 0.00014331115, 10.033924, -0.0005006701, -0.00017867949, 0.00046530177, -0.00017867949
1.294, -0.00017867949, 0.00078729243, 0.00046530177, 0.00014331115, 10.035534, -0.00017867949, -0.00017867949, 0.00014331115, -0.0005006701
1.295, -0.0005006701, -0.0005006701, 0.00014331115, -0.00017867949, 10.0342455, 0.00014331115, -0.00017867949, 0.00014331115, -0.0005006701
1.296, -0.00017867949, -0.00017867949, -0.0005006701, -0.00017867949, 10.034889, 0.00014331115, -0.0005006701, 0.00014331115, -0.0005006701
1.297, -0.0005006701, 0.00046530177, 0.00014331115, -0.0005006701, 10.034568, 0.00014331115, -0.00017867949, 0.00046530177, -0.00082266075
1.298, 0.00046530177, -0.00017867949, 0.00014331115, 0.00046530177, 10.035212, -0.00017867949, -0.0005006701, -0.00017867949, -0.00017867949
1.299, -0.00017867949, 0.00046530177, -0.00017867949, 0.00046530177, 10.035212, -0.00082266075, 0.00014331115, 0.00046530177, -0.0005006701
1.3, -0.00017867949, 0.00014331115, -0.00017867949, 0.00046530177, 10.033602, -0.0005006701, -0.00017867949, -0.00017867949, 0.00014331115
1.301, -0.00082266075, 0.00078729243, -0.0005006701, -0.00017867949, 10.034889, 0.00078729243, 0.00014331115, 0.00078729243, 0.00014331115
1.302, -0.00017867949, 0.00046530177, 0.00046530177, -0.00017867949, 10.034568, -0.0005006701, -0.00017867949, 0.00078729243, -0.0005006701
1.303, -0.00017867949, 0.00046530177, -0.00017867949, 0.00046530177, 10.035855, 0.00078729243, 0.00046530177, 0.00078729243, -0.00017867949
1.304, 0.00014331115, 0.00014331115, 0.00046530177, -0.00017867949, 10.034889, -0.0005006701, -0.00017867949, 0.00046530177, 0.00014331115
1.305, -0.0005006701, 0.00014331115, -0.00017867949, -0.0005006701, 10.035855, -0.00017867949, -0.00017867949, 0.00078729243, -0.00017867949
1.306, -0.0005006701, 0.00014331115, -0.00017867949, 0.00046530177, 10.0365, -0.00017867949, -0.00017867949, 0.00014331115, 0.00014331115
1.307, 0.00014331115, 0.00014331115, -0.00017867949, 0.00046530177, 10.034889, 0.00014331115, -0.00017867949, 0.00046530177, -0.00017867949
1.308, -0.00017867949, -0.00017867949, 0.00046530177, -0.00017867949, 10.0342455, 0.00046530177, 0.00014331115, 0.00014331115, 0.00014331115
1.309, 0.00014331115, 0.00046530177, -0.00017867949, -0.00017867949, 10.0342455, -0.00017867949, -0.00082266075, 0.00078729243, -0.0005006701
1.31, -0.00017867949, -0.00017867949, 0.00046530177, -0.0005006701, 10.034568, -0.00017867949, -0.00017867949, 0.00014331115, -0.0005006701
1.311, -0.00017867949, 0.00014331115, -0.00017867949, -0.00017867949, 10.0342455, 0.00046530177, 0.00014331115, 0.00078729243, -0.0005006701
1.312, -0.0005006701, 0.00014331115, 0.00046530177, -0.00017867949, 10.034568, 0.00046530177, -0.00017867949, 0.00014331115, -0.0005006701
1.313, -0.0005006701, 0.00014331115, -0.0005006701, 0.00046530177, 10.033924, 0.00014331115, 0.00014331115, -0.00017867949, -0.0005006701
1.314, 0.00014331115, 0.00046530177, 0.00046530177, 0.00046530177, 10.034568, 0.00014331115, 0.00014331115, -0.00017867949, -0.0005006701
1.315, 0.00078729243, 0.00014331115, 0.00046530177, -0.00017867949, 10.034889, 0.00014331115, 0.00014331115, 0.00014331115, -0.00017867949
1.316, -0.0005006701, 0.00014331115, -0.00017867949, 0.00014331115, 10.034889, -0.00017867949, -0.00017867949, 0.00046530177, -0.00017867949
1.317, -0.0005006701, -0.00017867949, 0.00014331115, -0.00017867949, 10.0365, 0.00046530177, -0.00017867949, 0.00014331115, -0.0005006701
1.318, -0.0005006701, 0.00046530177, 0.00014331115, 0.00014331115, 10.034568, -0.00017867949, 0.00014331115, 0.00046530177, 0.00014331115
1.319, -0.00017867949, 0.00046530177, 0.00014331115, 0.00046530177, 10.035855, 0.00014331115, -0.00082266075, -0.00017867949, -0.0005006701
1.32, 0.00014331115, 0.00046530177, 0.00046530177, -0.00017867949, 10.034568, 0.00046530177, -0.00017867949, 0.00046530177, -0.00017867949
1.321, 0.00046530177, -0.00017867949, 0.00046530177, -0.00017867949, 10.035534, 0.00014331115, -0.00017867949, 0.00046530177, -0.0005006701
1.322, 0.00046530177, 0.00078729243, -0.00017867949, -0.00017867949, 10.035212, -0.00017867949, 0.00014331115, 0.00046530177, -0.0005006701
1.323, 0.00014331115, 0.00014331115, -0.0005006701, -0.00017867949, 10.034568, 0.00014331115, -0.0005006701, 0.00046530177, -0.00017867949
1.324, -0.00017867949, -0.0005006701, 0.00078729243, 0.00014331115, 10.032958, 0.00014331115, 0.00014331115, 0.00014331115, -0.00082266075
1.325, -0.0005006701, 0.00078729243, -0.00017867949, -0.0005006701, 10.034568, -0.00017867949, -0.00017867949, 0.00046530177, -0.0005006701
1.326, 0.00014331115, -0.00017867949, 0.00046530177, -0.00082266075, 10.035534, 0.00046530177, -0.0005006701, -0.0005006701, -0.00017867949
1.327, -0.0005006701, 0.00014331115, -0.00082266075, 0.00014331115, 10.0365, -0.00017867949, -0.0005006701, 0.00014331115, -0.00017867949
1.328, -0.0005006701, 0.00046530177, -0.00017867949, -0.0005006701, 10.036178, 0.00046530177, -0.00017867949, -0.00017867949, -0.0005006701
1.329, 0.00046530177, 0.00014331115, 0.00014331115, 0.00014331115, 10.034568, -0.00017867949, -0.00017867949, -0.00017867949, 0.00014331115
1.33, 0.00046530177, 0.00078729243, -0.00017867949, 0.00014331115, 10.034568, -0.00017867949, 0.00014331115, 0.00078729243, -0.00017867949
1.331, 0.00014331115, -0.00017867949, -0.0005006701, 0.00014331115, 10.033924, 0.00014331115, 0.00014331115, 0.00046530177, -0.0005006701
1.332, -0.0005006701, 0.00014331115, -0.00017867949, -0.0005006701, 10.034889, 0.00046530177, -0.00017867949, 0.00046530177, -0.0005006701
1.333, -0.00017867949, 0.00014331115, 0.00014331115, 0.00014331115, 10.035534, 0.00046530177, -0.00017867949, 0.00014331115, 0.00014331115
1.334, -0.00017867949, 0.00014331115, 0.00078729243, -0.00017867949, 10.035212, 0.00014331115, -0.0005006701, 0.00014331115, 0.00014331115
1.335, -0.0005006701, 0.00014331115, -0.00017867949, -0.00017867949, 10.035855, -0.00017867949, -0.00082266075, 0.00046530177, -0.00082266075
1.336, -0.00017867949, -0.00017867949, -0.00017867949, -0.0005006701, 10.035212, 0.00014331115, -0.0005006701, 0.00046530177, -0.0005006701
1.337, 0.00046530177, 0.00014331115, -0.00017867949, 0.00014331115, 10.035534, 0.00014331115, -0.00017867949, 0.00014331115, -0.0005006701
1.338, -0.00017867949, 0.00014331115, -0.00017867949, -0.00017867949, 10.034889, 0.00014331115, -0.00017867949, 0.00078729243, 0.00014331115
1.339, -0.00017867949, 0.00014331115, -0.00017867949, 0.00014331115, 10.035855, -0.00017867949, -0.0005006701, 0.00014331115, 0.00014331115
1.34, -0.00017867949, 0.00014331115, -0.0005006701, -0.0005006701, 10.033924, -0.00017867949, -0.00017867949, -0.00017867949, -0.0005006701
1.341, 0.00014331115, 0.00046530177, 0.00014331115, -0.00017867949, 10.0342455, 0.00046530177, 0.00014331115, -0.00017867949, -0.0005006701
1.342, 0.00014331115, 0.00078729243, 0.00014331115, 0.00014331115, 10.035212, 0.00014331115, -0.00017867949, 0.00078729243, 0.00014331115
1.343, -0.00017867949, -0.00017867949, -0.00082266075, 0.00014331115, 10.035534, 0.00014331115, -0.00017867949, -0.00017867949, 0.00014331115
1.344, 0.00014331115, -0.0005006701, 0.00014331115, 0.00014331115, 10.036178, 0.00046530177, 0.00014331115, 0.00046530177, -0.0005006701
1.345, 0.00046530177, 0.00046530177, -0.00017867949, -0.0005006701, 10.0342455, 0.00014331115, -0.00082266075, 0.00046530177, 0.00046530177
1.346, 0.00014331115, 0.00014331115, -0.0005006701, 0.00014331115, 10.035534, 0.00046530177, -0.00017867949, 0.00078729243, -0.0005006701
1.347, 0.00014331115, -0.00017867949, -0.00017867949, 0.00046530177, 10.033924, 0.00046530177, 0.00014331115, 0.00046530177, -0.00082266075
1.348, -0.00017867949, 0.00014331115, -0.00017867949, 0.00046530177, 10.034889, 0.00014331115, -0.0005006701, 0.00046530177, -0.0005006701
1.349, -0.00017867949, 0.00078729243, 0.00014331115, 0.00014331115, 10.035212, -0.00017867949, -0.00082266075, 0.00046530177, 0.00046530177
1.35, -0.00017867949, 0.00014331115, -0.00017867949, 0.00014331115, 10.035855, -0.00017867949, -0.00017867949, 0.00014331115, -0.0005006701
1.351, -0.0005006701, -0.00017867949, 0.00046530177, -0.00017867949, 10.035534, 0.00078729243, -0.0005006701, 0.00014331115, -0.00082266075
1.352, 0.00014331115, 0.00014331115, -0.00017867949, -0.0005006701, 10.034568, 0.00014331115, -0.00017867949, 0.00046530177, -0.0005006701
1.353, 0.00014331115, -0.00017867949, 0.00046530177, -0.0005006701, 10.034889, -0.0005006701, -0.00017867949, 0.00014331115, -0.00017867949
1.354, 0.00078729243, 0.00046530177, -0.00017867949, -0.00017867949, 10.034889, 0.00046530177, -0.0005006701, 0.00078729243, -0.00082266075
1.355, -0.00082266075, 0.00046530177, 0.00014331115, 0.00014331115, 10.036178, 0.00014331115, -0.0005006701, 0.00014331115, -0.0005006701
1.356, -0.00017867949, 0.00014331115, -0.00017867949, -0.0005006701, 10.035212, 0.00046530177, -0.00017867949, 0.00078729243, -0.0005006701
1.357, -0.0005006701, -0.00017867949, 0.00014331115, 0.00014331115, 10.035534, 0.00014331115, -0.00017867949, 0.00014331115, -0.00017867949
1.358, 0.00046530177, 0.00014331115, -0.00017867949, -0.00017867949, 10.035534, -0.00017867949, 0.00014331115, 0.00046530177, -0.00017867949
1.359, 0.00014331115, -0.0005006701, -0.0005006701, -0.00017867949, 10.035855, 0.00046530177, -0.00017867949, 0.00046530177, -0.00082266075
1.36, 0.00014331115, 0.00046530177, -0.00017867949, 0.00014331115, 10.035534, -0.00017867949, -0.0005006701, 0.00078729243, -0.0005006701
1.361, 0.00014331115, 0.00014331115, -0.00082266075, -0.00017867949, 10.035212, 0.00046530177, -0.00082266075, 0.00046530177, -0.0005006701
1.362, 0.00014331115, 0.00046530177, 0.00014331115, -0.00082266075, 10.035855, 0.00046530177, -0.0005006701, 0.00046530177, -0.00017867949
1.363, 0.00014331115, 0.00014331115, 0.00014331115, -0.0005006701, 10.034568, 0.00046530177, 0.00046530177, 0.00046530177, -0.00017867949
1.364, -0.00017867949, 0.00046530177, 0.00014331115, -0.00017867949, 10.035534, 0.00046530177, -0.00017867949, 0.00046530177, -0.00017867949
1.365, 0.00014331115, 0.00046530177, -0.0005006701, -0.00082266075, 10.034568, -0.0005006701, -0.00017867949, 0.00014331115, 0.00014331115
1.366, 0.00014331115, 0.00046530177, -0.00017867949, -0.00017867949, 10.033924, -0.00017867949, 0.00014331115, 0.00046530177, -0.00017867949
1.367, 0.00014331115, -0.0005006701, -0.00017867949, -0.00017867949, 10.034568, 0.00046530177, 0.00014331115, 0.00014331115, -0.00017867949
1.368, -0.00017867949, -0.00017867949, 0.00014331115, -0.0005006701, 10.035212, -0.0005006701, -0.0005006701, 0.00078729243, 0.00014331115
1.369, -0.00017867949, 0.00014331115, 0.00014331115, 0.00014331115, 10.036178, 0.00014331115, 0.00046530177, 0.00014331115, -0.0005006701
1.37, -0.00017867949, 0.00014331115, 0.00014331115, 0.00046530177, 10.034568, 0.00014331115, -0.0005006701, 0.00046530177, -0.0005006701
1.371, -0.0005006701, -0.00017867949, 0.00078729243, -0.00017867949, 10.0365, 0.00046530177, -0.0005006701, 0.00014331115, 0.00014331115
1.372, 0.00014331115, 0.00014331115, -0.00017867949, -0.00017867949, 10.034889, 0.00014331115, -0.0005006701, 0.00014331115, -0.0005006701
1.373, -0.00082266075, -0.00017867949, 0.00014331115, -0.00017867949, 10.035855, 0.00014331115, -0.00017867949, 0.00046530177, -0.00017867949
1.374, -0.00017867949, 0.00014331115, 0.00046530177, -0.00017867949, 10.034568, 0.00014331115, 0.00014331115, 0.00046530177, 0.00014331115
1.375, 0.00014331115, 0.00014331115, 0.00014331115, -0.00017867949, 10.0342455, 0.00078729243, -0.00017867949, 0.00078729243, -0.0005006701
1.3760000000000001, -0.0005006701, 0.00046530177, 0.00014331115, -0.0005006701, 10.033924, 0.00046530177, -0.0005006701, 0.00014331115, -0.00017867949
1.377, -0.00017867949, 0.00014331115, -0.00017867949, -0.00017867949, 10.0342455, -0.00017867949, 0.00014331115, 0.00014331115, -0.00017867949
1.3780000000000001, 0.00014331115, 0.00014331115, -0.00017867949, 0.00014331115, 10.0342455, 0.00014331115, 0.00046530177, -0.00017867949, -0.00017867949
1.379, 0.00014331115, 0.00078729243, -0.00017867949, -0.00017867949, 10.0342455, -0.0005006701, -0.0005006701, 0.00014331115, -0.00017867949
1.3800000000000001, 0.00014331115, 0.00014331115, -0.00017867949, 0.00014331115, 10.035534, -0.0005006701, -0.00017867949, 0.00046530177, -0.0005006701
1.381, -0.00017867949, 0.00014331115, -0.00017867949, 0.00014331115, 10.034568, -0.0005006701, 0.00014331115, 0.00014331115, -0.00017867949
1.3820000000000001, 0.00014331115, 0.00014331115, 0.00078729243, 0.00014331115, 10.0365, 0.00014331115, -0.00017867949, 0.00014331115, -0.00017867949
1.383, -0.00017867949, 0.00014331115, 0.00014331115, 0.00014331115, 10.035855, 0.00014331115, -0.00017867949, -0.00017867949, -0.00082266075
1.3840000000000001, -0.0005006701, -0.00017867949, 0.00014331115, -0.00017867949, 10.037144, 0.00014331115, -0.00017867949, 0.00078729243, -0.00017867949
1.385, -0.00017867949, 0.00046530177, 0.00046530177, 0.00014331115, 10.035534, -0.00017867949, 0.00078729243, 0.00014331115, -0.00017867949
1.3860000000000001, -0.00017867949, 0.00078729243, 0.00014331115, 0.00014331115, 10.034568, 0.00046530177, -0.00017867949, -0.00017867949, -0.0005006701
1.387, -0.00082266075, 0.00014331115, -0.00017867949, -0.00017867949, 10.035534, 0.00014331115, -0.00082266075, 0.00014331115, -0.00017867949
1.3880000000000001, 0.00046530177, 0.00046530177, -0.00017867949, 0.00014331115, 10.034568, 0.00014331115, 0.00014331115, 0.00046530177, -0.00017867949
1.389, -0.0005006701, 0.00014331115, 0.00014331115, 0.00014331115, 10.034568, 0.00014331115, -0.00082266075, 0.00046530177, -0.00017867949
1.3900000000000001, -0.00017867949, -0.00017867949, 0.00014331115, 0.00078729243, 10.034889, 0.00014331115, 0.00046530177, -0.00017867949, 0.00014331115
1.391, -0.0005006701, 0.00014331115, 0.00014331115, 0.00046530177, 10.0365, -0.00017867949, 0.00014331115, 0.00046530177, 0.00046530177
1.3920000000000001, -0.00082266075, 0.00046530177, 0.00046530177, -0.00017867949, 10.035855, -0.00017867949, -0.0005006701, -0.0005006701, -0.0005006701
1.393, -0.00017867949, 0.00014331115, 0.00046530177, 0.00014331115, 10.035212, -0.00017867949, 0.00014331115, 0.00014331115, 0.00014331115
1.3940000000000001, -0.00017867949, 0.00078729243, 0.00014331115, 0.00046530177, 10.034889, -0.00017867949, 0.00046530177, -0.0005006701, 0.00014331115
1.395, 0.00014331115, -0.00017867949, -0.00017867949, 0.00046530177, 10.034568, 0.00046530177, 0.00014331115, 0.00014331115, -0.0005006701
1.3960000000000001, -0.0005006701, 0.00046530177, -0.00017867949, 0.00046530177, 10.034889, 0.00014331115, 0.00046530177, 0.00014331115, -0.00017867949
1.397, 0.00046530177, 0.00014331115, 0.00014331115, -0.0005006701, 10.034568, 0.00046530177, -0.0005006701, 0.00046530177, -0.0005006701
1.3980000000000001, 0.00014331115, 0.00078729243, 0.00014331115, 0.00078729243, 10.035855, 0.00046530177, 0.00014331115, 0.00078729243, -0.00017867949
1.399, 0.00014331115, 0.00046530177, -0.00017867949, 0.00014331115, 10.034568, 0.00014331115, 0.00014331115, 0.00014331115, -0.0005006701
1.4000000000000001, -0.00017867949, 0.00078729243, -0.0005006701, -0.00017867949, 10.035212, 0.00014331115, 0.00046530177, 0.00014331115, -0.00082266075
1.401, -0.0005006701, 0.00014331115, -0.0005006701, -0.00017867949, 10.034889, 0.00014331115, -0.0005006701, 0.00014331115, -0.0005006701
1.4020000000000001, 0.00014331115, 0.00014331115, -0.00017867949, 0.00014331115, 10.033924, -0.00017867949, -0.00017867949, 0.00046530177, -0.0005006701
1.403, 0.00014331115, -0.00017867949, -0.00017867949, 0.00046530177, 10.035212, 0.00014331115, -0.00017867949, 0.00014331115, -0.0005006701
1.4040000000000001, 0.00046530177, -0.00017867949, 0.00014331115, 0.00046530177, 10.035212, 0.00014331115, -0.00017867949, 0.00014331115, -0.0005006701
1.405, -0.0005006701, -0.0005006701, -0.00017867949, 0.00014331115, 10.036821, -0.00017867949, -0.0005006701, 0.00014331115, 0.00078729243
1.4060000000000001, 0.00014331115, 0.00046530177, 0.00014331115, -0.0005006701, 10.036178, 0.00014331115, 0.00014331115, 0.00046530177, -0.00017867949
1.407, -0.00017867949, 0.00014331115, 0.00014331115, -0.0005006701, 10.035534, 0.00014331115, -0.00017867949, 0.00014331115, -0.00082266075
1.408, -0.00017867949, -0.00017867949, 0.00014331115, -0.00017867949, 10.033602, 0.00014331115, 0.00014331115, 0.00014331115, -0.00017867949
1.409, -0.00017867949, 0.00046530177, -0.0005006701, 0.00046530177, 10.034568, -0.00017867949, -0.0005006701, 0.00078729243, -0.0005006701
1.41, 0.00014331115, 0.00046530177, 0.00014331115, 0.00046530177, 10.035212, 0.00078729243, 0.00014331115, 0.00014331115, -0.0005006701
1.411, 0.00046530177, 0.00014331115, 0.00014331115, -0.0005006701, 10.034889, 0.00046530177, -0.00017867949, 0.00046530177, -0.0005006701
1.412, 0.00014331115, 0.00046530177, 0.00014331115, 0.00014331115, 10.035212, 0.00014331115, -0.0005006701, 0.00046530177, -0.0005006701
1.413, 0.00014331115, 0.00046530177, -0.00017867949, -0.00017867949, 10.035212, 0.00014331115, -0.0005006701, 0.00014331115, -0.00017867949
1.414, 0.00046530177, 0.00014331115, -0.00017867949, -0.00082266075, 10.036178, 0.00014331115, 0.00014331115, 0.0011092831, 0.00014331115
1.415, -0.00017867949, 0.00014331115, 0.00014331115, -0.00017867949, 10.034889, 0.00046530177, -0.0005006701, 0.00078729243, -0.0005006701
1.416, -0.00017867949, 0.00014331115, 0.00046530177, 0.00014331115, 10.035855, -0.00017867949, -0.00017867949, -0.00017867949, -0.0005006701
1.417, -0.00017867949, 0.00014331115, 0.00014331115, -0.00017867949, 10.036178, 0.00046530177, -0.00017867949, 0.00014331115, -0.00082266075
1.418, -0.00017867949, 0.0011092831, -0.00017867949, -0.0005006701, 10.034889, -0.0005006701, 0.00014331115, 0.00046530177, -0.00082266075
1.419, -0.00017867949, 0.00014331115, 0.00014331115, 0.00014331115, 10.034568, -0.00017867949, -0.00082266075, 0.00078729243, -0.00082266075
1.42, -0.0005006701, 0.00014331115, 0.00078729243, -0.00017867949, 10.035534, 0.00014331115, -0.00082266075, 0.00014331115, -0.00017867949
1.421, -0.00017867949, -0.00017867949, -0.00017867949, -0.00017867949, 10.034889, 0.00046530177, 0.00014331115, -0.00017867949, -0.00017867949
1.422, 0.00046530177, 0.00014331115, 0.00046530177, 0.00014331115, 10.034568, -0.00017867949, -0.00017867949, 0.00078729243, -0.00017867949
1.423, 0.00014331115, 0.00014331115, -0.00017867949, 0.00014331115, 10.034568, -0.0005006701, -0.00017867949, 0.00046530177, -0.0005006701
1.424, 0.00014331115, 0.00014331115, -0.00017867949, -0.00017867949, 10.033924, -0.00017867949, -0.0005006701, 0.00046530177, 0.00014331115
1.425, -0.0005006701, 0.00014331115, -0.00017867949, 0.00014331115, 10.035212, -0.00017867949, 0.00014331115, 0.00014331115, -0.0005006701
1.426, -0.00017867949, 0.00014331115, 0.00046530177, 0.00046530177, 10.034889, 0.00046530177, 0.00014331115, 0.00078729243, -0.00017867949
1.427, -0.00017867949, 0.00014331115, -0.00017867949, -0.00017867949, 10.035855, 0.00046530177, -0.00017867949, 0.00014331115, 0.00014331115
1.428, -0.00017867949, 0.00078729243, -0.0005006701, 0.00078729243, 10.036178, 0.00014331115, 0.00014331115, 0.00014331115, 0.00014331115
1.429, 0.00014331115, 0.00014331115, -0.00017867949, -0.00017867949, 10.035534, -0.00017867949, 0.00014331115, 0.00046530177, -0.0005006701
1.43, -0.00017867949, 0.00078729243, 0.00014331115, -0.00017867949, 10.035855, 0.00046530177, -0.0005006701, 0.00014331115, 0.00014331115
1.431, -0.0005006701, 0.00014331115, -0.0005006701, 0.00046530177, 10.035212, 0.00078729243, -0.00017867949, 0.00078729243, 0.00014331115
1.432, -0.00017867949, -0.0005006701, -0.00017867949, -0.00017867949, 10.0365, 0.00014331115, 0.00014331115, 0.00078729243, -0.0005006701
1.433, -0.0005006701, -0.00017867949, -0.00017867949, -0.00017867949, 10.035212, -0.0005006701, 0.00014331115, 0.00014331115, 0.00014331115
1.434, -0.00017867949, -0.00017867949, -0.00017867949, 0.00014331115, 10.034889, -0.00017867949, -0.00017867949, 0.00046530177, -0.0005006701
1.435, -0.00017867949, 0.00078729243, 0.00046530177, 0.00014331115, 10.034889, -0.00017867949, 0.00014331115, 0.00078729243, -0.0005006701
1.436, -0.00017867949, 0.00014331115, 0.00014331115, -0.00017867949, 10.034568, 0.00014331115, -0.00017867949, 0.00078729243, -0.00017867949
1.437, -0.00017867949, 0.00014331115, -0.00017867949, 0.00014331115, 10.035534, 0.00014331115, -0.00082266075, 0.00046530177, -0.0005006701
1.438, 0.00014331115, 0.00078729243, 0.00014331115, 0.00014331115, 10.034568, -0.00017867949, -0.00017867949, -0.00017867949, -0.0005006701
1.439, 0.00014331115, -0.00017867949, 0.00046530177, 0.00014331115, 10.035212, 0.00014331115, 0.00046530177, 0.00014331115, -0.0005006701
1.44, -0.00017867949, 0.00046530177, -0.00017867949, -0.00017867949, 10.034889, -0.0005006701, -0.00017867949, -0.0005006701, 0.00014331115
1.441, 0.00014331115, 0.00014331115, 0.00014331115, -0.00017867949, 10.035212, -0.0005006701, 0.00014331115, 0.00046530177, 0.00014331115
1.442, 0.00078729243, -0.0005006701, -0.00017867949, -0.0005006701, 10.035534, -0.0005006701, -0.00017867949, 0.00046530177, -0.00082266075
1.443, -0.0005006701, 0.00046530177, 0.00014331115, -0.00017867949, 10.034889, -0.0005006701, 0.00014331115, 0.00046530177, -0.0005006701
1.444, -0.00017867949, 0.00046530177, -0.00017867949, -0.0005006701, 10.033924, -0.00017867949, -0.00017867949, 0.00078729243, -0.0005006701
1.445, -0.0005006701, -0.00017867949, -0.00017867949, 0.00046530177, 10.034568, 0.00014331115, -0.00082266075, 0.00014331115, -0.00017867949
1.446, -0.00017867949, -0.0005006701, -0.0005006701, 0.00014331115, 10.035855, -0.00017867949, -0.00017867949, 0.00046530177, -0.0005006701
1.447, 0.00014331115, -0.00017867949, -0.00017867949, 0.00014331115, 10.035855, 0.00014331115, -0.0005006701, 0.00078729243, -0.0005006701
1.448, -0.00017867949, 0.00046530177, -0.00017867949, -0.0005006701, 10.037144, 0.00014331115, -0.00017867949, -0.00017867949, -0.00017867949
1.449, -0.00017867949, -0.0005006701, 0.00014331115, -0.00017867949, 10.035534, 0.00014331115, -0.00017867949, 0.00046530177, -0.0005006701
1.45, -0.00082266075, -0.00017867949, 0.00014331115, -0.00017867949, 10.035855, -0.0005006701, -0.00017867949, 0.00046530177, -0.00082266075
1.451, -0.00017867949, 0.00046530177, 0.00046530177, 0.00046530177, 10.034568, 0.00014331115, -0.0005006701, 0.00014331115, -0.00017867949
1.452, -0.0005006701, 0.00014331115, 0.00014331115, -0.0005006701, 10.035212, 0.00014331115, -0.0005006701, 0.00014331115, 0.00014331115
1.453, -0.00017867949, 0.00046530177, 0.00014331115, 0.00046530177, 10.034889, -0.00017867949, 0.00046530177, 0.00046530177, -0.0005006701
1.454, -0.0005006701, 0.00046530177, -0.00017867949, 0.00078729243, 10.034889, 0.00046530177, -0.0005006701, 0.00078729243, -0.00017867949
1.455, 0.00014331115, 0.00014331115, -0.00017867949, 0.00014331115, 10.035534, 0.00078729243, -0.0005006701, -0.00017867949, -0.00017867949
1.456, 0.00014331115, 0.00046530177, -0.00017867949, -0.0005006701, 10.035212, -0.00017867949, -0.00017867949, 0.00046530177, -0.00017867949
1.457, 0.00014331115, 0.00014331115, 0.00046530177, -0.00017867949, 10.035855, -0.00017867949, 0.00014331115, 0.00014331115, -0.00017867949
1.458, -0.00017867949, 0.00014331115, 0.00046530177, 0.00014331115, 10.035212, -0.0005006701, 0.00014331115, 0.00046530177, -0.00017867949
1.459, -0.0005006701, -0.00017867949, 0.00046530177, 0.00014331115, 10.034889, 0.00046530177, -0.00017867949, 0.00046530177, -0.00017867949
1.46, -0.00082266075, 0.00014331115, -0.0005006701, 0.00014331115, 10.035212, 0.00014331115, 0.00014331115, 0.00046530177, 0.00014331115
1.461, 0.00014331115, 0.00014331115, -0.00017867949, -0.0005006701, 10.033602, -0.00017867949, -0.0005006701, -0.00017867949, -0.00017867949
1.462, -0.0005006701, 0.00046530177, -0.00017867949, -0.00017867949, 10.033924, -0.00017867949, 0.00014331115, 0.00014331115, -0.00017867949
1.463, -0.00017867949, -0.00082266075, -0.00017867949, -0.00017867949, 10.033924, 0.00014331115, -0.0005006701, 0.00014331115, -0.00017867949
1.464, 0.00014331115, 0.00046530177, -0.00017867949, 0.00014331115, 10.035212, 0.00014331115, 0.00046530177, 0.00078729243, -0.00082266075
1.465, -0.0005006701, -0.00017867949, -0.00082266075, -0.0005006701, 10.035212, 0.00014331115, 0.00014331115, 0.00046530177, -0.00017867949
1.466, -0.0005006701, 0.00014331115, 0.00014331115, -0.00082266075, 10.035855, 0.00014331115, 0.00014331115, 0.00046530177, 0.00014331115
1.467, 0.00014331115, -0.00017867949, 0.00014331115, 0.00014331115, 10.034568, 0.00014331115, 0.00014331115, 0.00046530177, -0.00017867949
1.468, -0.00017867949, -0.00017867949, 0.00046530177, -0.00017867949, 10.034889, 0.00014331115, 0.00014331115, 0.00014331115, -0.0005006701
1.469, 0.00014331115, -0.00017867949, 0.00014331115, 0.00014331115, 10.034568, 0.00014331115, -0.00017867949, 0.00046530177, 0.00014331115
1.47, -0.00017867949, 0.00046530177, -0.0005006701, -0.00017867949, 10.035855, 0.00046530177, -0.00017867949, 0.00014331115, -0.00017867949
1.471, -0.00017867949, -0.00017867949, 0.00046530177, -0.00017867949, 10.035855, 0.00014331115, 0.00014331115, -0.00017867949, -0.00017867949
1.472, -0.00017867949, 0.00014331115, -0.00017867949, 0.00046530177, 10.035534, -0.00017867949, -0.0005006701, 0.00078729243, -0.00017867949
1.473, -0.00017867949, 0.00046530177, 0.00014331115, -0.00017867949, 10.036821, 0.00014331115, -0.0005006701, -0.00017867949, -0.0005006701
1.474, -0.00017867949, 0.00014331115, 0.00014331115, -0.0005006701, 10.034568, 0.00046530177, -0.0005006701, 0.00014331115, -0.00082266075
1.475, -0.0005006701, 0.00046530177, 0.00014331115, -0.00017867949, 10.035855, -0.00017867949, -0.00017867949, 0.00014331115, -0.00082266075
1.476, 0.00014331115, -0.00017867949, 0.00014331115, 0.00014331115, 10.034568, 0.00014331115, 0.00014331115, 0.00014331115, -0.0005006701
1.477, -0.0005006701, 0.00078729243, -0.00017867949, -0.00017867949, 10.034568, -0.00017867949, -0.0005006701, 0.00046530177, -0.0005006701
1.478, 0.00014331115, 0.00014331115, -0.00017867949, -0.00017867949, 10.033924, 0.00046530177, 0.00014331115, 0.00046530177, 0.00014331115
1.479, 0.00014331115, 0.00014331115, 0.00014331115, -0.0005006701, 10.0342455, 0.00014331115, -0.00017867949, -0.0005006701, -0.00017867949
1.48, 0.00014331115, 0.00014331115, 0.00014331115, 0.00014331115, 10.035534, -0.00017867949, 0.00014331115, -0.00017867949, -0.00017867949
1.481, -0.00017867949, -0.00017867949, -0.0005006701, 0.00014331115, 10.034889, -0.00017867949, -0.00017867949, 0.00046530177, -0.00017867949
1.482, 0.00046530177, 0.00046530177, 0.00014331115, -0.00017867949, 10.0365, 0.00014331115, 0.00014331115, 0.0011092831, -0.00017867949
1.483, 0.00014331115, -0.00017867949, 0.00014331115, -0.00017867949, 10.034889, 0.00046530177, -0.0005006701, 0.00014331115, -0.00017867949
1.484, 0.00046530177, 0.00046530177, 0.00014331115, 0.00014331115, 10.035212, 0.00014331115, -0.0005006701, 0.00078729243, -0.00017867949
1.485, -0.0005006701, 0.00014331115, -0.00017867949, 0.00014331115, 10.035534, -0.00017867949, -0.00017867949, 0.00014331115, -0.00082266075
1.486, -0.00017867949, -0.0005006701, 0.00014331115, -0.0005006701, 10.035212, 0.00014331115, -0.0005006701, 0.00014331115, 0.00014331115
1.487, -0.00017867949, -0.00017867949, 0.00046530177, -0.00017867949, 10.0342455, -0.00017867949, 0.00014331115, 0.00046530177, -0.0005006701
1.488, -0.00017867949, 0.00014331115, -0.0005006701, 0.00046530177, 10.033924, -0.00017867949, -0.0005006701, 0.00014331115, -0.0005006701
1.489, -0.0005006701, 0.00046530177, -0.00017867949, 0.00014331115, 10.033924, 0.00046530177, 0.00014331115, 0.00014331115, 0.00014331115
1.49, -0.00082266075, 0.00014331115, 0.00046530177, -0.00017867949, 10.035855, 0.00046530177, 0.00014331115, 0.00046530177, -0.0005006701
1.491, 0.00014331115, 0.00014331115, -0.00017867949, 0.00046530177, 10.036821, -0.00017867949, -0.00017867949, 0.00014331115, -0.0005006701
1.492, 0.00014331115, 0.00014331115, -0.00017867949, 0.00046530177, 10.036178, 0.00014331115, -0.00017867949, 0.00014331115, -0.00017867949
1.493, -0.00017867949, -0.00017867949, -0.0005006701, 0.00046530177, 10.0365, 0.00014331115, 0.00014331115, 0.00046530177, 0.00014331115
1.494, 0.00014331115, 0.00078729243, -0.00017867949, -0.00017867949, 10.035212, 0.00014331115, -0.0005006701, 0.00014331115, -0.00017867949
1.495, -0.00017867949, 0.00014331115, 0.00014331115, 0.00046530177, 10.035534, 0.00046530177, -0.00017867949, -0.00017867949, -0.00017867949
1.496, 0.00014331115, 0.00046530177, -0.00082266075, -0.00017867949, 10.034889, 0.00014331115, 0.00046530177, 0.00046530177, 0.00014331115
1.497, 0.00014331115, 0.00014331115, 0.00046530177, 0.00014331115, 10.034568, 0.00014331115, -0.00017867949, 0.00046530177, 0.00046530177
1.498, 0.00014331115, 0.00046530177, -0.0005006701, -0.00017867949, 10.034568, -0.0005006701, 0.00014331115, 0.00014331115, 0.00014331115
1.499, 0.00014331115, 0.00078729243, -0.00017867949, 0.00014331115, 10.033924, -0.00017867949, -0.00082266075, 0.00046530177, 0.00014331115
1.5, 0.00014331115, -0.00017867949, -0.00017867949, 0.00014331115, 10.034889, 0.00014331115, -0.0005006701, 0.00046530177, -0.0005006701
1.5010000000000001, 0.00078729243, 0.00046530177, 0.00046530177, -0.00017867949, 10.033924, -0.0005006701, -0.00017867949, 0.00014331115, -0.00017867949
1.502, -0.00017867949, 0.00046530177, 0.00014331115, -0.00017867949, 10.035212, 0.00046530177, -0.00082266075, 0.00014331115, -0.00082266075
1.5030000000000001, -0.00017867949, 0.00014331115, -0.00017867949, -0.0005006701, 10.035534, -0.00082266075, -0.0005006701, 0.00014331115, -0.00017867949
1.504, 0.00078729243, 0.00014331115, -0.0005006701, 0.00046530177, 10.036178, 0.00014331115, 0.00014331115, 0.00014331115, -0.0005006701
1.5050000000000001, -0.0005006701, -0.0005006701, -0.00017867949, -0.00017867949, 10.035212, -0.00017867949, -0.0005006701, 0.00014331115, -0.00017867949
1.506, -0.0005006701, -0.00017867949, -0.00017867949, 0.00046530177, 10.034889, 0.00014331115, -0.0005006701, 0.00078729243, -0.00017867949
1.5070000000000001, -0.00017867949, 0.00014331115, 0.00014331115, -0.00017867949, 10.035534, 0.00014331115, 0.00014331115, 0.00014331115, 0.00014331115
1.508, -0.0005006701, 0.00046530177, 0.00046530177, -0.0005006701, 10.0342455, 0.00014331115, -0.00017867949, 0.00014331115, -0.0005006701
1.5090000000000001, -0.00082266075, 0.00014331115, 0.00014331115, -0.0005006701, 10.035212, -0.00017867949, -0.0005006701, 0.00046530177, 0.00014331115
1.51, -0.00017867949, 0.00014331115, 0.00014331115, 0.00014331115, 10.034568, -0.00017867949, 0.00014331115, 0.00046530177, 0.00014331115
1.5110000000000001, 0.00014331115, 0.00078729243, -0.00017867949, -0.00017867949, 10.0342455, -0.00017867949, -0.00017867949, 0.00046530177, -0.00082266075
1.512, 0.00046530177, -0.00017867949, -0.0005006701, -0.00017867949, 10.0342455, -0.00017867949, -0.00017867949, 0.00046530177, -0.00017867949
1.5130000000000001, 0.00014331115, -0.00017867949, -0.00017867949, 0.00014331115, 10.035212, -0.00017867949, 0.00014331115, -0.00017867949, -0.0005006701
1.514, 0.00014331115, -0.00017867949, 0.00046530177, 0.00014331115, 10.035534, 0.00014331115, -0.0005006701, -0.0005006701, -0.00017867949
1.5150000000000001, -0.00017867949, -0.00017867949, 0.00014331115, -0.00017867949, 10.035855, -0.0005006701, 0.00014331115, 0.00078729243, 0.00014331115
1.516, 0.00014331115, -0.00017867949, -0.00017867949, -0.0005006701, 10.035855, -0.00017867949, -0.0005006701, -0.00017867949, 0.00014331115
1.5170000000000001, -0.00017867949, 0.00014331115, -0.00017867949, -0.0005006701, 10.035212, -0.00017867949, -0.00017867949, 0.00014331115, -0.0011446514
1.518, 0.00014331115, -0.00017867949, 0.00014331115, -0.00017867949, 10.034568, 0.00014331115, -0.0011446514, 0.00014331115, -0.00017867949
1.5190000000000001, -0.0005006701, 0.00014331115, 0.00014331115, 0.00014331115, 10.033924, 0.00014331115, 0.00014331115, 0.00046530177, -0.00017867949
1.52, -0.0005006701, 0.00014331115, 0.00014331115, -0.00017867949, 10.034568, 0.00014331115, -0.0005006701, 0.00046530177, 0.00014331115
1.5210000000000001, -0.00017867949, 0.00014331115, -0.00017867949, 0.00046530177, 10.034568, 0.00014331115, -0.0005006701, -0.00017867949, -0.00017867949
1.522, 0.00014331115, -0.0005006701, 0.00046530177, 0.00078729243, 10.035212, 0.00046530177, 0.00014331115, -0.00017867949, -0.00017867949
1.5230000000000001, 0.00046530177, -0.00017867949, 0.00046530177, 0.00014331115, 10.035534, -0.00017867949, -0.00017867949, 0.00078729243, -0.0005006701
1.524, -0.00017867949, 0.00014331115, -0.00017867949, 0.00014331115, 10.035534, -0.00017867949, 0.00014331115, 0.00078729243, -0.00017867949
1.5250000000000001, -0.00017867949, 0.00014331115, 0.00014331115, 0.00014331115, 10.037144, 0.00046530177, -0.0005006701, 0.00014331115, -0.00017867949
1.526, -0.00017867949, 0.00014331115, 0.00046530177, 0.00046530177, 10.035855, 0.00014331115, -0.00017867949, 0.00078729243, -0.00017867949
1.5270000000000001, -0.0005006701, 0.00014331115, -0.00017867949, -0.0005006701, 10.034889, 0.00014331115, 0.00014331115, 0.00014331115, -0.00017867949
1.528, 0.00078729243, 0.00014331115, 0.00046530177, 0.00046530177, 10.0342455, 0.00014331115, -0.00017867949, 0.00046530177, 0.00014331115
1.5290000000000001, 0.00014331115, -0.00017867949, 0.00014331115, 0.00046530177, 10.0342455, 0.00046530177, -0.0005006701, 0.00046530177, -0.00017867949
1.53, 0.00014331115, 0.00014331115, 0.00014331115, -0.0011446514, 10.033602, 0.00046530177, 0.00046530177, 0.00046530177, -0.00017867949
1.5310000000000001, 0.00014331115, 0.00014331115, -0.00017867949, 0.00014331115, 10.0342455, -0.00017867949, -0.00017867949, -0.00017867949, -0.00017867949
1.532, 0.00014331115, 0.00014331115, -0.00017867949, -0.00017867949, 10.035212, 0.00046530177, 0.00014331115, 0.00014331115, 0.00046530177
1.5330000000000001, 0.00014331115, 0.00014331115, -0.00017867949, -0.00017867949, 10.035534, 0.00014331115, 0.00014331115, 0.00046530177, -0.00082266075
1.534, 0.00014331115, 0.00014331115, 0.00014331115, 0.00014331115, 10.0365, 0.00014331115, -0.00017867949, 0.00014331115, -0.00017867949
1.5350000000000001, -0.00017867949, 0.00046530177, 0.00046530177, 0.00046530177, 10.035534, 0.00046530177, -0.0005006701, 0.00078729243, -0.0005006701
1.536, 0.00046530177, 0.00014331115, -0.00017867949, -0.0005006701, 10.035855, 0.00014331115, -0.00017867949, 0.00014331115, -0.0005006701
1.537, 0.00014331115, 0.00078729243, 0.00014331115, 0.00014331115, 10.034889, 0.00046530177, 0.00014331115, 0.00014331115, -0.0005006701
1.538, -0.0005006701, 0.00014331115, 0.00014331115, 0.00014331115, 10.0342455, 0.00014331115, 0.00014331115, 0.00046530177, 0.00046530177
1.539, -0.00082266075, 0.00046530177, 0.00014331115, 0.00014331115, 10.0342455, 0.00014331115, -0.00017867949, -0.00017867949, -0.00017867949
1.54, -0.00017867949, -0.0005006701, 0.00046530177, -0.00017867949, 10.0342455, 0.00014331115, -0.0005006701, 0.00046530177, -0.00017867949
1.541, -0.0005006701, 0.00046530177, 0.00014331115, 0.00046530177, 10.035212, -0.00017867949, 0.00014331115, -0.00017867949, -0.00082266075
1.542, -0.0005006701, 0.00046530177, 0.00078729243, 0.00014331115, 10.034568, 0.00014331115, -0.00017867949, 0.00078729243, -0.00082266075
1.543, 0.00014331115, -0.00017867949, -0.00017867949, 0.00046530177, 10.035534, -0.00017867949, -0.00017867949, 0.00046530177, -0.00017867949
1.544, -0.0005006701, -0.00017867949, 0.00014331115, -0.00017867949, 10.035212, -0.00082266075, 0.00046530177, -0.00017867949, -0.00082266075
1.545, 0.00014331115, -0.0005006701, -0.00017867949, 0.00014331115, 10.035534, -0.00017867949, 0.00014331115, -0.00017867949, -0.00017867949
1.546, -0.0005006701, 0.00014331115, -0.00017867949, -0.00017867949, 10.034889, -0.00017867949, -0.0005006701, 0.00014331115, 0.00014331115
1.547, -0.0005006701, -0.00017867949, -0.00017867949, -0.0005006701, 10.034889, 0.00014331115, -0.00017867949, 0.00078729243, -0.00017867949
1.548, -0.00017867949, 0.00046530177, -0.00017867949, -0.00017867949, 10.035212, -0.00017867949, 0.00014331115, 0.00078729243, -0.0005006701
1.549, -0.00082266075, 0.00046530177, 0.00014331115, 0.00014331115, 10.033924, 0.00014331115, -0.00017867949, 0.00046530177, -0.0005006701
1.55, -0.00017867949, -0.00017867949, -0.0005006701, -0.00017867949, 10.035534, 0.00046530177, 0.00046530177, 0.00014331115, -0.00082266075
1.551, 0.00014331115, 0.00014331115, -0.00017867949, 0.00014331115, 10.035534, 0.00046530177, -0.0005006701, 0.00046530177, -0.0005006701
1.552, -0.00017867949, -0.0005006701, 0.00014331115, -0.0005006701, 10.035212, -0.00017867949, -0.00017867949, 0.00078729243, -0.00017867949
1.553, 0.00014331115, 0.00014331115, -0.0005006701, -0.00017867949, 10.033924, -0.00017867949, -0.00017867949, 0.00014331115, -0.00017867949
1.554, 0.00014331115, 0.00046530177, -0.00017867949, 0.00014331115, 10.034568, 0.00014331115, 0.00014331115, 0.00046530177, -0.0005006701
1.555, -0.00017867949, -0.00017867949, 0.00014331115, -0.00017867949, 10.0342455, 0.00046530177, -0.00017867949, 0.00014331115, 0.00014331115
1.556, -0.00017867949, 0.00014331115, 0.00014331115, -0.00082266075, 10.034889, 0.00014331115, -0.00017867949, 0.00046530177, -0.0005006701
1.557, 0.00046530177, 0.00078729243, 0.00014331115, 0.00014331115, 10.035212, 0.00014331115, 0.00014331115, -0.0005006701, -0.00017867949
1.558, 0.00014331115, -0.00017867949, -0.00017867949, -0.00017867949, 10.034889, 0.00078729243, 0.00046530177, 0.00014331115, -0.0005006701
1.559, 0.00014331115, 0.00046530177, -0.00017867949, 0.00014331115, 10.035855, -0.00017867949, 0.00046530177, 0.00046530177, -0.0005006701
1.56, 0.00046530177, 0.00014331115, 0.00014331115, -0.0005006701, 10.033924, 0.00014331115, 0.00014331115, 0.00046530177, -0.0005006701
1.561, 0.00014331115, 0.00014331115, 0.00014331115, 0.00014331115, 10.035534, 0.00078729243, -0.00017867949, 0.00046530177, -0.0005006701
1.562, -0.00017867949, -0.00082266075, 0.00014331115, 0.00014331115, 10.035212, 0.00014331115, 0.00014331115, 0.00014331115, -0.00082266075
1.563, -0.0005006701, 0.00046530177, 0.00046530177, -0.00017867949, 10.035212, 0.00014331115, 0.00014331115, 0.00014331115, -0.00082266075
1.564, -0.00082266075, 0.00014331115, -0.00017867949, -0.0005006701, 10.034889, 0.00014331115, -0.00017867949, 0.00078729243, 0.00046530177
1.565, -0.00017867949, 0.00014331115, 0.00046530177, -0.00017867949, 10.034889, 0.00046530177, -0.00017867949, 0.00046530177, -0.0005006701
1.566, 0.00014331115, 0.00046530177, 0.00046530177, 0.00014331115, 10.035855, -0.00017867949, 0.00014331115, 0.00046530177, -0.0005006701
1.567, -0.0005006701, -0.00017867949, -0.00017867949, -0.00017867949, 10.034889, -0.00017867949, -0.0005006701, 0.00046530177, -0.0005006701
1.568, -0.00017867949, 0.00014331115, -0.00017867949, 0.00046530177, 10.0365, -0.00017867949, -0.0005006701, -0.00017867949, -0.00017867949
1.569, -0.00082266075, -0.00017867949, -0.0005006701, -0.00017867949, 10.035212, -0.0005006701, -0.00017867949, 0.00014331115, -0.00017867949
1.57, 0.00014331115, 0.00014331115, -0.00017867949, -0.00017867949, 10.036178, 0.00014331115, -0.00017867949, 0.00014331115, -0.0005006701
1.571, 0.00014331115, 0.00046530177, -0.00017867949, 0.00014331115, 10.034889, 0.00046530177, 0.00014331115, 0.00046530177, -0.0005006701
1.572, 0.00046530177, 0.00014331115, 0.00014331115, 0.00014331115, 10.035534, 0.00014331115, -0.0005006701, 0.00046530177, -0.00017867949
1.573, -0.0005006701, 0.00014331115, 0.00014331115, 0.00014331115, 10.034889, 0.00046530177, -0.0005006701, 0.00046530177, -0.00017867949
1.574, -0.00017867949, -0.00017867949, -0.00017867949, 0.00014331115, 10.034568, -0.0005006701, -0.00017867949, 0.00014331115, -0.0005006701
1.575, -0.00017867949, 0.00078729243, -0.00017867949, -0.00017867949, 10.034889, 0.00046530177, -0.0005006701, -0.00017867949, -0.0005006701
1.576, -0.00017867949, -0.0005006701, 0.00014331115, -0.00017867949, 10.033924, 0.00046530177, 0.00014331115, -0.0005006701, -0.0005006701
1.577, 0.00046530177, -0.00017867949, 0.00014331115, 0.00014331115, 10.035212, -0.00017867949, 0.00014331115, -0.00017867949, -0.0005006701
1.578, 0.00014331115, 0.00014331115, -0.0005006701, 0.00014331115, 10.034568, 0.00014331115, 0.00014331115, 0.00078729243, -0.00017867949
1.579, -0.00017867949, 0.00078729243, 0.00046530177, 0.00046530177, 10.035855, 0.00014331115, 0.00046530177, 0.00014331115, -0.0005006701
1.58, 0.00046530177, 0.00014331115, 0.00014331115, -0.0005006701, 10.034889, 0.00014331115, -0.0005006701, 0.00014331115, 0.00014331115
1.581, -0.00017867949, 0.00014331115, 0.00046530177, 0.00046530177, 10.036178, 0.00014331115, -0.00017867949, 0.00014331115, -0.0005006701
1.582, -0.00017867949, -0.00017867949, -0.00017867949, -0.00017867949, 10.035855, 0.00014331115, 0.00014331115, 0.00014331115, 0.00046530177
1.583, -0.00017867949, -0.00017867949, 0.00014331115, -0.0005006701, 10.034568, 0.00046530177, 0.00046530177, 0.00014331115, -0.0005006701
1.584, 0.00046530177, -0.00017867949, -0.00017867949, 0.00014331115, 10.034889, -0.0005006701, 0.00014331115, 0.00046530177, -0.00017867949
1.585, -0.00017867949, 0.00014331115, 0.00014331115, 0.00046530177, 10.033602, -0.00017867949, 0.00014331115, 0.00046530177, -0.0005006701
1.586, -0.00017867949, -0.00017867949, -0.00017867949, 0.00014331115, 10.035855, -0.0005006701, 0.00014331115, 0.00078729243, -0.00017867949
1.587, 0.00046530177, 0.00014331115, -0.00017867949, 0.00014331115, 10.035212, -0.00017867949, -0.0005006701, 0.00078729243, -0.0005006701
1.588, 0.00014331115, 0.00014331115, -0.00017867949, -0.00017867949, 10.035212, 0.00014331115, 0.00014331115, 0.00046530177, -0.00082266075
1.589, -0.00017867949, -0.00017867949, 0.00014331115, 0.00014331115, 10.034568, 0.00014331115, -0.00017867949, 0.00078729243, -0.0005006701
1.59, -0.00082266075, -0.00017867949, 0.00046530177, -0.0005006701, 10.035855, -0.0005006701, 0.00014331115, -0.00017867949, -0.0005006701
1.591, -0.00017867949, -0.00017867949, -0.00082266075, 0.00014331115, 10.0365, 0.00014331115, 0.00014331115, 0.00078729243, -0.00017867949
1.592, 0.00046530177, 0.00078729243, -0.00017867949, 0.00014331115, 10.034568, 0.00014331115, -0.00017867949, 0.00046530177, -0.00017867949
1.593, -0.00017867949, 0.00014331115, -0.0005006701, -0.0005006701, 10.0342455, 0.00014331115, 0.00014331115, 0.00046530177, -0.00017867949
1.594, -0.0005006701, 0.00014331115, 0.00014331115, -0.00017867949, 10.0342455, -0.0005006701, 0.00014331115, 0.00046530177, -0.0005006701
1.595, 0.00046530177, 0.00014331115, 0.00046530177, -0.00017867949, 10.035212, 0.00014331115, -0.00017867949, 0.00014331115, -0.0005006701
1.596, -0.00017867949, 0.00078729243, 0.00046530177, 0.00014331115, 10.034568, 0.00014331115, 0.00046530177, 0.00014331115, -0.00017867949
1.597, -0.00017867949, 0.00014331115, -0.0005006701, -0.00017867949, 10.035212, 0.00014331115, 0.00014331115, 0.00078729243, -0.0005006701
1.598, -0.00017867949, 0.00014331115, 0.00046530177, 0.00046530177, 10.035212, -0.00017867949, 0.00046530177, 0.00014331115, 0.00046530177
1.599, 0.00014331115, 0.00014331115, 0.00014331115, 0.00014331115, 10.035534, 0.00046530177, -0.00082266075, 0.00014331115, -0.00017867949
1.6, 0.00014331115, 0.00014331115, 0.00014331115, -0.00017867949, 10.0342455, 0.00014331115, -0.00017867949, 0.00014331115, -0.0005006701
1.601, -0.00017867949, 0.00014331115, 0.00014331115, -0.0005006701, 10.034568, 0.00046530177, -0.00017867949, -0.00017867949, 0.00014331115
1.602, -0.00017867949, -0.00017867949, -0.0005006701, -0.00017867949, 10.035534, 0.00046530177, -0.00017867949, 0.00046530177, -0.0005006701
1.603, 0.00014331115, 0.00014331115, -0.00017867949, -0.00017867949, 10.0365, -0.00017867949, 0.00046530177, 0.00014331115, -0.00017867949
1.604, -0.00017867949, 0.00014331115, 0.00014331115, -0.0005006701, 10.035855, 0.00014331115, 0.00014331115, 0.00014331115, -0.00017867949
1.605, 0.00014331115, 0.00014331115, -0.0005006701, 0.00046530177, 10.0342455, 0.00046530177, 0.00014331115, 0.00046530177, -0.00082266075
1.606, 0.00014331115, 0.00046530177, -0.0005006701, 0.00078729243, 10.034568, 0.00014331115, -0.00017867949, 0.00014331115, -0.00017867949
1.607, -0.00017867949, 0.00014331115, 0.00014331115, -0.0005006701, 10.0342455, -0.00017867949, -0.00017867949, 0.00046530177, -0.00017867949
1.608, -0.00017867949, -0.00017867949, 0.00046530177, 0.00046530177, 10.034889, -0.0005006701, -0.00017867949, -0.00017867949, -0.0005006701
1.609, -0.00017867949, 0.00014331115, -0.00017867949, 0.00014331115, 10.034889, 0.00014331115, 0.00014331115, 0.00046530177, -0.00082266075
1.61, -0.0005006701, 0.00014331115, 0.00014331115, -0.00017867949, 10.0342455, -0.00017867949, 0.00014331115, -0.00017867949, -0.00017867949
1.611, -0.0005006701, 0.00046530177, 0.00046530177, 0.00078729243, 10.0365, -0.00017867949, -0.00082266075, -0.00017867949, -0.0005006701
1.612, 0.00046530177, -0.00017867949, 0.00014331115, 0.00046530177, 10.034568, 0.00014331115, -0.0005006701, 0.00014331115, 0.00014331115
1.613, -0.00017867949, 0.00078729243, 0.00046530177, 0.00014331115, 10.035534, -0.00017867949, 0.00046530177, 0.00014331115, -0.00017867949
1.614, -0.00017867949, 0.00014331115, -0.00017867949, -0.00017867949, 10.034889, 0.00014331115, -0.0005006701, 0.00014331115, -0.0005006701
1.615, -0.00017867949, 0.0011092831, 0.00014331115, -0.00017867949, 10.035534, 0.00014331115, -0.00017867949, 0.00046530177, -0.00017867949
1.616, 0.00046530177, -0.00017867949, -0.00017867949, 0.00046530177, 10.035534, 0.00014331115, -0.00017867949, 0.00014331115, -0.00017867949
1.617, 0.00014331115, -0.00017867949, 0.00014331115, 0.00014331115, 10.035534, 0.00014331115, 0.00014331115, 0.00046530177, -0.00017867949
1.618, 0.00014331115, 0.00014331115, -0.0005006701, -0.00017867949, 10.0342455, -0.0005006701, -0.0005006701, -0.00017867949, -0.00017867949
1.619, 0.00014331115, 0.00046530177, -0.0005006701, 0.00014331115, 10.034568, 0.00046530177, -0.0005006701, -0.0005006701, -0.00017867949
1.62, -0.00017867949, 0.00078729243, -0.0005006701, 0.00014331115, 10.0342455, 0.00014331115, -0.00017867949, 0.00014331115, -0.00082266075
1.621, -0.0005006701, -0.00017867949, 0.00014331115, -0.00017867949, 10.034568, 0.00046530177, -0.0005006701, 0.00078729243, -0.00082266075
1.622, -0.00017867949, 0.00046530177, -0.00017867949, 0.00046530177, 10.035212, -0.00082266075, 0.00046530177, 0.00014331115, -0.00082266075
1.623, -0.0005006701, -0.00017867949, 0.00014331115, -0.00017867949, 10.035534, 0.00078729243, -0.00017867949, 0.00078729243, 0.00014331115
1.624, -0.0005006701, -0.00017867949, -0.00082266075, 0.00014331115, 10.037144, 0.00014331115, 0.00046530177, 0.00078729243, -0.00082266075
1.625, -0.00017867949, 0.00014331115, -0.00017867949, -0.00017867949, 10.035534, -0.00017867949, -0.0005006701, -0.0005006701, -0.00017867949
1.6260000000000001, 0.00014331115, 0.00046530177, 0.00046530177, -0.0005006701, 10.034568, -0.00017867949, -0.0005006701, 0.00046530177, 0.00014331115
1.627, -0.00017867949, 0.00014331115, 0.00046530177, -0.00017867949, 10.034568, 0.00046530177, -0.0005006701, 0.00014331115, -0.00017867949
1.6280000000000001, -0.00017867949, -0.00017867949, -0.0005006701, -0.00017867949, 10.0342455, -0.00017867949, -0.00017867949, 0.00014331115, -0.0005006701
1.629, 0.00046530177, 0.00078729243, 0.00046530177, 0.00046530177, 10.035855, -0.00017867949, -0.00017867949, 0.00046530177, -0.0011446514
1.6300000000000001, -0.00017867949, 0.00014331115, -0.00082266075, 0.00078729243, 10.035212, -0.00017867949, -0.0005006701, 0.00014331115, -0.0005006701
1.631, -0.00017867949, -0.00017867949, -0.00017867949, -0.00017867949, 10.036178, 0.00014331115, -0.00017867949, 0.00046530177, -0.00082266075
1.6320000000000001, 0.00046530177, 0.00046530177, 0.00014331115, 0.00014331115, 10.034568, 0.00046530177, -0.00017867949, 0.00078729243, -0.0005006701
1.633, -0.0005006701, 0.00014331115, -0.00017867949, 0.00014331115, 10.0342455, -0.0005006701, -0.0005006701, 0.0011092831, 0.00014331115
1.6340000000000001, -0.00017867949, -0.00017867949, 0.00014331115, -0.0005006701, 10.035212, -0.0005006701, -0.0005006701, 0.00014331115, -0.00017867949
1.635, 0.00014331115, 0.00078729243, 0.00014331115, 0.00014331115, 10.035855, 0.00014331115, -0.00017867949, 0.00046530177, -0.00017867949
1.6360000000000001, -0.0005006701, 0.00014331115, -0.0005006701, -0.00017867949, 10.034568, 0.00014331115, -0.00017867949, 0.00078729243, -0.00017867949
1.637, 0.00014331115, 0.00078729243, -0.0005006701, -0.0005006701, 10.034568, 0.00014331115, -0.00017867949, 0.00078729243, 0.00014331115
1.6380000000000001, -0.0005006701, -0.00017867949, -0.0005006701, -0.00017867949, 10.035855, 0.00014331115, -0.00017867949, 0.00014331115, -0.00017867949
1.639, 0.00014331115, -0.00017867949, 0.00046530177, 0.00014331115, 10.035212, 0.00014331115, 0.00014331115, 0.00078729243, -0.00017867949
1.6400000000000001, -0.0005006701, -0.00017867949, -0.0005006701, -0.00017867949, 10.035212, 0.00014331115, -0.0011446514, 0.00046530177, -0.00017867949
1.641, 0.00014331115, 0.00046530177, -0.0005006701, 0.00046530177, 10.034568, 0.00046530177, -0.0005006701, 0.00014331115, -0.00082266075
1.6420000000000001, -0.00017867949, 0.00046530177, 0.00014331115, -0.00017867949, 10.0342455, 0.00014331115, 0.00014331115, 0.00046530177, -0.0005006701
1.643, -0.0005006701, 0.00014331115, 0.00014331115, 0.00046530177, 10.034889, -0.00017867949, -0.00017867949, 0.00046530177, -0.00082266075
1.6440000000000001, -0.00017867949, 0.00046530177, -0.00017867949, -0.0005006701, 10.035212, 0.00046530177, -0.00017867949, -0.00017867949, 0.00014331115
1.645, -0.00017867949, -0.00017867949, 0.00046530177, 0.00014331115, 10.036178, -0.00017867949, 0.00014331115, 0.00014331115, -0.00017867949
1.6460000000000001, 0.00014331115, -0.00017867949, -0.00017867949, 0.00014331115, 10.035212, 0.00014331115, -0.0005006701, 0.00046530177, -0.0005006701
1.647, -0.00017867949, 0.00014331115, 0.00046530177, 0.00046530177, 10.034889, 0.00014331115, 0.00078729243, 0.00078729243, 0.00046530177
1.6480000000000001, -0.00017867949, -0.00017867949, 0.00046530177, 0.00014331115, 10.0342455, 0.00014331115, -0.0005006701, -0.00017867949, -0.00017867949
1.649, 0.00014331115, 0.00078729243, 0.00014331115, 0.00046530177, 10.034568, 0.00014331115, 0.00014331115, 0.00046530177, -0.00017867949
1.6500000000000001, 0.00014331115, 0.00014331115, -0.00017867949, 0.00014331115, 10.034568, 0.00078729243, -0.00017867949, 0.00014331115, -0.0005006701
1.651, -0.00017867949, -0.00017867949, -0.00017867949, -0.00017867949, 10.034568, -0.0005006701, 0.00014331115, 0.00046530177, -0.0005006701
1.6520000000000001, 0.00014331115, -0.00017867949, 0.00046530177, 0.00014331115, 10.035212, -0.0005006701, 0.00014331115, 0.00046530177, -0.00017867949
1.653, 0.00014331115, 0.00046530177, 0.00014331115, 0.00014331115, 10.034889, 0.00014331115, -0.00017867949, 0.00046530177, 0.00046530177
1.6540000000000001, 0.00014331115, 0.00046530177, 0.00014331115, 0.00046530177, 10.035855, -0.00017867949, -0.00017867949, 0.00046530177, -0.00017867949
1.655, -0.00017867949, 0.00046530177, -0.00017867949, 0.00046530177, 10.035534, 0.00046530177, -0.0005006701, 0.00046530177, 0.00014331115
1.6560000000000001, -0.00017867949, 0.00046530177, 0.00046530177, -0.00017867949, 10.036178, -0.00017867949, -0.00082266075, 0.00014331115, 0.00014331115
1.657, -0.0005006701, 0.00046530177, 0.00014331115, -0.00017867949, 10.035212, 0.00014331115, 0.00014331115, -0.00017867949, -0.00017867949
1.6580000000000001, -0.00017867949, -0.00017867949, 0.00014331115, -0.0005006701, 10.0342455, -0.00017867949, -0.00017867949, 0.00014331115, -0.00017867949
1.659, -0.00017867949, -0.00017867949, 0.00014331115, 0.00014331115, 10.033924, 0.00046530177, 0.00014331115, 0.00046530177, 0.00046530177
1.6600000000000001, -0.00017867949, -0.00017867949, 0.00078729243, -0.0005006701, 10.034568, -0.00017867949, 0.00014331115, 0.00014331115, 0.00014331115
1.661, -0.00082266075, -0.00017867949, 0.00046530177, 0.00014331115, 10.034889, 0.00014331115, 0.00014331115, 0.00078729243, -0.0005006701
1.6620000000000001, -0.00017867949, 0.00046530177, -0.00017867949, 0.00014331115, 10.035212, 0.00014331115, 0.00014331115, 0.00014331115, 0.00046530177
1.663, -0.00017867949, 0.00046530177, 0.00046530177, 0.00014331115, 10.0365, -0.00017867949, 0.00014331115, 0.00046530177, -0.00017867949
1.6640000000000001, -0.0005006701, -0.0005006701, -0.00017867949, -0.0005006701, 10.035534, -0.00017867949, 0.00014331115, 0.00046530177, -0.0005006701
1.665, -0.0005006701, -0.00017867949, -0.00017867949, -0.00017867949, 10.035212, -0.00017867949, 0.00014331115, 0.00014331115, -0.0005006701
1.666, -0.0005006701, 0.00014331115, 0.00046530177, -0.00082266075, 10.0342455, -0.00017867949, -0.00017867949, -0.00017867949, -0.0005006701
1.667, -0.00017867949, 0.00014331115, -0.00082266075, -0.0005006701, 10.035212, 0.00014331115, 0.00014331115, 0.00046530177, -0.00017867949
1.668, -0.0005006701, 0.00046530177, 0.00014331115, -0.00017867949, 10.035855, 0.00078729243, -0.00017867949, -0.00017867949, -0.00017867949
1.669, -0.0005006701, 0.00014331115, 0.00046530177, 0.00014331115, 10.034889, 0.00014331115, -0.00082266075, 0.00014331115, 0.00014331115
1.67, -0.00017867949, -0.00017867949, 0.00014331115, 0.00014331115, 10.035534, 0.00078729243, -0.00017867949, 0.00078729243, 0.00046530177
1.671, -0.0005006701, 0.00014331115, 0.00014331115, -0.00017867949, 10.034568, -0.0005006701, -0.00017867949, 0.00046530177, 0.00014331115
1.672, -0.0005006701, 0.00014331115, -0.0005006701, 0.00014331115, 10.035855, -0.00017867949, -0.00017867949, -0.0005006701, -0.0005006701
1.673, 0.00046530177, -0.00017867949, 0.00046530177, 0.00014331115, 10.034568, 0.00046530177, 0.00046530177, 0.00046530177, -0.00082266075
1.674, -0.00017867949, -0.0005006701, -0.00017867949, 0.00014331115, 10.0342455, -0.0005006701, -0.0005006701, -0.00017867949, -0.00017867949
1.675, -0.0005006701, 0.00014331115, -0.00017867949, -0.0005006701, 10.0342455, 0.00014331115, -0.0005006701, 0.00014331115, 0.00014331115
1.676, -0.0005006701, 0.00014331115, 0.00046530177, -0.0005006701, 10.034568, 0.00046530177, -0.00082266075, 0.00014331115, 0.00014331115
1.677, -0.00017867949, 0.00014331115, 0.00014331115, 0.00046530177, 10.034889, -0.00017867949, 0.00014331115, 0.00014331115, 0.00014331115
1.678, 0.00046530177, 0.00014331115, -0.00017867949, 0.00014331115, 10.035855, 0.00014331115, 0.00046530177, -0.00017867949, -0.0005006701
1.679, 0.00014331115, -0.00017867949, 0.00014331115, -0.00017867949, 10.036178, 0.00014331115, 0.00046530177, -0.00017867949, -0.0005006701
1.68, 0.00046530177, -0.00017867949, 0.00014331115, -0.00017867949, 10.034568, 0.00014331115, -0.00017867949, 0.00046530177, -0.0005006701
1.681, 0.00014331115, -0.00017867949, 0.00046530177, -0.00017867949, 10.034568, 0.00014331115, 0.00014331115, -0.00017867949, 0.00014331115
1.682, 0.00014331115, -0.00017867949, -0.00017867949, -0.00017867949, 10.0342455, 0.00046530177, 0.00014331115, 0.00046530177, -0.00082266075
1.683, -0.00017867949, 0.00046530177, -0.00017867949, 0.00046530177, 10.034568, -0.00017867949, 0.00014331115, 0.00046530177, -0.00082266075
1.684, 0.00014331115, -0.00017867949, -0.0005006701, -0.00017867949, 10.035212, 0.00014331115, -0.0005006701, -0.00017867949, -0.00017867949
1.685, -0.00017867949, 0.00014331115, 0.00014331115, -0.00017867949, 10.035534, 0.00014331115, -0.0005006701, -0.00017867949, -0.0005006701
1.686, 0.00014331115, 0.00046530177, 0.00014331115, -0.00017867949, 10.035212, 0.00014331115, 0.00014331115, 0.00046530177, -0.00017867949
1.687, 0.00014331115, 0.00014331115, 0.00014331115, 0.00078729243, 10.035534, 0.00014331115, 0.00014331115, -0.00017867949, -0.0005006701
1.688, -0.00017867949, 0.00078729243, 0.00046530177, -0.00017867949, 10.035855, 0.00046530177, -0.00017867949, 0.00078729243, 0.00014331115
1.689, -0.0005006701, 0.00046530177, 0.00046530177, -0.00017867949, 10.034568, -0.00017867949, -0.00017867949, 0.00014331115, -0.0005006701
1.69, -0.0005006701, -0.00017867949, 0.00014331115, 0.00046530177, 10.035212, 0.00014331115, 0.00046530177, 0.0011092831, 0.00014331115
1.691, 0.00046530177, 0.00046530177, -0.00082266075, 0.00014331115, 10.033924, 0.00014331115, -0.00017867949, -0.00017867949, -0.00017867949
1.692, -0.00017867949, 0.00014331115, -0.00017867949, 0.00046530177, 10.035534, 0.00014331115, -0.00017867949, 0.00078729243, -0.00082266075
1.693, -0.00017867949, 0.00014331115, -0.0005006701, -0.00017867949, 10.035212, -0.0005006701, -0.0005006701, -0.00017867949, -0.00017867949
1.694, -0.00017867949, -0.00017867949, -0.00017867949, 0.00046530177, 10.035212, 0.00046530177, -0.0005006701, 0.00046530177, -0.0005006701
1.695, -0.00017867949, 0.00078729243, 0.00046530177, 0.00014331115, 10.035855, 0.00014331115, 0.00014331115, 0.00046530177, 0.00014331115
1.696, 0.00014331115, 0.00014331115, -0.00017867949, 0.00014331115, 10.035534, 0.00014331115, -0.00017867949, 0.00046530177, -0.00017867949
1.697, -0.00017867949, 0.00014331115, -0.00017867949, -0.00017867949, 10.036821, -0.00017867949, -0.0005006701, 0.0011092831, -0.00017867949
1.698, 0.00046530177, 0.00014331115, -0.00017867949, -0.00017867949, 10.035212, -0.0005006701, -0.00017867949, 0.00046530177, -0.0005006701
1.699, 0.00014331115, -0.00017867949, -0.00017867949, -0.00017867949, 10.035855, -0.0005006701, 0.00014331115, 0.00014331115, -0.00017867949
1.7, -0.00017867949, -0.00017867949, 0.00046530177, 0.00014331115, 10.035534, -0.00017867949, -0.00017867949, -0.00017867949, -0.00017867949
1.701, 0.00014331115, 0.00014331115, 0.00046530177, -0.00017867949, 10.034889, -0.00017867949, 0.00014331115, 0.00014331115, 0.00014331115
1.702, 0.00014331115, 0.00046530177, -0.0005006701, -0.0005006701, 10.034568, 0.00046530177, -0.00017867949, 0.00014331115, -0.00082266075
1.703, -0.00017867949, 0.00046530177, 0.00014331115, 0.00014331115, 10.033602, 0.00014331115, -0.00017867949, 0.00046530177, 0.00014331115
1.704, 0.00046530177, 0.00046530177, 0.00014331115, -0.00017867949, 10.034568, 0.00078729243, 0.00014331115, 0.00046530177, -0.00082266075
1.705, -0.00017867949, 0.00014331115, 0.00046530177, 0.00014331115, 10.034889, 0.00046530177, -0.0005006701, 0.00046530177, -0.00017867949
1.706, 0.00014331115, -0.00017867949, -0.0005006701, -0.00017867949, 10.035855, 0.00014331115, -0.0005006701, 0.00014331115, -0.00017867949
1.707, -0.00017867949, 0.00078729243, 0.00014331115, -0.00017867949, 10.0342455, 0.00014331115, 0.00014331115, 0.00014331115, -0.0005006701
1.708, 0.00014331115, -0.0005006701, 0.00014331115, 0.00014331115, 10.035855, 0.00046530177, -0.0005006701, 0.00014331115, -0.0005006701
1.709, -0.00017867949, -0.00017867949, -0.00017867949, -0.0005006701, 10.0342455, 0.00046530177, -0.00017867949, 0.00046530177, -0.0005006701
1.71, -0.00017867949, 0.00078729243, 0.00014331115, -0.00017867949, 10.034568, -0.00017867949, 0.00046530177, 0.00046530177, -0.00082266075
1.711, -0.0005006701, -0.00017867949, 0.00014331115, 0.00014331115, 10.035212, -0.00017867949, -0.0005006701, 0.00078729243, -0.00017867949
1.712, -0.0005006701, -0.00017867949, -0.00017867949, 0.00078729243, 10.036821, 0.00014331115, 0.00046530177, 0.00046530177, -0.0005006701
1.713, -0.0005006701, 0.00014331115, 0.00014331115, 0.00014331115, 10.035855, 0.00014331115, -0.00017867949, 0.00078729243, -0.0005006701
1.714, -0.0005006701, 0.00078729243, -0.00017867949, -0.00017867949, 10.033924, 0.00014331115, 0.00014331115, 0.00046530177, -0.00082266075
1.715, 0.00014331115, -0.00017867949, -0.00017867949, -0.00017867949, 10.034568, 0.00014331115, 0.00014331115, 0.00046530177, -0.00017867949
1.716, -0.00017867949, -0.00017867949, -0.00017867949, -0.0005006701, 10.033602, 0.00078729243, 0.00014331115, 0.00014331115, -0.0005006701
1.717, 0.00014331115, -0.00017867949, -0.00017867949, 0.00014331115, 10.035855, -0.00017867949, -0.0005006701, 0.00046530177, 0.00014331115
1.718, -0.00017867949, 0.00014331115, -0.00017867949, -0.00017867949, 10.035212, 0.00046530177, 0.00046530177, 0.00014331115, -0.00017867949
1.719, 0.00014331115, -0.00017867949, -0.0005006701, 0.00014331115, 10.035534, 0.00014331115, 0.00046530177, 0.00014331115, -0.0005006701
1.72, 0.00014331115, 0.00014331115, 0.00014331115, -0.0005006701, 10.035855, 0.00014331115, -0.00017867949, 0.00014331115, -0.00017867949
1.721, 0.00014331115, 0.00014331115, -0.00017867949, -0.00017867949, 10.034568, 0.00014331115, 0.00014331115, 0.00046530177, -0.00017867949
1.722, -0.00017867949, -0.00017867949, 0.00014331115, -0.0005006701, 10.035212, 0.00046530177, 0.00014331115, 0.00014331115, -0.00017867949
1.723, -0.00017867949, 0.00014331115, -0.00017867949, 0.00014331115, 10.033924, -0.00017867949, 0.00046530177, 0.00014331115, -0.0005006701
1.724, 0.00014331115, -0.00017867949, -0.00017867949, -0.00017867949, 10.036178, 0.00014331115, -0.00017867949, 0.00046530177, -0.0005006701
1.725, -0.00017867949, 0.00046530177, -0.0005006701, -0.00017867949, 10.035212, 0.00014331115, 0.00046530177, 0.00046530177, -0.0005006701
1.726, 0.00014331115, -0.0005006701, 0.00046530177, -0.00017867949, 10.034568, 0.00014331115, -0.0005006701, 0.00046530177, 0.00014331115
1.727, 0.00046530177, 0.00046530177, 0.00014331115, 0.00014331115, 10.033602, -0.0005006701, -0.00017867949, -0.00017867949, -0.00017867949
1.728, 0.00046530177, 0.00046530177, -0.0005006701, 0.00046530177, 10.034889, -0.00017867949, -0.00017867949, 0.00014331115, -0.0005006701
1.729, -0.00082266075, 0.00014331115, -0.0005006701, -0.0005006701, 10.035212, -0.00017867949, -0.00017867949, 0.00046530177, -0.00082266075
1.73, -0.00017867949, 0.00014331115, -0.0005006701, 0.00014331115, 10.035212, -0.00017867949, -0.0005006701, 0.00014331115, -0.0005006701
1.731, -0.00017867949, 0.00078729243, -0.00017867949, -0.0005006701, 10.035534, 0.00014331115, -0.00017867949, 0.00046530177, 0.00014331115
1.732, -0.0005006701, -0.0005006701, -0.00017867949, 0.00014331115, 10.035212, 0.00046530177, -0.00017867949, 0.00046530177, -0.00082266075
1.733, -0.0005006701, -0.00017867949, -0.00017867949, -0.0005006701, 10.035855, -0.00017867949, -0.0005006701, 0.00046530177, -0.00017867949
1.734, 0.00014331115, -0.00017867949, -0.00017867949, -0.00017867949, 10.034889, -0.0005006701, 0.00046530177, -0.00017867949, -0.00017867949
1.735, 0.00046530177, 0.00046530177, 0.00078729243, 0.00014331115, 10.034889, 0.00046530177, 0.00014331115, 0.00046530177, -0.00017867949
1.736, -0.0005006701, 0.00046530177, 0.00014331115, -0.00017867949, 10.034889, -0.0005006701, 0.00046530177, 0.00014331115, -0.0005006701
1.737, -0.00017867949, 0.00014331115, 0.00014331115, 0.00014331115, 10.033924, -0.00017867949, 0.00014331115, -0.00017867949, -0.0005006701
1.738, 0.00014331115, 0.00014331115, -0.00017867949, -0.00017867949, 10.033924, 0.00046530177, 0.00014331115, 0.00014331115, -0.0005006701
1.739, -0.00017867949, 0.00014331115, -0.00017867949, -0.0005006701, 10.033924, 0.00014331115, -0.00017867949, -0.0005006701, -0.0005006701
1.74, -0.00017867949, 0.00014331115, 0.00014331115, 0.00046530177, 10.035212, 0.00046530177, -0.00082266075, 0.0011092831, -0.0005006701
1.741, 0.00046530177, -0.0005006701, 0.00014331115, -0.00017867949, 10.034889, 0.00014331115, -0.0005006701, -0.00017867949, -0.00017867949
1.742, -0.00017867949, 0.00014331115, 0.00014331115, -0.00017867949, 10.035534, -0.00017867949, -0.00017867949, 0.00078729243, 0.00014331115
1.743, 0.00014331115, 0.00078729243, -0.00017867949, -0.00017867949, 10.035855, 0.00046530177, -0.00017867949, 0.00046530177, -0.00082266075
1.744, -0.0005006701, -0.00017867949, 0.00046530177, -0.0005006701, 10.0365, 0.00014331115, -0.00017867949, 0.00046530177, 0.00014331115
1.745, -0.0005006701, -0.00017867949, -0.00017867949, -0.00017867949, 10.034889, 0.00014331115, -0.00017867949, 0.00014331115, 0.00046530177
1.746, 0.00014331115, -0.00017867949, -0.00017867949, 0.00014331115, 10.0342455, 0.00046530177, -0.00017867949, 0.00046530177, -0.00017867949
1.747, 0.00014331115, 0.00078729243, 0.00014331115, 0.00014331115, 10.034568, 0.00046530177, -0.00082266075, -0.00017867949, -0.00082266075
1.748, -0.0005006701, 0.00014331115, 0.00014331115, -0.0005006701, 10.034889, -0.0005006701, -0.00017867949, 0.00014331115, -0.00017867949
1.749, -0.00017867949, -0.00017867949, 0.00046530177, -0.00017867949, 10.035534, 0.00014331115, 0.00014331115, 0.00014331115, -0.00017867949
1.75, -0.0005006701, -0.0005006701, -0.00017867949, -0.00017867949, 10.034889, -0.0005006701, -0.0005006701, 0.00014331115, -0.00017867949
1.7510000000000001, -0.0005006701, -0.00017867949, 0.00014331115, 0.00014331115, 10.036178, 0.00046530177, -0.00017867949, -0.00017867949, -0.0005006701
1.752, -0.0005006701, 0.00014331115, -0.0005006701, -0.00017867949, 10.035212, -0.00017867949, -0.0005006701, 0.00014331115, 0.00014331115
1.7530000000000001, -0.0005006701, -0.00017867949, 0.00014331115, -0.00017867949, 10.035212, -0.00017867949, -0.0005006701, 0.00046530177, -0.00017867949
1.754, -0.00017867949, 0.00014331115, 0.00014331115, 0.0011092831, 10.034568, 0.00014331115, -0.00017867949, 0.00014331115, -0.00017867949
1.7550000000000001, 0.00014331115, 0.00046530177, -0.0005006701, 0.00014331115, 10.034568, 0.00046530177, -0.0005006701, 0.00046530177, -0.00017867949
1.756, -0.00017867949, 0.00046530177, 0.00046530177, -0.0005006701, 10.034568, -0.00017867949, -0.0005006701, 0.00014331115, -0.00082266075
1.7570000000000001, -0.00017867949, 0.00014331115, -0.00017867949, -0.00017867949, 10.033602, 0.00014331115, -0.00017867949, 0.00046530177, -0.0005006701
1.758, 0.00014331115, 0.00046530177, 0.00014331115, 0.00014331115, 10.035212, -0.00017867949, 0.00014331115, 0.00046530177, -0.00017867949
1.7590000000000001, -0.00017867949, 0.00014331115, 0.00014331115, 0.00014331115, 10.034568, 0.00014331115, 0.00014331115, 0.00078729243, 0.00046530177
1.76, 0.00014331115, 0.00014331115, 0.00014331115, -0.00017867949, 10.036178, 0.00014331115, -0.00017867949, 0.00046530177, -0.00017867949
1.7610000000000001, 0.00014331115, 0.00046530177, 0.00014331115, 0.00046530177, 10.035855, -0.0005006701, 0.00014331115, 0.00014331115, -0.0005006701
1.762, -0.00017867949, 0.00014331115, 0.00014331115, -0.0005006701, 10.035212, -0.00017867949, 0.00046530177, 0.00014331115, 0.00014331115
1.7630000000000001, 0.00014331115, 0.00078729243, -0.00017867949, -0.00017867949, 10.035534, -0.00017867949, 0.00014331115, 0.00078729243, -0.0005006701
1.764, 0.00014331115, -0.00017867949, 0.00078729243, -0.00017867949, 10.034568, 0.00014331115, -0.00017867949, 0.00046530177, -0.00017867949
1.7650000000000001, -0.00082266075, -0.0005006701, -0.00017867949, -0.0005006701, 10.035212, -0.0005006701, -0.00017867949, 0.00014331115, 0.00014331115
1.766, -0.0005006701, 0.00046530177, -0.00017867949, -0.0005006701, 10.035212, -0.00017867949, -0.0005006701, 0.00014331115, 0.00014331115
1.7670000000000001, 0.00014331115, 0.00078729243, 0.00014331115, 0.00014331115, 10.0365, 0.00014331115, -0.0005006701, 0.00046530177, -0.00017867949
1.768, -0.00017867949, -0.00017867949, 0.00014331115, 0.00014331115, 10.0342455, 0.00046530177, 0.00014331115, -0.00017867949, -0.00017867949
1.7690000000000001, -0.00017867949, 0.00014331115, -0.00017867949, 0.00014331115, 10.035212, -0.0005006701, -0.00017867949, 0.00046530177, -0.0005006701
1.77, -0.0005006701, -0.00017867949, 0.00046530177, -0.00017867949, 10.035534, -0.00017867949, -0.00017867949, 0.00014331115, -0.0005006701
1.7710000000000001, 0.00046530177, -0.00017867949, -0.00017867949, -0.00017867949, 10.034568, -0.00017867949, -0.0005006701, 0.00046530177, -0.0005006701
1.772, -0.00017867949, 0.00046530177, 0.00046530177, -0.00017867949, 10.033924, 0.00014331115, -0.00017867949, 0.00014331115, -0.0005006701
1.7730000000000001, 0.00014331115, 0.00046530177, 0.00014331115, 0.00014331115, 10.034568, 0.00014331115, -0.0005006701, -0.00017867949, -0.00017867949
1.774, 0.00046530177, -0.0005006701, 0.00014331115, 0.00046530177, 10.035855, -0.00017867949, -0.0005006701, 0.00014331115, -0.00017867949
1.7750000000000001, -0.00017867949, 0.00014331115, -0.00017867949, -0.0005006701, 10.036178, 0.00014331115, -0.00017867949, -0.00017867949, 0.00014331115
1.776, 0.00014331115, 0.00014331115, 0.00014331115, 0.00046530177, 10.036821, 0.00014331115, 0.00014331115, 0.00014331115, 0.00014331115
1.7770000000000001, 0.00014331115, 0.00014331115, -0.00017867949, 0.00014331115, 10.036178, 0.00014331115, -0.00017867949, 0.00014331115, -0.00082266075
1.778, 0.00014331115, -0.00017867949, 0.00014331115, 0.00014331115, 10.036178, 0.00014331115, -0.0005006701, -0.00017867949, -0.0005006701
1.7790000000000001, 0.00014331115, 0.00046530177, 0.00014331115, -0.00017867949, 10.033924, 0.00046530177, 0.00046530177, 0.00014331115, -0.00017867949
1.78, -0.0005006701, 0.00014331115, 0.00078729243, -0.00017867949, 10.033924, 0.00014331115, -0.00017867949, 0.00078729243, -0.0005006701
1.7810000000000001, -0.0005006701, 0.00046530177, -0.0005006701, 0.00046530177, 10.033602, 0.00078729243, 0.00014331115, 0.00014331115, -0.00082266075
1.782, 0.00014331115, 0.00078729243, -0.0005006701, 0.00014331115, 10.034568, 0.00046530177, -0.00017867949, 0.00078729243, -0.0005006701
1.7830000000000001, 0.00014331115, 0.00046530177, 0.00014331115, 0.00046530177, 10.034889, 0.00046530177, -0.00017867949, 0.00014331115, -0.0005006701
1.784, -0.00017867949, -0.00017867949, 0.00014331115, 0.00014331115, 10.035534, 0.00014331115, -0.0005006701, 0.00014331115, -0.00017867949
1.7850000000000001, 0.00014331115, 0.0011092831, -0.00017867949, -0.0005006701, 10.036178, 0.00014331115, 0.00046530177, -0.0005006701, -0.00017867949
1.786, 0.00014331115, -0.0005006701, 0.00046530177, -0.00017867949, 10.035212, 0.0011092831, -0.00017867949, 0.00046530177, -0.00017867949
1.7870000000000001, -0.00017867949, -0.00017867949, -0.00017867949, -0.00017867949, 10.035534, 0.00014331115, -0.0005006701, 0.00014331115, -0.0005006701
1.788, -0.00082266075, 0.00046530177, -0.00082266075, -0.0005006701, 10.035212, 0.00046530177, -0.00082266075, 0.00014331115, -0.00017867949
1.7890000000000001, -0.00017867949, 0.00014331115, -0.00017867949, -0.0005006701, 10.034568, 0.00014331115, -0.0005006701, 0.00014331115, -0.00017867949
1.79, 0.00014331115, 0.00014331115, -0.00017867949, 0.00046530177, 10.034568, 0.00014331115, -0.0005006701, 0.00078729243, -0.0005006701
1.7910000000000001, 0.00014331115, -0.00017867949, 0.00014331115, -0.0005006701, 10.034889, -0.00017867949, -0.0005006701, 0.00014331115, -0.00082266075
1.792, 0.00014331115, -0.00017867949, 0.00014331115, 0.00046530177, 10.035855, -0.0005006701, -0.00082266075, 0.00014331115, -0.0005006701
1.793, -0.00017867949, 0.00014331115, 0.00078729243, -0.00017867949, 10.033602, 0.00014331115, -0.0005006701, 0.00046530177, -0.00017867949
1.794, 0.00046530177, 0.00014331115, -0.00017867949, -0.0005006701, 10.035212, 0.00014331115, -0.0005006701, 0.00014331115, -0.00017867949
1.795, 0.00014331115, 0.00046530177, -0.00017867949, 0.00014331115, 10.035212, 0.00014331115, -0.0005006701, 0.00014331115, -0.00017867949
1.796, 0.00014331115, -0.00017867949, 0.00014331115, 0.00014331115, 10.035534, -0.00017867949, -0.00017867949, 0.00078729243, -0.00017867949
1.797, -0.00017867949, -0.00017867949, -0.0005006701, 0.00046530177, 10.036178, 0.00046530177, -0.00017867949, 0.00014331115, -0.00082266075
1.798, -0.0005006701, 0.00014331115, -0.0005006701, -0.00017867949, 10.035855, -0.00017867949, 0.00014331115, 0.00014331115, 0.00014331115
1.799, -0.0005006701, -0.00017867949, -0.00017867949, -0.00017867949, 10.035855, -0.00017867949, -0.00017867949, 0.00046530177, -0.00017867949
1.8, -0.0005006701, 0.00014331115, -0.0005006701, -0.00017867949, 10.034889, 0.00046530177, -0.00017867949, 0.00046530177, -0.0005006701
1.801, 0.00014331115, -0.00017867949, -0.0005006701, 0.00046530177, 10.035534, 0.00014331115, -0.00017867949, 0.0011092831, -0.0005006701
1.802, -0.0005006701, -0.00017867949, -0.00017867949, 0.00014331115, 10.034568, -0.0005006701, 0.00014331115, 0.00046530177, -0.0005006701
1.803, -0.00017867949, 0.00014331115, -0.0005006701, -0.00017867949, 10.035855, 0.00014331115, -0.00017867949, 0.00014331115, 0.00014331115
1.804, -0.00017867949, -0.00017867949, 0.00046530177, -0.0005006701, 10.035212, 0.00014331115, -0.0005006701, 0.00014331115, -0.00017867949
1.805, -0.00017867949, 0.00014331115, 0.00014331115, 0.00014331115, 10.0342455, 0.00046530177, -0.0005006701, 0.00014331115, -0.00017867949
1.806, -0.0005006701, -0.00017867949, -0.00017867949, 0.00014331115, 10.033602, -0.00017867949, -0.00017867949, 0.00014331115, -0.00017867949
1.807, 0.00014331115, 0.00014331115, 0.00014331115, -0.00017867949, 10.0342455, 0.00014331115, 0.00014331115, 0.00014331115, -0.0005006701
1.808, 0.00014331115, 0.00014331115, 0.00014331115, 0.00014331115, 10.035212, 0.00078729243, -0.00017867949, 0.00046530177, -0.00017867949
1.809, 0.00046530177, 0.00014331115, -0.00017867949, 0.00014331115, 10.035212, 0.00046530177, -0.00017867949, 0.00014331115, -0.00017867949
1.81, -0.00017867949, 0.00014331115, 0.00014331115, 0.00046530177, 10.034889, 0.00014331115, -0.00017867949, 0.00046530177, -0.0005006701
1.811, -0.0005006701, 0.00078729243, -0.00017867949, -0.00017867949, 10.034889, -0.00017867949, 0.00014331115, 0.00046530177, 0.00014331115
1.812, -0.00017867949, 0.00014331115, 0.00014331115, 0.00014331115, 10.035212, 0.00014331115, -0.0005006701, 0.00046530177, -0.0005006701
1.813, -0.00017867949, 0.00014331115, 0.00014331115, 0.00014331115, 10.035212, 0.00046530177, -0.0005006701, 0.00014331115, -0.00017867949
1.814, 0.00014331115, 0.00046530177, 0.00014331115, 0.00014331115, 10.036178, 0.00014331115, -0.00017867949, 0.00014331115, -0.00017867949
1.815, -0.0005006701, -0.00017867949, -0.0005006701, -0.00017867949, 10.035855, 0.00014331115, -0.0005006701, 0.0011092831, -0.0005006701
1.816, -0.0005006701, 0.00046530177, 0.00014331115, -0.00017867949, 10.034889, 0.00014331115, -0.00017867949, 0.00014331115, -0.00082266075
1.817, -0.0005006701, -0.00017867949, 0.00014331115, 0.00014331115, 10.035534, 0.00046530177, 0.00014331115, 0.00014331115, -0.0005006701
1.818, -0.00017867949, 0.00014331115, 0.00046530177, -0.00017867949, 10.034568, 0.00046530177, 0.00014331115, 0.00046530177, -0.0005006701
1.819, -0.00017867949, -0.0005006701, -0.00017867949, 0.00014331115, 10.035212, 0.00014331115, -0.0005006701, 0.00046530177, 0.00014331115
1.82, -0.00017867949, 0.00078729243, 0.00014331115, 0.00014331115, 10.034568, -0.00017867949, 0.00014331115, 0.00046530177, -0.00017867949
1.821, 0.00014331115, 0.00046530177, 0.00014331115, -0.00017867949, 10.035855, 0.00046530177, -0.0005006701, 0.00014331115, -0.0005006701
1.822, -0.00017867949, 0.00014331115, 0.00046530177, 0.00046530177, 10.035212, -0.00017867949, -0.0005006701, 0.00046530177, -0.00017867949
1.823, -0.0005006701, -0.00017867949, -0.00017867949, 0.00046530177, 10.034568, 0.00046530177, -0.00017867949, 0.00014331115, -0.00017867949
1.824, 0.00014331115, 0.00046530177, 0.00014331115, 0.00014331115, 10.035534, 0.00014331115, 0.00014331115, -0.00017867949, -0.0005006701
1.825, -0.0005006701, -0.00017867949, 0.00014331115, 0.00014331115, 10.034889, 0.00014331115, -0.0005006701, -0.00017867949, -0.00017867949
1.826, -0.00017867949, -0.0005006701, 0.00014331115, 0.00046530177, 10.035855, 0.00014331115, 0.00014331115, -0.00017867949, -0.00017867949
1.827, 0.00014331115, 0.00014331115, 0.00046530177, 0.00046530177, 10.035212, 0.00014331115, -0.00017867949, 0.00014331115, -0.0005006701
1.828, 0.00046530177, -0.00017867949, 0.00014331115, 0.00014331115, 10.035534, -0.0005006701, -0.0005006701, 0.00046530177, -0.0005006701
1.829, -0.00082266075, -0.0005006701, 0.00014331115, 0.00046530177, 10.0342455, -0.00017867949, -0.0005006701, 0.00046530177, -0.0005006701
1.83, -0.0005006701, -0.00017867949, 0.00046530177, -0.00017867949, 10.034889, -0.00017867949, -0.00017867949, 0.00014331115, -0.00017867949
1.831, -0.00017867949, -0.00017867949, -0.00017867949, -0.00017867949, 10.034889, -0.00017867949, 0.00014331115, 0.00046530177, -0.0005006701
1.832, -0.00017867949, -0.00017867949, -0.00017867949, -0.00017867949, 10.035534, 0.00046530177, 0.00046530177, -0.00017867949, -0.0005006701
1.833, -0.00017867949, 0.00014331115, 0.00014331115, 0.00014331115, 10.035534, -0.00017867949, -0.0005006701, 0.00014331115, -0.00017867949
1.834, 0.00014331115, -0.0005006701, -0.00017867949, 0.00014331115, 10.035534, 0.00014331115, -0.0005006701, -0.00017867949, -0.00017867949
1.835, -0.0005006701, -0.00017867949, 0.00014331115, -0.0005006701, 10.035855, 0.00014331115, -0.00017867949, 0.00014331115, -0.00082266075
1.836, 0.00014331115, 0.00046530177, 0.00046530177, 0.00014331115, 10.034889, -0.0005006701, -0.00082266075, 0.00014331115, -0.00017867949
1.837, -0.00017867949, 0.00046530177, 0.00014331115, 0.00046530177, 10.036178, -0.00017867949, 0.00014331115, 0.00014331115, -0.00017867949
1.838, -0.0005006701, 0.00046530177, 0.00046530177, 0.00014331115, 10.035212, -0.0005006701, 0.00046530177, 0.00014331115, -0.00017867949
1.839, -0.00017867949, 0.00014331115, -0.00017867949, -0.00017867949, 10.034568, 0.00014331115, -0.0005006701, 0.00014331115, -0.0005006701
1.84, -0.00017867949, 0.00014331115, 0.00014331115, 0.00046530177, 10.034568, 0.00014331115, -0.0005006701, 0.00014331115, 0.00046530177
1.841, -0.00017867949, -0.00017867949, 0.00046530177, 0.00046530177, 10.034889, -0.00017867949, -0.0005006701, 0.00046530177, -0.0005006701
1.842, -0.0005006701, 0.00078729243, 0.00014331115, 0.00014331115, 10.036178, -0.0005006701, 0.00014331115, 0.00014331115, -0.00082266075
1.843, 0.00046530177, 0.00078729243, -0.00017867949, 0.00014331115, 10.035855, 0.00014331115, -0.00017867949, 0.00014331115, -0.00082266075
1.844, 0.00046530177, 0.00014331115, 0.00014331115, 0.00014331115, 10.036821, -0.00017867949, -0.00017867949, 0.00046530177, -0.00017867949
1.845, -0.0005006701, -0.00017867949, 0.00014331115, -0.00017867949, 10.035212, 0.00046530177, 0.00014331115, 0.00014331115, -0.0005006701
1.846, 0.00014331115, -0.00017867949, -0.0005006701, 0.00014331115, 10.035212, 0.00014331115, -0.00017867949, 0.0014312736, -0.00017867949
1.847, 0.00014331115, 0.00046530177, 0.00014331115, 0.00014331115, 10.033279, -0.00017867949, 0.00014331115, 0.00046530177, 0.00014331115
1.848, 0.00014331115, 0.00046530177, 0.00014331115, 0.00046530177, 10.034889, -0.00017867949, -0.00017867949, 0.00014331115, -0.00017867949
1.849, -0.0005006701, 0.00014331115, -0.00017867949, -0.00017867949, 10.035212, -0.00017867949, -0.00017867949, -0.00017867949, -0.00082266075
1.85, -0.00017867949, 0.00014331115, 0.00046530177, 0.00046530177, 10.035534, -0.00017867949, 0.00014331115, 0.00046530177, -0.00017867949
1.851, 0.00014331115, 0.00014331115, 0.00014331115, 0.00014331115, 10.034568, 0.00046530177, -0.00017867949, 0.00014331115, 0.00014331115
1.852, -0.00017867949, -0.0005006701, -0.0005006701, 0.00014331115, 10.034568, 0.00014331115, -0.00017867949, -0.00017867949, 0.00014331115
1.853, -0.0005006701, 0.00046530177, -0.00017867949, -0.00017867949, 10.036178, -0.0005006701, 0.00014331115, 0.00046530177, -0.00017867949
1.854, 0.00014331115, 0.00046530177, -0.00017867949, 0.00014331115, 10.035212, 0.00014331115, 0.00014331115, 0.00046530177, 0.00014331115
1.855, -0.00017867949, 0.00014331115, 0.00046530177, 0.00046530177, 10.037144, -0.00082266075, -0.00017867949, 0.00014331115, -0.0005006701
1.856, -0.00082266075, 0.00014331115, 0.00046530177, -0.00017867949, 10.035534, 0.00078729243, -0.00017867949, 0.00014331115, -0.0005006701
1.857, 0.00014331115, 0.00078729243, -0.00017867949, 0.00014331115, 10.0342455, 0.00046530177, -0.00017867949, 0.00046530177, -0.0005006701
1.858, -0.00017867949, 0.00014331115, -0.00017867949, 0.00014331115, 10.0342455, -0.0005006701, -0.00017867949, 0.00014331115, -0.0005006701
1.859, -0.0005006701, -0.00017867949, -0.0005006701, 0.00046530177, 10.033924, 0.00078729243, 0.00014331115, 0.00014331115, 0.00014331115
1.86, 0.00014331115, 0.00014331115, -0.00017867949, -0.00017867949, 10.034568, 0.00014331115, 0.00014331115, 0.00046530177, 0.00014331115
1.861, 0.00014331115, 0.00014331115, -0.00017867949, 0.00046530177, 10.034568, 0.00014331115, -0.00082266075, 0.00014331115, 0.00014331115
1.862, -0.00017867949, 0.00078729243, 0.00046530177, -0.00017867949, 10.036821, 0.00046530177, -0.0005006701, 0.00046530177, -0.0005006701
1.863, -0.00017867949, 0.00078729243, 0.00014331115, -0.0005006701, 10.035855, 0.00078729243, -0.00082266075, -0.00017867949, 0.00014331115
1.864, -0.0005006701, -0.00017867949, -0.00017867949, 0.00014331115, 10.034889, 0.00014331115, -0.00017867949, -0.00017867949, -0.00082266075
1.865, -0.00082266075, -0.0005006701, 0.00014331115, -0.0005006701, 10.034889, -0.00017867949, -0.00017867949, 0.00078729243, -0.00017867949
1.866, -0.00017867949, -0.00017867949, -0.00017867949, -0.00017867949, 10.034889, 0.00078729243, -0.00082266075, 0.00046530177, -0.0005006701
1.867, -0.0005006701, 0.00046530177, 0.00014331115, 0.00014331115, 10.035212, 0.00014331115, -0.00017867949, 0.00046530177, -0.00082266075
1.868, -0.00017867949, 0.00014331115, 0.00046530177, -0.00017867949, 10.035212, 0.00046530177, -0.00017867949, -0.00017867949, -0.0005006701
1.869, -0.00017867949, 0.00046530177, 0.00014331115, 0.00014331115, 10.035212, 0.00014331115, 0.00046530177, -0.0005006701, 0.00046530177
1.87, -0.0005006701, -0.0005006701, 0.00046530177, -0.00017867949, 10.034889, 0.00046530177, 0.00014331115, 0.00014331115, -0.0005006701
1.871, -0.00017867949, -0.00017867949, 0.00046530177, -0.00017867949, 10.035534, -0.00017867949, -0.0005006701, 0.00014331115, -0.00017867949
1.872, 0.00014331115, 0.00046530177, -0.00017867949, -0.0005006701, 10.034889, -0.00017867949, 0.00014331115, 0.00014331115, -0.0005006701
1.873, -0.0005006701, 0.00046530177, 0.00046530177, 0.00014331115, 10.035212, 0.00014331115, 0.00014331115, 0.00014331115, -0.00082266075
1.874, -0.00017867949, 0.00078729243, -0.00017867949, 0.00014331115, 10.035212, -0.00017867949, -0.00017867949, 0.00078729243, -0.0005006701
1.875, 0.00014331115, 0.00078729243, 0.00014331115, 0.00014331115, 10.035855, 0.00014331115, 0.00014331115, 0.00046530177, -0.0005006701
1.8760000000000001, -0.0005006701, -0.00017867949, 0.00078729243, 0.00014331115, 10.0365, 0.00078729243, -0.00017867949, 0.00014331115, -0.0005006701
1.877, 0.00014331115, 0.00014331115, -0.00017867949, -0.00017867949, 10.036178, 0.00014331115, 0.00014331115, -0.00017867949, -0.00017867949
1.8780000000000001, -0.0005006701, 0.00046530177, -0.00017867949, -0.00017867949, 10.035855, 0.00078729243, 0.00014331115, 0.00014331115, -0.0011446514
1.879, -0.0005006701, -0.00017867949, 0.00046530177, 0.00014331115, 10.035212, 0.00014331115, -0.0005006701, -0.00017867949, 0.00014331115
1.8800000000000001, 0.00014331115, 0.00014331115, -0.00017867949, -0.00017867949, 10.034889, 0.00014331115, -0.00017867949, 0.00014331115, -0.00017867949
1.881, -0.0005006701, -0.00017867949, 0.00014331115, 0.00014331115, 10.033602, 0.00046530177, 0.00014331115, 0.00078729243, -0.0005006701
1.8820000000000001, -0.00082266075, 0.00014331115, -0.0005006701, 0.00078729243, 10.034889, -0.00017867949, -0.00017867949, 0.00014331115, -0.00082266075
1.883, -0.00017867949, 0.00078729243, 0.00046530177, 0.00078729243, 10.033924, 0.00046530177, -0.0005006701, 0.00046530177, 0.00014331115
1.8840000000000001, -0.0005006701, 0.00046530177, -0.00017867949, 0.00014331115, 10.033924, -0.0005006701, -0.00017867949, 0.00078729243, -0.0005006701
1.885, -0.00017867949, 0.00014331115, 0.00014331115, -0.0005006701, 10.035212, 0.00046530177, -0.00017867949, -0.00017867949, -0.00017867949
1.8860000000000001, 0.00014331115, 0.00046530177, -0.00017867949, 0.00078729243, 10.035855, 0.00014331115, -0.00082266075, -0.00017867949, -0.00017867949
1.887, -0.00082266075, 0.00078729243, 0.00014331115, 0.00014331115, 10.036178, 0.00014331115, -0.0005006701, 0.00046530177, -0.0005006701
1.8880000000000001, 0.00014331115, -0.00017867949, -0.0005006701, 0.00014331115, 10.034889, -0.0005006701, -0.00017867949, -0.00017867949, -0.00082266075
1.889, -0.00017867949, 0.00046530177, -0.00017867949, -0.00017867949, 10.035534, 0.00046530177, 0.00046530177, 0.00046530177, 0.00014331115
1.8900000000000001, -0.00017867949, 0.00014331115, 0.00014331115, 0.00046530177, 10.034889, 0.00014331115, -0.00017867949, 0.00014331115, -0.00017867949
1.891, -0.0005006701, -0.00017867949, 0.00014331115, 0.00014331115, 10.035212, 0.00014331115, -0.00017867949, -0.00017867949, -0.0005006701
1.8920000000000001, -0.00017867949, -0.00017867949, 0.00014331115, 0.00014331115, 10.034889, -0.00017867949, 0.00014331115, 0.00014331115, -0.00017867949
1.893, 0.00014331115, 0.00014331115, -0.00017867949, 0.00014331115, 10.034568, 0.00014331115, 0.00014331115, 0.00046530177, -0.0005006701
1.8940000000000001, 0.00014331115, -0.0005006701, -0.00017867949, 0.00014331115, 10.034568, 0.00014331115, -0.00017867949, -0.00017867949, -0.00017867949
1.895, -0.00017867949, -0.00017867949, -0.0005006701, -0.00017867949, 10.033602, 0.00014331115, -0.00082266075, 0.00078729243, -0.0005006701
1.8960000000000001, 0.00014331115, 0.00014331115, 0.00014331115, 0.00014331115, 10.035534, 0.00078729243, 0.00046530177, 0.00046530177, -0.0005006701
1.897, -0.00017867949, 0.00046530177, -0.0005006701, -0.0005006701, 10.034568, 0.00046530177, -0.00017867949, 0.00046530177, -0.00017867949
1.8980000000000001, -0.0005006701, -0.00017867949, -0.00017867949, 0.00078729243, 10.035534, -0.00017867949, -0.0005006701, 0.00014331115, -0.0005006701
1.899, -0.00017867949, 0.00014331115, 0.00014331115, -0.00017867949, 10.035534, 0.00014331115, 0.00014331115, -0.00017867949, -0.00082266075
1.9000000000000001, -0.00017867949, -0.00017867949, -0.0005006701, 0.00014331115, 10.035212, -0.0005006701, 0.00046530177, 0.00046530177, 0.00014331115
1.901, 0.00014331115, 0.00014331115, -0.00017867949, 0.00014331115, 10.035534, 0.00014331115, -0.00017867949, 0.00078729243, -0.0005006701
1.9020000000000001, 0.00046530177, 0.00014331115, -0.00017867949, 0.00046530177, 10.035212, 0.00014331115, -0.00017867949, 0.00014331115, -0.00017867949
1.903, -0.00017867949, 0.00078729243, -0.00017867949, -0.00017867949, 10.0342455, -0.00017867949, -0.0005006701, 0.00046530177, 0.00014331115
1.9040000000000001, 0.00046530177, 0.00078729243, 0.00014331115, -0.00017867949, 10.0342455, -0.00017867949, -0.00082266075, -0.00017867949, 0.00014331115
1.905, -0.0005006701, 0.00014331115, -0.00017867949, 0.00014331115, 10.034568, -0.00017867949, -0.0005006701, 0.00014331115, -0.00017867949
1.9060000000000001, -0.00017867949, 0.00078729243, 0.00014331115, 0.00014331115, 10.0342455, 0.00014331115, -0.00017867949, 0.00014331115, -0.00017867949
1.907, 0.00046530177, -0.0005006701, -0.0005006701, -0.00082266075, 10.036178, 0.00046530177, 0.00046530177, 0.00014331115, -0.0005006701
1.9080000000000001, -0.00082266075, 0.00046530177, 0.00014331115, -0.00017867949, 10.035534, -0.0005006701, -0.0005006701, -0.00017867949, 0.00014331115
1.909, -0.00017867949, 0.00014331115, -0.00017867949, 0.00014331115, 10.035534, 0.00046530177, 0.00014331115, -0.0005006701, 0.00014331115
1.9100000000000001, -0.00017867949, -0.00017867949, 0.00014331115, 0.00014331115, 10.0365, 0.00014331115, -0.0005006701, 0.00014331115, -0.0005006701
1.911, 0.00014331115, -0.00017867949, 0.00014331115, -0.00017867949, 10.034568, 0.00046530177, -0.0005006701, 0.00014331115, -0.00017867949
1.9120000000000001, -0.00017867949, -0.0005006701, 0.00014331115, 0.00046530177, 10.034889, -0.00017867949, -0.00017867949, -0.00017867949, -0.0005006701
1.913, 0.00014331115, 0.00014331115, -0.0005006701, -0.00017867949, 10.032958, 0.00014331115, -0.00017867949, 0.00078729243, -0.0005006701
1.9140000000000001, -0.00017867949, 0.00014331115, 0.00014331115, -0.0005006701, 10.035212, 0.00014331115, -0.00017867949, 0.00046530177, 0.00046530177
1.915, -0.00017867949, 0.00046530177, 0.00014331115, 0.00014331115, 10.034568, 0.00078729243, -0.0005006701, 0.00078729243, -0.00017867949
1.9160000000000001, 0.00014331115, 0.00046530177, 0.00014331115, -0.00017867949, 10.035855, -0.00017867949, -0.00017867949, 0.00078729243, -0.00017867949
1.917, -0.00017867949, 0.00078729243, 0.00046530177, 0.00014331115, 10.035534, 0.00014331115, -0.00017867949, 0.00046530177, 0.00046530177
1.9180000000000001, -0.00017867949, 0.00046530177, -0.00017867949, 0.00046530177, 10.035855, -0.00017867949, 0.00014331115, 0.00014331115, -0.00017867949
1.919, -0.00017867949, 0.00014331115, -0.0005006701, 0.00014331115, 10.0365, 0.00014331115, -0.00017867949, -0.00017867949, -0.00017867949
1.92, 0.00014331115, 0.00046530177, 0.00046530177, -0.00017867949, 10.035855, -0.00017867949, 0.00014331115, 0.00078729243, -0.00082266075
1.921, -0.0005006701, 0.00014331115, -0.00017867949, 0.00014331115, 10.035534, 0.00046530177, -0.0005006701, 0.00014331115, -0.0005006701
1.922, 0.00014331115, 0.00014331115, -0.00017867949, 0.00046530177, 10.033924, -0.0005006701, -0.00082266075, 0.00014331115, 0.00014331115
1.923, -0.00017867949, 0.00014331115, 0.00046530177, 0.00014331115, 10.035212, 0.00014331115, -0.00017867949, 0.00078729243, -0.00017867949
1.924, 0.00014331115, 0.00046530177, -0.00017867949, 0.00014331115, 10.0342455, -0.00017867949, -0.00017867949, 0.00014331115, -0.00017867949
1.925, -0.0005006701, -0.00017867949, -0.00017867949, -0.00017867949, 10.035212, 0.00014331115, -0.00017867949, 0.00046530177, 0.00014331115
1.926, -0.0005006701, 0.00046530177, 0.00014331115, 0.00046530177, 10.034568, 0.00014331115, -0.0005006701, 0.00014331115, -0.0005006701
1.927, -0.00017867949, -0.00017867949, -0.00017867949, -0.00082266075, 10.035534, -0.00017867949, -0.00017867949, 0.00046530177, -0.00017867949
1.928, 0.00078729243, 0.00046530177, -0.00017867949, 0.00046530177, 10.036178, 0.00046530177, -0.00017867949, 0.00014331115, -0.00017867949
1.929, -0.00017867949, 0.00078729243, 0.00078729243, 0.00014331115, 10.034568, 0.00014331115, -0.00017867949, 0.00046530177, 0.00014331115
1.93, -0.00017867949, 0.00014331115, -0.00017867949, 0.00014331115, 10.035534, -0.00017867949, -0.0005006701, 0.00046530177, -0.00082266075
1.931, -0.0005006701, 0.00046530177, -0.0005006701, -0.0005006701, 10.034889, 0.00014331115, 0.00014331115, 0.00014331115, -0.0005006701
1.932, -0.00082266075, 0.00046530177, -0.00017867949, 0.00046530177, 10.0365, 0.00078729243, -0.00017867949, 0.00046530177, -0.00017867949
1.933, -0.00017867949, 0.00046530177, -0.00017867949, 0.00014331115, 10.035534, 0.00014331115, -0.00017867949, -0.00017867949, -0.00017867949
1.934, -0.00017867949, 0.00014331115, 0.00046530177, -0.00017867949, 10.035534, -0.00017867949, 0.00046530177, 0.00014331115, -0.00017867949
1.935, -0.00017867949, 0.00014331115, 0.00046530177, -0.00017867949, 10.033924, 0.00046530177, 0.00014331115, -0.0005006701, -0.0005006701
1.936, -0.0005006701, 0.00014331115, 0.00014331115, -0.00082266075, 10.032958, 0.00014331115, -0.00017867949, 0.00046530177, -0.0005006701
1.937, 0.00014331115, 0.00014331115, -0.0005006701, 0.00014331115, 10.0342455, 0.00046530177, 0.00014331115, 0.00046530177, -0.0005006701
1.938, -0.00017867949, -0.00017867949, -0.0005006701, 0.00014331115, 10.033924, 0.00014331115, 0.00014331115, 0.00046530177, -0.0005006701
1.939, -0.00017867949, 0.00046530177, 0.00014331115, -0.00017867949, 10.035212, 0.00014331115, -0.00017867949, 0.00046530177, -0.00082266075
1.94, 0.00014331115, 0.00046530177, 0.00078729243, 0.00014331115, 10.033924, -0.00017867949, -0.00017867949, 0.00014331115, 0.00014331115
1.941, 0.00014331115, 0.00014331115, -0.00017867949, 0.00014331115, 10.034568, -0.00017867949, -0.0005006701, 0.00014331115, -0.00017867949
1.942, 0.00014331115, 0.00014331115, 0.00014331115, 0.00014331115, 10.035212, 0.00014331115, 0.00046530177, 0.00014331115, -0.00017867949
1.943, -0.00017867949, 0.00046530177, -0.00017867949, 0.00046530177, 10.0342455, -0.0005006701, -0.00017867949, 0.00014331115, -0.0005006701
1.944, -0.0005006701, -0.00017867949, -0.00017867949, -0.00017867949, 10.0342455, 0.00014331115, 0.00046530177, -0.00017867949, -0.00017867949
1.945, 0.00014331115, -0.00017867949, 0.00014331115, 0.00046530177, 10.034568, 0.00046530177, -0.0005006701, -0.00017867949, -0.00017867949
1.946, -0.00017867949, -0.0005006701, 0.00046530177, 0.00014331115, 10.034889, -0.0005006701, -0.00017867949, -0.00017867949, 0.00014331115
1.947, -0.0005006701, 0.00014331115, -0.0005006701, -0.00017867949, 10.034568, 0.00014331115, -0.00017867949, 0.00014331115, -0.0005006701
1.948, -0.0005006701, -0.00017867949, -0.00017867949, -0.00017867949, 10.035855, 0.00014331115, 0.00014331115, 0.00014331115, 0.00014331115
1.949, -0.00017867949, -0.00017867949, 0.00014331115, 0.00046530177, 10.034568, 0.00046530177, -0.00017867949, -0.00017867949, 0.00014331115
1.95, -0.00017867949, -0.00017867949, 0.00014331115, -0.0005006701, 10.035855, -0.0005006701, -0.00017867949, 0.00046530177, -0.0005006701
1.951, -0.00017867949, 0.00078729243, 0.00014331115, 0.00014331115, 10.035212, 0.00014331115, -0.0005006701, 0.00078729243, 0.00014331115
1.952, -0.00017867949, 0.00046530177, 0.00014331115, 0.00014331115, 10.035534, -0.00017867949, -0.0005006701, 0.00078729243, 0.00014331115
1.953, -0.00017867949, 0.00014331115, -0.00017867949, -0.0005006701, 10.035212, -0.00082266075, -0.00017867949, 0.00078729243, -0.00017867949
1.954, 0.00014331115, -0.00017867949, -0.00017867949, -0.00017867949, 10.033279, -0.00017867949, 0.00046530177, 0.00046530177, -0.00017867949
1.955, -0.0005006701, -0.00017867949, -0.00017867949, 0.00014331115, 10.034568, 0.00014331115, -0.00082266075, 0.00014331115, -0.00017867949
1.956, 0.00046530177, 0.00014331115, -0.00017867949, 0.00046530177, 10.0342455, -0.0005006701, -0.00017867949, 0.00014331115, -0.0005006701
1.957, -0.00017867949, 0.00014331115, -0.00017867949, -0.0005006701, 10.034568, 0.00014331115, -0.00017867949, 0.00014331115, -0.0005006701
1.958, -0.0005006701, -0.00017867949, 0.00046530177, -0.00017867949, 10.033924, 0.00014331115, 0.00046530177, 0.00078729243, 0.00014331115
1.959, 0.00014331115, 0.00014331115, -0.00017867949, 0.00014331115, 10.035212, 0.00014331115, -0.0005006701, 0.00014331115, -0.0005006701
1.96, 0.00014331115, 0.00078729243, -0.00017867949, -0.00017867949, 10.035534, 0.00014331115, -0.00017867949, 0.00014331115, -0.00017867949
1.961, -0.0005006701, 0.00046530177, -0.00017867949, 0.00046530177, 10.035534, 0.00046530177, -0.00017867949, 0.00046530177, -0.0005006701
1.962, 0.00014331115, 0.00014331115, 0.00014331115, -0.00017867949, 10.035855, 0.00014331115, -0.00017867949, 0.00046530177, -0.00017867949
1.963, -0.00017867949, 0.00046530177, 0.00014331115, 0.00014331115, 10.035212, 0.00046530177, -0.0005006701, 0.00046530177, -0.00017867949
1.964, 0.00046530177, -0.00017867949, -0.0005006701, -0.00017867949, 10.0365, 0.00014331115, -0.0005006701, 0.00014331115, 0.00014331115
1.965, -0.00017867949, 0.00078729243, 0.00014331115, 0.00014331115, 10.0342455, 0.00014331115, -0.00017867949, 0.00046530177, 0.00014331115
1.966, -0.0005006701, -0.00017867949, 0.00046530177, -0.00017867949, 10.035212, 0.00014331115, 0.00014331115, 0.00078729243, 0.00014331115
1.967, -0.0005006701, 0.00014331115, 0.00014331115, 0.00046530177, 10.033924, -0.0005006701, 0.00014331115, 0.00046530177, -0.0005006701
1.968, -0.00017867949, 0.00014331115, -0.0005006701, 0.00046530177, 10.034568, 0.00046530177, -0.0005006701, 0.0011092831, -0.0005006701
1.969, 0.00014331115, 0.00014331115, 0.00046530177, 0.00014331115, 10.033924, 0.00014331115, 0.00014331115, 0.00078729243, -0.00017867949
1.97, 0.00014331115, 0.00014331115, -0.00017867949, 0.00014331115, 10.033924, -0.0005006701, -0.0005006701, -0.00017867949, -0.00082266075
1.971, 0.00046530177, 0.00046530177, -0.00017867949, 0.00014331115, 10.035855, -0.00017867949, -0.0005006701, 0.00014331115, 0.00014331115
1.972, 0.00014331115, -0.00017867949, -0.0005006701, -0.00017867949, 10.034568, -0.00017867949, 0.00014331115, 0.00014331115, -0.0005006701
1.973, -0.00017867949, -0.00017867949, -0.00017867949, 0.00014331115, 10.035855, -0.00017867949, -0.00017867949, 0.00046530177, 0.00014331115
1.974, -0.0005006701, 0.00046530177, 0.00014331115, -0.00017867949, 10.035212, 0.00014331115, -0.0005006701, 0.00014331115, -0.00017867949
1.975, -0.00017867949, 0.00078729243, -0.00017867949, -0.00017867949, 10.0365, -0.00017867949, 0.00046530177, 0.00014331115, -0.00017867949
1.976, 0.00014331115, 0.00014331115, -0.0005006701, -0.00017867949, 10.034568, 0.00014331115, -0.00017867949, -0.00017867949, -0.00017867949
1.977, 0.00014331115, 0.00078729243, -0.00017867949, -0.00017867949, 10.035212, -0.00017867949, 0.00014331115, -0.0005006701, -0.00082266075
1.978, -0.00017867949, -0.00017867949, 0.00014331115, 0.00014331115, 10.034889, 0.00046530177, -0.00017867949, 0.00046530177, -0.0005006701
1.979, -0.00017867949, 0.00046530177, -0.00017867949, -0.00017867949, 10.035855, 0.00078729243, -0.00017867949, 0.00046530177, -0.0005006701
1.98, -0.0005006701, 0.00046530177, 0.00014331115, -0.00017867949, 10.035212, 0.00014331115, 0.00014331115, 0.00046530177, -0.00082266075
1.981, 0.00014331115, 0.00046530177, -0.00017867949, 0.00046530177, 10.034889, -0.00017867949, 0.00046530177, 0.00014331115, -0.00017867949
1.982, -0.0005006701, 0.00014331115, -0.0005006701, 0.00014331115, 10.035534, -0.00017867949, -0.00082266075, 0.00014331115, 0.00046530177
1.983, -0.0005006701, -0.00017867949, -0.00017867949, -0.00017867949, 10.035212, 0.00046530177, 0.00014331115, 0.00014331115, -0.0005006701
1.984, -0.00082266075, 0.00014331115, -0.0005006701, -0.00017867949, 10.035534, 0.00014331115, -0.0005006701, 0.00046530177, -0.0005006701
1.985, -0.00017867949, -0.00017867949, -0.00017867949, -0.00017867949, 10.035212, 0.00046530177, -0.00082266075, 0.00014331115, 0.00014331115
1.986, -0.0005006701, 0.00046530177, 0.00014331115, -0.00017867949, 10.035855, 0.00014331115, -0.0005006701, 0.00014331115, 0.00046530177
1.987, 0.00014331115, -0.0005006701, -0.00017867949, -0.00017867949, 10.0342455, -0.00017867949, -0.00017867949, 0.00046530177, -0.00017867949
1.988, -0.00017867949, -0.00017867949, -0.00017867949, -0.00017867949, 10.033924, 0.00014331115, 0.00014331115, 0.00078729243, 0.00014331115
1.989, -0.00017867949, 0.00014331115, -0.00017867949, 0.00046530177, 10.035534, -0.00017867949, -0.00017867949, 0.00014331115, -0.0005006701
1.99, -0.0005006701, 0.00046530177, 0.00014331115, -0.00017867949, 10.0342455, -0.00017867949, 0.00014331115, 0.00046530177, 0.00014331115
1.991, 0.00014331115, 0.00046530177, 0.00014331115, -0.0005006701, 10.036178, -0.00017867949, -0.00017867949, 0.00046530177, -0.00017867949
1.992, -0.00017867949, 0.00046530177, -0.00017867949, 0.00014331115, 10.034568, 0.00046530177, -0.0005006701, 0.00078729243, -0.00017867949
1.993, -0.00017867949, 0.00046530177, -0.0005006701, 0.00014331115, 10.035855, 0.00014331115, -0.00017867949, 0.00046530177, 0.00014331115
1.994, -0.00082266075, 0.00046530177, -0.00017867949, 0.00014331115, 10.035855, 0.00046530177, 0.00014331115, 0.00046530177, -0.0005006701
1.995, -0.00017867949, -0.00017867949, 0.00014331115, -0.00017867949, 10.034568, 0.00078729243, -0.00082266075, -0.00017867949, -0.00017867949
1.996, 0.00014331115, 0.00046530177, 0.00014331115, 0.00046530177, 10.034568, 0.00078729243, -0.00017867949, 0.00046530177, -0.00017867949
1.997, 0.00014331115, 0.00046530177, 0.00046530177, 0.00046530177, 10.0342455, 0.00014331115, -0.00082266075, 0.00014331115, -0.0005006701
1.998, 0.00014331115, 0.00014331115, -0.0005006701, -0.00082266075, 10.034568, 0.00014331115, -0.0005006701, 0.00046530177, -0.00017867949
1.999, -0.00017867949, 0.00014331115, 0.00014331115, 0.00014331115, 10.033602, 0.00046530177, 0.00014331115, 0.00078729243, 0.00046530177
2.0, -0.00017867949, -0.0005006701, 0.00046530177, 0.00014331115, 10.035212, 0.00014331115, -0.00017867949, 0.00046530177, -0.00082266075
2.001, 0.00014331115, 0.00046530177, -0.00017867949, -0.0005006701, 10.035212, 0.00014331115, -0.00017867949, 0.00014331115, 0.00014331115
2.0020000000000002, 0.00014331115, 0.00046530177, -0.00017867949, -0.00017867949, 10.035855, 0.00078729243, -0.0005006701, 0.00046530177, -0.00017867949
2.003, -0.00082266075, 0.00014331115, -0.0005006701, -0.0005006701, 10.035534, 0.00014331115, 0.00014331115, 0.00046530177, 0.00046530177
2.004, -0.0005006701, 0.00014331115, -0.00017867949, 0.00014331115, 10.035534, -0.00017867949, -0.00017867949, 0.00078729243, -0.0005006701
2.005, -0.00017867949, 0.00014331115, 0.00014331115, 0.00014331115, 10.0365, 0.00046530177, 0.00014331115, 0.00046530177, -0.0005006701
2.0060000000000002, 0.00046530177, 0.00046530177, -0.00017867949, -0.00017867949, 10.034889, 0.00014331115, -0.0005006701, -0.00017867949, -0.00017867949
2.007, 0.00046530177, -0.00017867949, 0.00014331115, 0.00014331115, 10.034889, -0.00017867949, -0.00017867949, 0.00014331115, -0.00017867949
2.008, -0.0005006701, 0.00046530177, -0.00017867949, 0.00078729243, 10.036178, 0.00014331115, -0.00017867949, 0.00014331115, -0.00082266075
2.009, -0.00017867949, -0.00017867949, 0.00046530177, 0.00014331115, 10.035855, -0.00017867949, -0.0005006701, 0.00014331115, 0.00046530177
2.0100000000000002, 0.00014331115, -0.0005006701, 0.00046530177, 0.00046530177, 10.035212, -0.0005006701, -0.00017867949, 0.00014331115, -0.00017867949
2.011, 0.00014331115, 0.00014331115, 0.00046530177, 0.00046530177, 10.035212, 0.00046530177, 0.00014331115, -0.00017867949, -0.0005006701
2.012, 0.00014331115, 0.00014331115, 0.00014331115, 0.00014331115, 10.034568, 0.00014331115, -0.00082266075, 0.00046530177, -0.00017867949
2.013, -0.00017867949, 0.00046530177, -0.00017867949, 0.00014331115, 10.033924, 0.00014331115, -0.00082266075, 0.00046530177, -0.0005006701
2.0140000000000002, 0.00046530177, 0.00046530177, -0.00017867949, -0.0005006701, 10.034568, 0.00014331115, 0.00014331115, 0.00046530177, -0.00082266075
2.015, -0.0005006701, -0.00017867949, -0.00017867949, -0.0005006701, 10.035855, -0.0005006701, -0.00017867949, 0.00046530177, -0.00082266075
2.016, -0.00082266075, 0.00014331115, 0.00014331115, -0.00082266075, 10.036821, 0.00078729243, 0.00014331115, 0.00078729243, -0.00017867949
2.017, 0.00014331115, 0.00014331115, -0.00017867949, 0.00014331115, 10.035212, 0.00014331115, 0.00014331115, 0.00046530177, -0.00017867949
2.0180000000000002, -0.0005006701, 0.00046530177, 0.00014331115, 0.00046530177, 10.0365, 0.00014331115, -0.00017867949, 0.00046530177, -0.00017867949
2.019, 0.00014331115, 0.00046530177, -0.00017867949, -0.0005006701, 10.035534, -0.00082266075, 0.00014331115, 0.00078729243, -0.00082266075
2.02, 0.00046530177, -0.00017867949, 0.00046530177, 0.00014331115, 10.035534, 0.00046530177, -0.00017867949, 0.00078729243, -0.0005006701
2.021, 0.00014331115, 0.00014331115, -0.0005006701, 0.00046530177, 10.034889, -0.00017867949, -0.00017867949, 0.00046530177, -0.00017867949
2.0220000000000002, 0.00046530177, 0.00014331115, 0.00014331115, 0.00014331115, 10.033602, 0.00078729243, -0.0005006701, 0.00046530177, -0.00017867949
2.023, -0.00082266075, -0.00017867949, 0.00014331115, 0.00014331115, 10.034568, -0.0005006701, -0.00017867949, 0.00046530177, 0.00014331115
2.024, 0.00014331115, 0.00046530177, -0.00017867949, 0.00014331115, 10.034889, 0.00014331115, -0.00017867949, -0.00017867949, -0.00082266075
2.025, 0.00046530177, 0.00014331115, -0.00017867949, -0.00017867949, 10.035855, -0.00017867949, 0.00014331115, 0.00014331115, -0.0005006701
2.0260000000000002, -0.0005006701, 0.00014331115, 0.00014331115, 0.00014331115, 10.035855, 0.00014331115, -0.00017867949, 0.00014331115, -0.00017867949
2.027, 0.00014331115, -0.00017867949, 0.00046530177, -0.00017867949, 10.035855, 0.00014331115, 0.00014331115, 0.00078729243, -0.00017867949
2.028, -0.00082266075, -0.00017867949, -0.00017867949, 0.00014331115, 10.035855, 0.00014331115, -0.0005006701, 0.00046530177, -0.00017867949
2.029, 0.00014331115, 0.00014331115, -0.0005006701, 0.00014331115, 10.034889, 0.00014331115, 0.00046530177, 0.00046530177, 0.00014331115
2.0300000000000002, 0.00046530177, 0.00046530177, -0.00017867949, -0.00082266075, 10.034568, 0.00014331115, 0.00046530177, 0.00078729243, 0.00014331115
2.031, 0.00014331115, -0.00017867949, 0.00014331115, 0.00046530177, 10.033924, 0.00014331115, 0.00014331115, 0.00014331115, -0.00017867949
2.032, 0.00014331115, -0.00017867949, 0.00046530177, -0.00017867949, 10.034889, 0.00046530177, -0.00017867949, 0.00014331115, 0.00078729243
2.033, -0.00082266075, -0.00017867949, 0.00014331115, 0.00014331115, 10.034889, 0.00014331115, -0.00017867949, 0.00078729243, 0.00014331115
2.0340000000000003, 0.00014331115, 0.00014331115, -0.00017867949, -0.0005006701, 10.036178, 0.00046530177, -0.0005006701, 0.00014331115, -0.0005006701
2.035, 0.00014331115, 0.00046530177, 0.00014331115, -0.00017867949, 10.034568, 0.00014331115, -0.0005006701, 0.00014331115, -0.0005006701
2.036, 0.00014331115, 0.00078729243, -0.0005006701, 0.00014331115, 10.035212, 0.00014331115, 0.00014331115, 0.00046530177, 0.00014331115
2.037, -0.0005006701, 0.00014331115, -0.00017867949, -0.00017867949, 10.034568, 0.00046530177, 0.00014331115, 0.00046530177, -0.00082266075
2.0380000000000003, 0.00046530177, -0.00017867949, -0.00017867949, -0.00017867949, 10.035534, -0.00017867949, -0.00017867949, 0.00078729243, 0.00014331115
2.039, -0.00017867949, 0.00014331115, 0.00014331115, -0.00017867949, 10.035855, 0.00014331115, -0.0005006701, -0.00017867949, -0.00017867949
2.04, 0.00014331115, 0.00014331115, 0.00046530177, -0.00017867949, 10.035855, 0.00014331115, -0.00082266075, 0.00014331115, -0.0005006701
2.041, -0.0005006701, -0.00017867949, 0.00014331115, -0.00017867949, 10.0365, 0.00046530177, 0.00046530177, 0.00046530177, 0.00014331115
2.0420000000000003, -0.00017867949, 0.0011092831, -0.00017867949, 0.00046530177, 10.034568, 0.00014331115, -0.0005006701, 0.00014331115, -0.00082266075
2.043, 0.00014331115, -0.00017867949, 0.00014331115, -0.00017867949, 10.0342455, 0.00014331115, -0.00017867949, 0.00046530177, -0.0005006701
2.044, -0.00017867949, -0.0005006701, 0.00014331115, 0.00014331115, 10.034568, -0.00017867949, -0.00017867949, 0.00046530177, -0.0005006701
2.045, 0.00046530177, -0.00017867949, 0.00014331115, -0.00017867949, 10.035212, 0.00014331115, -0.00017867949, 0.00014331115, -0.00017867949
2.0460000000000003, 0.00014331115, 0.00014331115, -0.00017867949, 0.00014331115, 10.035212, 0.00014331115, 0.00014331115, 0.00014331115, 0.00014331115
2.047, 0.00014331115, 0.00046530177, -0.00017867949, -0.0005006701, 10.035212, 0.00046530177, 0.00046530177, 0.00014331115, -0.00017867949
2.048, -0.00017867949, -0.00017867949, -0.00017867949, -0.00017867949, 10.034889, -0.00017867949, -0.00017867949, 0.00014331115, -0.00017867949
2.049, -0.00017867949, 0.00046530177, -0.0005006701, 0.00046530177, 10.0342455, 0.00014331115, -0.00017867949, 0.00014331115, -0.00082266075
2.05, -0.0005006701, 0.00046530177, 0.00014331115, 0.00014331115, 10.035855, -0.0005006701, -0.00017867949, 0.00014331115, -0.0005006701
2.051, 0.00014331115, -0.0005006701, -0.0005006701, 0.00046530177, 10.035212, -0.00017867949, 0.00014331115, 0.00014331115, -0.0011446514
2.052, -0.0005006701, -0.0005006701, -0.00017867949, 0.00046530177, 10.037144, 0.00014331115, -0.00082266075, 0.00014331115, -0.0005006701
2.053, -0.0005006701, -0.00017867949, 0.00014331115, 0.00046530177, 10.034568, 0.00014331115, -0.0005006701, 0.00046530177, -0.0005006701
2.054, 0.00046530177, -0.00017867949, -0.00017867949, -0.00017867949, 10.035212, 0.00014331115, 0.00046530177, 0.00046530177, 0.00014331115
2.055, -0.00017867949, 0.00046530177, -0.0005006701, 0.00014331115, 10.034889, 0.00014331115, -0.0005006701, 0.00014331115, -0.0005006701
2.056, -0.00017867949, 0.00078729243, 0.00014331115, 0.00014331115, 10.033924, -0.0005006701, -0.00017867949, 0.00014331115, 0.00014331115
2.057, 0.00014331115, 0.00046530177, -0.0005006701, -0.0005006701, 10.034568, 0.00046530177, -0.00017867949, 0.00046530177, -0.00082266075
2.058, -0.0005006701, -0.00082266075, -0.00017867949, 0.00014331115, 10.033924, -0.00017867949, -0.0005006701, 0.00046530177, 0.00014331115
2.059, -0.0005006701, 0.00014331115, -0.00017867949, 0.00014331115, 10.035534, -0.0005006701, -0.00017867949, 0.00046530177, -0.0005006701
2.06, 0.00014331115, 0.00046530177, 0.00014331115, -0.0005006701, 10.035534, -0.0005006701, -0.00082266075, 0.00078729243, 0.00014331115
2.061, -0.00017867949, -0.00017867949, -0.0005006701, 0.00078729243, 10.036178, 0.00046530177, 0.00014331115, 0.00014331115, 0.00014331115
2.062, -0.0005006701, 0.00046530177, 0.00014331115, 0.00014331115, 10.035534, 0.00046530177, -0.00017867949, 0.00014331115, -0.0005006701
2.063, -0.00017867949, 0.00046530177, 0.00014331115, 0.00014331115, 10.034568, -0.00017867949, -0.00017867949, 0.00014331115, -0.00017867949
2.064, -0.00017867949, 0.00046530177, -0.00017867949, -0.00017867949, 10.033924, -0.00017867949, -0.00017867949, -0.00017867949, 0.00014331115
2.065, -0.00017867949, 0.00046530177, -0.00017867949, -0.0005006701, 10.034568, -0.00017867949, -0.0005006701, 0.00014331115, -0.00017867949
2.066, -0.00017867949, 0.00014331115, 0.00014331115, 0.00046530177, 10.035534, 0.00014331115, -0.00082266075, 0.00046530177, -0.00017867949
2.067, -0.0005006701, 0.00014331115, 0.00046530177, 0.00014331115, 10.034568, 0.00046530177, -0.00017867949, 0.00078729243, -0.0005006701
2.068, -0.0005006701, 0.00046530177, 0.00014331115, 0.00014331115, 10.035534, -0.00017867949, 0.00014331115, 0.00014331115, -0.00017867949
2.069, -0.00017867949, -0.00017867949, 0.00078729243, -0.00017867949, 10.035212, -0.00017867949, -0.00017867949, 0.00078729243, -0.00017867949
2.07, -0.00017867949, -0.00017867949, 0.00046530177, -0.00017867949, 10.035855, 0.00014331115, -0.00017867949, 0.00046530177, -0.0005006701
2.071, -0.00017867949, -0.00017867949, -0.00017867949, 0.00014331115, 10.035534, 0.00014331115, 0.00046530177, -0.00017867949, -0.00017867949
2.072, -0.0005006701, -0.00017867949, -0.00017867949, -0.0005006701, 10.035855, 0.00014331115, 0.00014331115, 0.00046530177, -0.00017867949
2.073, -0.00017867949, 0.00046530177, 0.00046530177, -0.00017867949, 10.034889, -0.00017867949, 0.00014331115, 0.00078729243, -0.0005006701
2.074, -0.00017867949, 0.00046530177, 0.00014331115, -0.00017867949, 10.034568, -0.00017867949, 0.00014331115, 0.00046530177, -0.00017867949
2.075, -0.00017867949, 0.00078729243, 0.00014331115, -0.00017867949, 10.034568, -0.00017867949, 0.00046530177, 0.00078729243, 0.00014331115
2.076, -0.00017867949, -0.0005006701, -0.0005006701, 0.00014331115, 10.034568, 0.00014331115, 0.00014331115, 0.00014331115, -0.00017867949
2.077, -0.0005006701, 0.00014331115, -0.0005006701, 0.00014331115, 10.036178, -0.00017867949, -0.00017867949, 0.00046530177, -0.00017867949
2.078, -0.0005006701, 0.00014331115, 0.00014331115, 0.00014331115, 10.034889, 0.00014331115, -0.00017867949, 0.00046530177, 0.00014331115
2.079, 0.00014331115, -0.00017867949, 0.00014331115, -0.00017867949, 10.0365, -0.0005006701, -0.00017867949, 0.00046530177, -0.00017867949
2.08, -0.0005006701, 0.00078729243, 0.00014331115, -0.00017867949, 10.036178, 0.00046530177, -0.00017867949, 0.00078729243, -0.0005006701
2.081, -0.00017867949, 0.00014331115, 0.00046530177, -0.00017867949, 10.035855, -0.0005006701, 0.00014331115, 0.00014331115, 0.00014331115
2.082, -0.00017867949, 0.00046530177, 0.00046530177, 0.00046530177, 10.0365, 0.00046530177, -0.00017867949, 0.00046530177, 0.00046530177
2.083, -0.00017867949, 0.00046530177, -0.00017867949, -0.0005006701, 10.035212, 0.00014331115, -0.00017867949, 0.00046530177, -0.0005006701
2.084, 0.00014331115, 0.00046530177, 0.00014331115, 0.00014331115, 10.035855, 0.00046530177, -0.00017867949, 0.00014331115, -0.0005006701
2.085, 0.00014331115, -0.00017867949, -0.00017867949, 0.00014331115, 10.035212, 0.00014331115, -0.00017867949, 0.00014331115, -0.0005006701
2.086, -0.00017867949, 0.00014331115, 0.00014331115, 0.00014331115, 10.034889, -0.00017867949, -0.00017867949, -0.00017867949, -0.0005006701
2.087, -0.0005006701, 0.00014331115, -0.00017867949, 0.00046530177, 10.0342455, -0.00017867949, -0.0005006701, 0.00014331115, 0.00014331115
2.088, -0.00017867949, 0.00014331115, 0.00046530177, -0.00017867949, 10.033602, 0.00078729243, 0.00014331115, 0.00014331115, -0.00017867949
2.089, 0.00014331115, 0.00046530177, -0.00017867949, -0.00017867949, 10.0342455, -0.00017867949, -0.0005006701, 0.00014331115, -0.00017867949
2.09, -0.00017867949, 0.00046530177, 0.00014331115, 0.00014331115, 10.034889, 0.00046530177, -0.0005006701, 0.00046530177, -0.0005006701
2.091, 0.00014331115, 0.00014331115, 0.00078729243, -0.00017867949, 10.035534, 0.00014331115, -0.00017867949, 0.00014331115, 0.00014331115
2.092, 0.00014331115, -0.00017867949, -0.00017867949, 0.00078729243, 10.034889, 0.00046530177, -0.00082266075, 0.00014331115, -0.00017867949
2.093, -0.00017867949, 0.00046530177, -0.0005006701, 0.00014331115, 10.035855, -0.00017867949, -0.00017867949, 0.00046530177, -0.0005006701
2.094, -0.00017867949, 0.00046530177, -0.00017867949, 0.00014331115, 10.035212, 0.00014331115, -0.0005006701, 0.00014331115, 0.00014331115
2.095, -0.00017867949, 0.00014331115, 0.00014331115, 0.00014331115, 10.0365, 0.00046530177, -0.00017867949, 0.00046530177, 0.00014331115
2.096, 0.00046530177, 0.00014331115, 0.00014331115, 0.00014331115, 10.034568, -0.0005006701, 0.00046530177, 0.00078729243, -0.00017867949
2.097, -0.00017867949, 0.00014331115, -0.0005006701, 0.00046530177, 10.0342455, 0.00014331115, -0.00082266075, -0.0005006701, -0.00082266075
2.098, -0.0005006701, 0.00014331115, 0.00014331115, 0.00046530177, 10.033924, -0.00017867949, -0.00017867949, 0.00014331115, -0.0005006701
2.099, 0.00014331115, -0.00017867949, -0.0005006701, -0.00017867949, 10.033924, 0.00078729243, -0.00017867949, -0.00017867949, -0.00017867949
2.1, 0.00014331115, 0.00078729243, -0.00017867949, 0.00014331115, 10.0342455, 0.00046530177, -0.00082266075, 0.00046530177, -0.0005006701
2.101, -0.00017867949, 0.00046530177, 0.00014331115, -0.00017867949, 10.033924, 0.00046530177, -0.0005006701, -0.00017867949, 0.00046530177
2.102, -0.00017867949, 0.00014331115, 0.00014331115, -0.00017867949, 10.035212, 0.00014331115, -0.0005006701, 0.00078729243, -0.00082266075
2.103, -0.00017867949, 0.00046530177, 0.00014331115, -0.00017867949, 10.034889, 0.00046530177, -0.00017867949, -0.00017867949, -0.00017867949
2.104, 0.00014331115, -0.00017867949, -0.0005006701, 0.00014331115, 10.036178, 0.00014331115, 0.00014331115, 0.00046530177, -0.00017867949
2.105, 0.00014331115, 0.00046530177, -0.0005006701, 0.00014331115, 10.0365, 0.00014331115, -0.00017867949, 0.00014331115, -0.00017867949
2.106, -0.0005006701, 0.00046530177, -0.00017867949, 0.00014331115, 10.0365, 0.00014331115, -0.0005006701, -0.00017867949, 0.00014331115
2.107, 0.00014331115, -0.00017867949, -0.00017867949, 0.00046530177, 10.034889, -0.0005006701, -0.0011446514, 0.00078729243, 0.00014331115
2.108, -0.0005006701, 0.00046530177, 0.00014331115, 0.00014331115, 10.033924, -0.0005006701, -0.00017867949, 0.00046530177, 0.00014331115
2.109, 0.00014331115, 0.00046530177, 0.00014331115, -0.00017867949, 10.034889, 0.00014331115, -0.00017867949, -0.00017867949, -0.0005006701
2.11, 0.00046530177, 0.00046530177, 0.00014331115, 0.00046530177, 10.033602, 0.00046530177, 0.00014331115, 0.00014331115, -0.00017867949
2.111, -0.00017867949, -0.00017867949, -0.00017867949, 0.00014331115, 10.034889, 0.00014331115, -0.0005006701, -0.00017867949, -0.0005006701
2.112, 0.00014331115, 0.00046530177, -0.00017867949, 0.00014331115, 10.034889, 0.00014331115, 0.00014331115, -0.00017867949, -0.00017867949
2.113, -0.0005006701, 0.00014331115, -0.00017867949, 0.00014331115, 10.035212, 0.00014331115, -0.00017867949, -0.00017867949, -0.00017867949
2.114, -0.00017867949, 0.00078729243, 0.00014331115, 0.00046530177, 10.035212, -0.00017867949, 0.00014331115, 0.00014331115, -0.0005006701
2.115, -0.00082266075, 0.00046530177, -0.00017867949, -0.00017867949, 10.035212, -0.00017867949, -0.00017867949, 0.00046530177, -0.00017867949
2.116, -0.00017867949, 0.00014331115, 0.00014331115, -0.00017867949, 10.035855, 0.00014331115, -0.0005006701, 0.00014331115, -0.00082266075
2.117, 0.00014331115, 0.00014331115, 0.00014331115, 0.00014331115, 10.034568, -0.0005006701, -0.00017867949, -0.00017867949, 0.00014331115
2.118, 0.00046530177, 0.00046530177, -0.0005006701, 0.00014331115, 10.033924, -0.00017867949, 0.00014331115, 0.00046530177, -0.0005006701
2.119, -0.00017867949, 0.00014331115, 0.00014331115, 0.00046530177, 10.033924, 0.00046530177, -0.00017867949, 0.00014331115, -0.00017867949
2.12, -0.00017867949, 0.00046530177, -0.00017867949, 0.00014331115, 10.034568, 0.00046530177, -0.00017867949, -0.00017867949, 0.00014331115
2.121, -0.0005006701, 0.00014331115, -0.00017867949, -0.00017867949, 10.034568, -0.00017867949, -0.0005006701, 0.00046530177, -0.00017867949
2.122, -0.0005006701, 0.00014331115, -0.00017867949, -0.00017867949, 10.0342455, -0.00017867949, -0.00017867949, 0.00046530177, -0.0005006701
2.123, 0.00014331115, 0.00014331115, 0.00046530177, -0.0005006701, 10.034889, 0.00046530177, -0.0005006701, 0.00046530177, -0.00017867949
2.124, -0.0005006701, 0.00014331115, 0.00046530177, 0.00046530177, 10.035212, -0.00082266075, 0.00014331115, 0.00014331115, -0.00017867949
2.125, -0.0005006701, 0.00014331115, 0.00014331115, 0.00046530177, 10.035534, 0.00014331115, 0.00014331115, 0.00014331115, -0.0005006701
2.126, 0.00014331115, 0.00078729243, -0.00017867949, 0.00046530177, 10.035212, 0.00046530177, -0.0005006701, 0.00014331115, -0.00017867949
2.1270000000000002, -0.00017867949, 0.00046530177, -0.0005006701, -0.00017867949, 10.0365, -0.0005006701, 0.00014331115, 0.00014331115, -0.00017867949
2.128, -0.00082266075, 0.00046530177, 0.00014331115, 0.00014331115, 10.035855, -0.00017867949, -0.00017867949, -0.00017867949, -0.0005006701
2.129, 0.00014331115, 0.00014331115, 0.00014331115, 0.00078729243, 10.035855, 0.00046530177, 0.00014331115, 0.00046530177, 0.00014331115
2.13, -0.00017867949, -0.00017867949, 0.00046530177, 0.00014331115, 10.034568, 0.00046530177, -0.0005006701, 0.00014331115, -0.0005006701
2.1310000000000002, -0.00082266075, 0.00046530177, 0.00014331115, 0.00014331115, 10.034568, 0.00014331115, 0.00014331115, 0.00046530177, 0.00014331115
2.132, -0.00017867949, 0.00014331115, 0.00014331115, 0.00014331115, 10.0342455, 0.00014331115, -0.00017867949, -0.00017867949, -0.0005006701
2.133, -0.00017867949, 0.00046530177, -0.00017867949, -0.00017867949, 10.034568, 0.00046530177, 0.00014331115, 0.00014331115, -0.00082266075
2.134, -0.0005006701, 0.00046530177, -0.0005006701, 0.00014331115, 10.034889, -0.00017867949, -0.00017867949, 0.00046530177, -0.00082266075
2.1350000000000002, 0.00014331115, 0.00046530177, 0.00014331115, 0.00046530177, 10.034889, -0.00017867949, 0.00014331115, 0.00014331115, -0.00017867949
2.136, 0.00078729243, 0.00046530177, 0.00014331115, 0.00014331115, 10.035855, 0.00014331115, -0.00017867949, 0.00014331115, -0.00017867949
2.137, 0.00046530177, 0.00078729243, -0.0005006701, -0.00017867949, 10.035212, 0.00014331115, -0.0005006701, 0.00014331115, 0.00014331115
2.138, -0.00017867949, 0.00046530177, 0.00046530177, 0.00014331115, 10.0365, 0.00014331115, -0.00017867949, 0.00078729243, -0.0005006701
2.1390000000000002, -0.0005006701, 0.00078729243, -0.00017867949, -0.00017867949, 10.035534, -0.00017867949, -0.0005006701, 0.00078729243, -0.0005006701
2.14, -0.00017867949, 0.00078729243, -0.00017867949, -0.0005006701, 10.034889, -0.00082266075, -0.00017867949, 0.00014331115, -0.00082266075
2.141, -0.00017867949, 0.00078729243, 0.00046530177, 0.00046530177, 10.035212, -0.00017867949, -0.00017867949, -0.00017867949, 0.00014331115
2.142, -0.00017867949, 0.00046530177, -0.00017867949, -0.00017867949, 10.034889, -0.00082266075, 0.00046530177, -0.00017867949, -0.00017867949
2.1430000000000002, 0.00014331115, 0.00046530177, 0.00014331115, 0.00046530177, 10.035212, 0.00046530177, -0.00017867949, 0.00014331115, -0.00017867949
2.144, 0.00046530177, 0.00046530177, 0.00046530177, 0.00014331115, 10.034568, 0.00078729243, -0.0005006701, 0.00078729243, -0.0005006701
2.145, -0.00017867949, 0.00046530177, 0.00046530177, 0.00078729243, 10.034568, 0.00046530177, -0.0005006701, 0.00014331115, -0.0005006701
2.146, -0.00017867949, 0.00078729243, 0.00046530177, -0.00017867949, 10.0342455, -0.00017867949, 0.00014331115, 0.00014331115, -0.00082266075
2.1470000000000002, -0.00017867949, -0.00017867949, 0.00078729243, 0.00046530177, 10.035212, 0.00014331115, -0.00017867949, -0.0005006701, -0.00017867949
2.148, -0.0005006701, 0.00014331115, -0.0005006701, -0.00017867949, 10.035534, -0.00017867949, -0.00017867949, 0.00046530177, -0.00017867949
2.149, -0.00017867949, 0.00014331115, -0.00017867949, -0.00082266075, 10.0365, 0.00046530177, -0.00082266075, 0.00014331115, -0.0005006701
2.15, -0.00082266075, -0.00017867949, 0.00014331115, 0.00014331115, 10.035534, 0.00046530177, 0.00014331115, 0.00046530177, -0.0011446514
2.1510000000000002, 0.00014331115, 0.00014331115, -0.00017867949, 0.00046530177, 10.033602, 0.0011092831, 0.00014331115, -0.00017867949, -0.0005006701
2.152, 0.00014331115, 0.00046530177, 0.00046530177, -0.00017867949, 10.033924, 0.00046530177, 0.00014331115, 0.00046530177, -0.0005006701
2.153, -0.0005006701, -0.00017867949, 0.00014331115, -0.0005006701, 10.033924, -0.00017867949, 0.00014331115, 0.00014331115, -0.00082266075
2.154, 0.00014331115, -0.00017867949, -0.00017867949, -0.0005006701, 10.034889, 0.00014331115, -0.00082266075, 0.00046530177, -0.00017867949
2.1550000000000002, -0.00017867949, 0.00046530177, 0.00014331115, -0.00017867949, 10.035212, 0.00014331115, -0.00017867949, 0.00078729243, 0.00046530177
2.156, 0.00014331115, 0.00014331115, 0.00014331115, -0.00017867949, 10.035212, 0.00014331115, 0.00014331115, 0.00046530177, -0.00017867949
2.157, 0.00014331115, -0.0005006701, 0.00014331115, 0.00046530177, 10.035212, 0.00046530177, -0.0005006701, 0.00014331115, -0.00017867949
2.158, -0.00017867949, 0.00046530177, 0.00046530177, 0.00046530177, 10.034568, 0.00014331115, -0.00017867949, 0.0011092831, -0.0005006701
2.1590000000000003, -0.00017867949, 0.00046530177, 0.00014331115, 0.00014331115, 10.034889, -0.00017867949, 0.00014331115, -0.00017867949, -0.00017867949
2.16, -0.0005006701, -0.00017867949, -0.0005006701, -0.00017867949, 10.034568, 0.00014331115, -0.0005006701, 0.00046530177, -0.00017867949
2.161, -0.0005006701, 0.00014331115, 0.00014331115, 0.00046530177, 10.035855, 0.00014331115, -0.00017867949, 0.00046530177, -0.00017867949
2.162, 0.00014331115, -0.00017867949, -0.00017867949, -0.0005006701, 10.033924, 0.00014331115, 0.00014331115, 0.00078729243, 0.00046530177
2.1630000000000003, -0.00017867949, -0.00017867949, 0.00014331115, 0.00014331115, 10.034889, 0.00014331115, -0.00017867949, 0.00046530177, -0.0005006701
2.164, -0.0005006701, 0.00078729243, -0.0005006701, -0.00082266075, 10.033924, 0.00078729243, 0.00014331115, -0.00017867949, -0.0005006701
2.165, -0.00017867949, 0.00014331115, 0.00046530177, 0.00046530177, 10.0342455, 0.00014331115, -0.00017867949, -0.00017867949, -0.0005006701
2.166, -0.00017867949, -0.00017867949, -0.00017867949, 0.00014331115, 10.035855, 0.00014331115, -0.0005006701, -0.0005006701, -0.00017867949
2.1670000000000003, 0.00046530177, -0.00017867949, 0.00046530177, -0.00017867949, 10.035212, -0.00017867949, -0.00017867949, -0.00017867949, -0.0005006701
2.168, -0.0005006701, 0.00046530177, 0.00014331115, 0.00014331115, 10.035855, 0.00014331115, -0.0005006701, 0.00078729243, -0.00017867949
2.169, -0.00017867949, 0.00046530177, 0.00014331115, 0.00014331115, 10.0342455, 0.00014331115, -0.00017867949, -0.00017867949, -0.00017867949
2.17, -0.00017867949, -0.00017867949, -0.00082266075, 0.00046530177, 10.035534, 0.00078729243, -0.00017867949, 0.0011092831, -0.00082266075
2.1710000000000003, -0.00082266075, 0.00046530177, -0.00017867949, -0.00017867949, 10.034889, 0.00014331115, -0.00017867949, 0.00014331115, -0.0005006701
2.172, -0.00082266075, 0.00046530177, -0.0005006701, 0.00014331115, 10.036178, 0.00046530177, -0.0005006701, -0.00017867949, -0.00017867949
2.173, -0.0005006701, -0.00017867949, -0.00017867949, -0.00017867949, 10.035212, 0.00046530177, 0.00014331115, 0.00014331115, -0.0005006701
2.174, -0.0005006701, -0.0005006701, 0.00046530177, 0.00046530177, 10.034889, 0.00014331115, -0.00017867949, 0.00046530177, -0.00017867949
2.1750000000000003, 0.00014331115, 0.00014331115, 0.00014331115, 0.00014331115, 10.034889, 0.00014331115, -0.00017867949, -0.00017867949, 0.00014331115
2.176, 0.00014331115, 0.00078729243, 0.00014331115, 0.00014331115, 10.033924, 0.00014331115, -0.00017867949, 0.00046530177, -0.0005006701
2.177, -0.00017867949, -0.00017867949, 0.00014331115, -0.00017867949, 10.034568, 0.00014331115, 0.00014331115, 0.00014331115, -0.00017867949
2.178, -0.00017867949, -0.00017867949, -0.0005006701, -0.00017867949, 10.034568, 0.00014331115, 0.00014331115, 0.00014331115, -0.0005006701
2.179, -0.0005006701, 0.00014331115, 0.00014331115, -0.00017867949, 10.0365, -0.00017867949, -0.0005006701, 0.00078729243, -0.0005006701
2.18, -0.0005006701, 0.00046530177, -0.00017867949, 0.00014331115, 10.035534, 0.00014331115, -0.00017867949, -0.00017867949, -0.0005006701
2.181, -0.0005006701, 0.00046530177, 0.00014331115, 0.00014331115, 10.036178, 0.00014331115, 0.00014331115, 0.00046530177, 0.00014331115
2.182, -0.00017867949, 0.00046530177, -0.00017867949, 0.00014331115, 10.035212, 0.00046530177, -0.0005006701, 0.00078729243, -0.0005006701
2.183, 0.00046530177, 0.00014331115, 0.00046530177, 0.00046530177, 10.034889, -0.00017867949, -0.0005006701, 0.00014331115, -0.0005006701
2.184, -0.00017867949, 0.00014331115, 0.00014331115, 0.00014331115, 10.033924, -0.00017867949, -0.0005006701, 0.00046530177, -0.0005006701
2.185, 0.00046530177, -0.00017867949, -0.00017867949, -0.00017867949, 10.033924, -0.00017867949, 0.00014331115, 0.00014331115, 0.00014331115
2.186, -0.0005006701, 0.00014331115, 0.00014331115, -0.00017867949, 10.035855, 0.00014331115, -0.00017867949, -0.0005006701, -0.00017867949
2.187, 0.00014331115, 0.00046530177, -0.00017867949, 0.00014331115, 10.034568, 0.00046530177, 0.00014331115, 0.00014331115, -0.0005006701
2.188, 0.00014331115, 0.00046530177, 0.00014331115, 0.00078729243, 10.035855, -0.0005006701, 0.00014331115, 0.00046530177, -0.00017867949
2.189, -0.0005006701, 0.00014331115, -0.00017867949, 0.00046530177, 10.034568, -0.00017867949, 0.00014331115, 0.00014331115, 0.00014331115
2.19, 0.00014331115, 0.00014331115, 0.00014331115, 0.00014331115, 10.034568, 0.00014331115, -0.0005006701, 0.00078729243, 0.00014331115
2.191, 0.00014331115, 0.00014331115, 0.00046530177, 0.00046530177, 10.034889, 0.00014331115, 0.00014331115, 0.00046530177, -0.0005006701
2.192, -0.00017867949, 0.00046530177, 0.00046530177, 0.00014331115, 10.035855, 0.00078729243, -0.00017867949, 0.00046530177, -0.00017867949
2.193, -0.00017867949, 0.00014331115, 0.00014331115, -0.00017867949, 10.036178, 0.00014331115, -0.00017867949, 0.00046530177, 0.00014331115
2.194, 0.00014331115, 0.00014331115, 0.00014331115, 0.00014331115, 10.035212, 0.00014331115, 0.00014331115, -0.00017867949, -0.00082266075
2.195, 0.00014331115, 0.00014331115, 0.00014331115, -0.00017867949, 10.033924, -0.0005006701, 0.00046530177, 0.00078729243, 0.00014331115
2.196, -0.00017867949, 0.00014331115, -0.00017867949, -0.00017867949, 10.034568, 0.00014331115, -0.0005006701, 0.00014331115, -0.00017867949
2.197, 0.00014331115, -0.00017867949, -0.00017867949, -0.0005006701, 10.036178, 0.00014331115, -0.00017867949, 0.00014331115, -0.0005006701
2.198, -0.0005006701, 0.00014331115, 0.00046530177, 0.00046530177, 10.033602, -0.00017867949, -0.00017867949, 0.00014331115, -0.0005006701
2.199, 0.00014331115, -0.00017867949, -0.00017867949, 0.00014331115, 10.035534, 0.00046530177, -0.00017867949, -0.00017867949, -0.00017867949
2.2, 0.00046530177, -0.00017867949, 0.00014331115, -0.0005006701, 10.033924, 0.00014331115, -0.00017867949, 0.00046530177, -0.00082266075
2.201, -0.00017867949, -0.0005006701, 0.00014331115, 0.00014331115, 10.033924, 0.00046530177, 0.00014331115, 0.00078729243, -0.00017867949
2.202, 0.00046530177, -0.00017867949, 0.00078729243, 0.00014331115, 10.034889, -0.00017867949, 0.00014331115, -0.00017867949, -0.00017867949
2.203, -0.00017867949, -0.00017867949, -0.00017867949, 0.00078729243, 10.034889, -0.00017867949, -0.00017867949, 0.00046530177, -0.00017867949
2.204, -0.00017867949, 0.00046530177, 0.00046530177, 0.00014331115, 10.035855, -0.0005006701, -0.0005006701, 0.00014331115, -0.0005006701
2.205, 0.00014331115, 0.00014331115, 0.00046530177, -0.0005006701, 10.035534, 0.00014331115, -0.0005006701, 0.00046530177, -0.00017867949
2.206, -0.00017867949, 0.00046530177, -0.0005006701, -0.0005006701, 10.034568, -0.00017867949, -0.00017867949, 0.00046530177, 0.00014331115
2.207, -0.00017867949, -0.00017867949, 0.00046530177, 0.00078729243, 10.033602, -0.0005006701, -0.00017867949, -0.00017867949, -0.0005006701
2.208, 0.00014331115, 0.00014331115, 0.00014331115, -0.0005006701, 10.035212, -0.00017867949, -0.00017867949, 0.00014331115, -0.00017867949
2.209, 0.00014331115, 0.00014331115, -0.00017867949, -0.0005006701, 10.034889, 0.00046530177, 0.00014331115, 0.00014331115, -0.00017867949
2.21, 0.00014331115, 0.00014331115, -0.00017867949, -0.0005006701, 10.034889, -0.00017867949, -0.00017867949, 0.00014331115, -0.00082266075
2.211, 0.00014331115, 0.00014331115, 0.00014331115, 0.00046530177, 10.035212, 0.00046530177, -0.00017867949, -0.0005006701, -0.00017867949
2.212, -0.00017867949, 0.00046530177, -0.00017867949, -0.00017867949, 10.034568, -0.00017867949, -0.00017867949, 0.00078729243, -0.00082266075
2.213, 0.00014331115, 0.00014331115, -0.00017867949, -0.00017867949, 10.035212, -0.00017867949, 0.00014331115, 0.00078729243, -0.00082266075
2.214, 0.00014331115, 0.00014331115, -0.00017867949, -0.0005006701, 10.035855, 0.00014331115, -0.00017867949, -0.00017867949, 0.00014331115
2.215, 0.00014331115, 0.00046530177, -0.00017867949, -0.00017867949, 10.036821, -0.0005006701, -0.00017867949, 0.00014331115, -0.00017867949
2.216, 0.00014331115, 0.00014331115, 0.00014331115, 0.00014331115, 10.035534, -0.00017867949, -0.0005006701, 0.00014331115, -0.00017867949
2.217, -0.00017867949, 0.00078729243, -0.0005006701, -0.00017867949, 10.035534, -0.0005006701, -0.00082266075, 0.00014331115, -0.00017867949
2.218, -0.00017867949, -0.00017867949, 0.00014331115, 0.00014331115, 10.033602, 0.00046530177, -0.0005006701, 0.00078729243, -0.0011446514
2.219, -0.00017867949, 0.00078729243, -0.00017867949, -0.00082266075, 10.034568, 0.00014331115, -0.00017867949, 0.00046530177, 0.00014331115
2.22, 0.00014331115, 0.00014331115, -0.0005006701, 0.00014331115, 10.033924, -0.00017867949, 0.00014331115, 0.00046530177, -0.00017867949
2.221, -0.00017867949, 0.00014331115, 0.00014331115, 0.00014331115, 10.034889, -0.0005006701, -0.00017867949, 0.00046530177, -0.00082266075
2.222, 0.00014331115, -0.00017867949, 0.00046530177, 0.00014331115, 10.034889, 0.00046530177, -0.00082266075, 0.00046530177, -0.0005006701
2.223, 0.00014331115, -0.0005006701, 0.00014331115, -0.0005006701, 10.034568, 0.00014331115, -0.0005006701, -0.00017867949, -0.00082266075
2.224, -0.0005006701, 0.00046530177, 0.00014331115, -0.00017867949, 10.035212, 0.00014331115, -0.00082266075, -0.00017867949, -0.00082266075
2.225, -0.00017867949, 0.00046530177, 0.0011092831, -0.00017867949, 10.035212, -0.00017867949, 0.00014331115, -0.00017867949, -0.00017867949
2.226, -0.0005006701, 0.00078729243, 0.00014331115, 0.00014331115, 10.036178, 0.00014331115, -0.00017867949, -0.00017867949, -0.00082266075
2.227, -0.00017867949, 0.00014331115, 0.00014331115, 0.00014331115, 10.036178, 0.00046530177, -0.00017867949, -0.00017867949, -0.00017867949
2.228, -0.0005006701, 0.00046530177, -0.00017867949, 0.00046530177, 10.0342455, 0.00046530177, 0.00014331115, 0.00046530177, -0.00017867949
2.229, -0.00017867949, 0.00046530177, 0.00014331115, -0.00017867949, 10.035212, 0.00014331115, 0.00014331115, 0.00014331115, -0.0005006701
2.23, -0.00017867949, -0.00017867949, 0.00014331115, -0.00017867949, 10.034568, -0.00017867949, -0.00017867949, 0.00014331115, -0.0005006701
2.231, 0.00014331115, 0.00046530177, -0.0005006701, -0.00017867949, 10.0365, -0.00017867949, 0.00046530177, -0.0005006701, -0.00017867949
2.232, -0.00017867949, 0.00014331115, -0.0005006701, 0.00014331115, 10.034568, 0.00014331115, -0.00017867949, -0.00017867949, -0.00017867949
2.233, 0.00014331115, 0.00014331115, -0.00017867949, -0.00017867949, 10.035212, -0.00017867949, -0.00017867949, 0.00014331115, 0.00014331115
2.234, -0.0005006701, 0.00046530177, -0.00017867949, 0.00014331115, 10.034568, -0.0005006701, -0.00017867949, 0.00014331115, -0.00017867949
2.235, -0.0005006701, 0.00078729243, 0.00078729243, 0.00014331115, 10.035534, -0.00017867949, 0.00046530177, 0.00078729243, -0.0005006701
2.236, 0.00014331115, 0.00046530177, -0.0005006701, 0.00014331115, 10.035855, 0.00014331115, 0.00014331115, 0.00014331115, -0.00017867949
2.237, 0.00046530177, 0.00014331115, -0.00017867949, 0.00046530177, 10.035534, -0.00017867949, 0.00014331115, 0.00014331115, 0.00014331115
2.238, -0.00017867949, -0.00082266075, 0.00014331115, -0.00017867949, 10.0365, 0.00014331115, -0.00082266075, 0.00046530177, -0.00017867949
2.239, -0.00017867949, 0.00014331115, -0.00017867949, 0.00014331115, 10.0342455, 0.00014331115, -0.00017867949, 0.00046530177, -0.0005006701
2.24, -0.0005006701, 0.00046530177, -0.00017867949, 0.00078729243, 10.034568, 0.00014331115, -0.00017867949, 0.00078729243, -0.00017867949
2.241, -0.00017867949, 0.00014331115, 0.00014331115, 0.00014331115, 10.033279, -0.00017867949, -0.00082266075, 0.00014331115, -0.00017867949
2.242, -0.0005006701, -0.00017867949, -0.00017867949, 0.00014331115, 10.033924, 0.00014331115, 0.00046530177, -0.00017867949, -0.0005006701
2.243, 0.00014331115, -0.00017867949, 0.00014331115, 0.00014331115, 10.033924, -0.00017867949, -0.00017867949, 0.00014331115, -0.0005006701
2.244, -0.00017867949, -0.00017867949, -0.00017867949, -0.0005006701, 10.034568, 0.00014331115, -0.0005006701, 0.00014331115, -0.00082266075
2.245, -0.00017867949, -0.00017867949, 0.00014331115, -0.0005006701, 10.035855, 0.00014331115, -0.0005006701, 0.00014331115, 0.00014331115
2.246, -0.00017867949, 0.00046530177, 0.00014331115, 0.00014331115, 10.0342455, 0.00046530177, -0.0005006701, -0.00017867949, -0.00017867949
2.247, -0.0005006701, 0.00014331115, 0.00014331115, -0.00017867949, 10.035855, -0.00017867949, 0.00014331115, 0.00014331115, -0.0005006701
2.248, -0.00017867949, 0.00078729243, 0.00014331115, -0.00017867949, 10.035534, -0.00017867949, -0.0011446514, 0.00014331115, -0.0005006701
2.249, -0.0005006701, 0.00046530177, 0.00014331115, -0.00017867949, 10.035534, 0.00046530177, -0.00082266075, 0.00046530177, -0.00017867949
2.25, -0.00017867949, 0.00014331115, -0.00017867949, -0.00017867949, 10.033924, 0.00046530177, -0.0005006701, 0.00014331115, -0.00017867949
2.251, -0.00017867949, 0.00046530177, -0.0005006701, -0.00017867949, 10.034568, 0.00046530177, 0.00014331115, 0.00014331115, -0.00017867949
2.2520000000000002, -0.00082266075, 0.00046530177, 0.00014331115, -0.00017867949, 10.035212, 0.00014331115, -0.00017867949, 0.00078729243, -0.0005006701
2.253, 0.00014331115, 0.00014331115, 0.00014331115, 0.00014331115, 10.035855, 0.00014331115, -0.00017867949, 0.00046530177, -0.00017867949
2.254, 0.00046530177, 0.00014331115, 0.00014331115, -0.00017867949, 10.034889, 0.00014331115, 0.00014331115, 0.00014331115, -0.0005006701
2.255, 0.00014331115, -0.00017867949, -0.00017867949, 0.00014331115, 10.033924, -0.0005006701, -0.00017867949, 0.00014331115, -0.00017867949
2.2560000000000002, -0.00017867949, 0.00078729243, -0.00017867949, 0.00046530177, 10.035855, 0.00014331115, -0.00017867949, 0.00014331115, -0.00017867949
2.257, -0.00017867949, 0.00046530177, 0.00014331115, -0.00017867949, 10.035212, -0.00017867949, 0.00046530177, 0.0011092831, 0.00014331115
2.258, -0.0005006701, -0.0005006701, 0.00014331115, 0.00014331115, 10.036821, 0.00014331115, -0.0005006701, 0.00046530177, -0.00017867949
2.259, -0.00017867949, 0.00046530177, -0.00017867949, -0.0005006701, 10.034889, 0.00046530177, 0.00014331115, 0.00078729243, -0.00017867949
2.2600000000000002, 0.00014331115, -0.00017867949, -0.0005006701, 0.00078729243, 10.035855, 0.00046530177, -0.0005006701, 0.00046530177, -0.00082266075
2.261, -0.00017867949, 0.00046530177, -0.00017867949, 0.00014331115, 10.034568, 0.00014331115, -0.0005006701, 0.00014331115, -0.00017867949
2.262, -0.0005006701, 0.00046530177, 0.00046530177, 0.00014331115, 10.034889, -0.00017867949, -0.00017867949, 0.00014331115, -0.00017867949
2.263, 0.00014331115, 0.00014331115, -0.00017867949, 0.00014331115, 10.035212, 0.00014331115, 0.00014331115, -0.00017867949, -0.00082266075
2.2640000000000002, -0.00082266075, -0.00017867949, 0.00014331115, 0.00014331115, 10.034568, 0.00014331115, -0.00017867949, 0.00078729243, -0.0005006701
2.265, 0.00014331115, 0.00046530177, -0.0005006701, -0.00017867949, 10.0342455, -0.00017867949, -0.00017867949, 0.00046530177, 0.00014331115
2.266, 0.00014331115, 0.00014331115, -0.00017867949, 0.00014331115, 10.033924, -0.00017867949, 0.00046530177, -0.00017867949, -0.0005006701
2.267, 0.00014331115, -0.00017867949, -0.0005006701, -0.00017867949, 10.035534, -0.00017867949, 0.00014331115, 0.00046530177, -0.00017867949
2.2680000000000002, -0.0005006701, -0.0005006701, 0.00014331115, -0.00017867949, 10.034568, 0.00078729243, -0.00017867949, 0.00014331115, -0.00082266075
2.269, -0.00017867949, 0.00046530177, -0.00017867949, 0.00014331115, 10.035534, -0.0005006701, -0.0005006701, 0.00046530177, -0.00082266075
2.27, -0.0005006701, 0.00014331115, 0.00014331115, 0.00046530177, 10.0365, 0.00046530177, -0.0005006701, 0.00014331115, -0.00017867949
2.271, -0.00017867949, 0.00046530177, 0.00014331115, -0.00082266075, 10.034889, 0.00014331115, -0.00017867949, -0.00017867949, -0.00082266075
2.2720000000000002, -0.0005006701, 0.00014331115, 0.00014331115, -0.00017867949, 10.034889, 0.00014331115, 0.00014331115, 0.00046530177, -0.00017867949
2.273, -0.00017867949, 0.00014331115, 0.00046530177, 0.00046530177, 10.035534, 0.00078729243, -0.0005006701, 0.00014331115, 0.00014331115
2.274, 0.00014331115, -0.00017867949, -0.00017867949, 0.00014331115, 10.035212, 0.00078729243, -0.00017867949, 0.00014331115, 0.00014331115
2.275, -0.00017867949, 0.00078729243, 0.00046530177, -0.00017867949, 10.034889, 0.00014331115, -0.0005006701, 0.00046530177, 0.00014331115
2.2760000000000002, 0.00046530177, -0.00017867949, 0.00046530177, 0.00014331115, 10.035212, -0.0005006701, -0.0005006701, -0.00017867949, 0.00046530177
2.277, -0.0005006701, -0.00017867949, 0.00014331115, 0.00014331115, 10.0342455, 0.00014331115, -0.0005006701, 0.00078729243, -0.00017867949
2.278, 0.00014331115, 0.00014331115, 0.00014331115, -0.0005006701, 10.034568, -0.00017867949, -0.00017867949, 0.00046530177, -0.00082266075
2.279, 0.00014331115, 0.00014331115, 0.00014331115, 0.00014331115, 10.034889, 0.00078729243, 0.00014331115, 0.00046530177, -0.0005006701
2.2800000000000002, -0.00017867949, -0.00017867949, 0.00014331115, 0.00046530177, 10.035212, 0.00014331115, -0.00017867949, 0.00046530177, -0.00017867949
2.281, -0.0005006701, 0.00078729243, -0.00017867949, 0.00014331115, 10.036178, 0.00014331115, 0.00014331115, -0.00017867949, -0.0005006701
2.282, -0.00017867949, -0.00017867949, -0.00017867949, -0.00017867949, 10.035855, -0.00017867949, -0.00017867949, 0.00078729243, -0.00017867949
2.283, -0.00017867949, 0.00078729243, 0.00046530177, 0.00046530177, 10.036178, 0.00014331115, 0.00014331115, 0.00046530177, -0.00017867949
2.2840000000000003, 0.00014331115, 0.00046530177, -0.00017867949, 0.00014331115, 10.036178, 0.00014331115, -0.00017867949, 0.00046530177, 0.00046530177
2.285, -0.00017867949, -0.0005006701, 0.00046530177, 0.00014331115, 10.035855, -0.0005006701, 0.00014331115, 0.00046530177, -0.00017867949
2.286, 0.00014331115, 0.00014331115, -0.00017867949, -0.0005006701, 10.035212, 0.00014331115, 0.00014331115, 0.00078729243, -0.0005006701
2.287, -0.00017867949, -0.00017867949, 0.00014331115, -0.00017867949, 10.035212, -0.0005006701, -0.00017867949, 0.00046530177, -0.00017867949
2.2880000000000003, -0.00017867949, 0.00014331115, -0.0005006701, 0.00046530177, 10.034889, 0.00078729243, -0.00017867949, 0.00078729243, -0.00017867949
2.289, 0.00014331115, 0.00046530177, -0.0005006701, 0.00014331115, 10.034568, 0.00014331115, -0.00017867949, 0.00046530177, -0.0005006701
2.29, 0.00014331115, 0.00046530177, -0.0005006701, 0.00014331115, 10.034568, -0.00017867949, -0.00017867949, 0.00014331115, 0.00046530177
2.291, 0.00014331115, -0.00017867949, 0.00046530177, -0.0005006701, 10.034568, 0.00014331115, -0.0005006701, 0.00046530177, -0.00017867949
2.2920000000000003, -0.00082266075, -0.00017867949, 0.00014331115, -0.00017867949, 10.036821, 0.00046530177, 0.00014331115, 0.00078729243, -0.00017867949
2.293, 0.00014331115, 0.00014331115, 0.00014331115, -0.0005006701, 10.035534, 0.00014331115, -0.00017867949, 0.00046530177, 0.00014331115
2.294, 0.00014331115, 0.00014331115, 0.00014331115, 0.00014331115, 10.035212, 0.00014331115, -0.00017867949, 0.00046530177, -0.00017867949
2.295, -0.00017867949, 0.00014331115, -0.0005006701, -0.00017867949, 10.033924, -0.00017867949, 0.00046530177, 0.00046530177, -0.00082266075
2.2960000000000003, 0.00014331115, -0.00017867949, -0.00017867949, -0.00017867949, 10.033924, 0.00014331115, -0.0005006701, 0.00014331115, -0.0005006701
2.297, -0.00017867949, 0.00046530177, 0.00046530177, 0.00014331115, 10.0342455, -0.00017867949, -0.0005006701, -0.00017867949, -0.0005006701
2.298, 0.00014331115, 0.00014331115, 0.00014331115, 0.00014331115, 10.0342455, 0.00014331115, -0.0005006701, 0.00014331115, -0.00082266075
2.299, 0.00014331115, -0.00017867949, 0.00014331115, 0.00046530177, 10.035855, 0.00014331115, -0.00017867949, 0.00046530177, 0.00014331115
2.3000000000000003, -0.00017867949, 0.00046530177, -0.00082266075, 0.00014331115, 10.036178, -0.00017867949, 0.00014331115, 0.00014331115, 0.00014331115
2.301, -0.0005006701, -0.00017867949, 0.00046530177, -0.00017867949, 10.035534, 0.00046530177, 0.00014331115, 0.0011092831, -0.00017867949
2.302, 0.00014331115, -0.0005006701, -0.00017867949, -0.0005006701, 10.0342455, -0.00017867949, 0.00046530177, -0.0005006701, -0.0005006701
2.303, -0.00017867949, 0.00046530177, 0.00046530177, -0.00017867949, 10.034568, 0.00046530177, 0.00014331115, 0.00014331115, -0.00082266075
2.3040000000000003, -0.00017867949, 0.00014331115, -0.00017867949, 0.00014331115, 10.035855, 0.00078729243, -0.00017867949, 0.00014331115, -0.00017867949
2.305, -0.00082266075, 0.00014331115, 0.00014331115, -0.0005006701, 10.034568, -0.00017867949, -0.0005006701, 0.00014331115, -0.00017867949
2.306, 0.00014331115, 0.00014331115, -0.00017867949, 0.00078729243, 10.035534, -0.00017867949, -0.00017867949, 0.00014331115, -0.00017867949
2.307, 0.00014331115, -0.00017867949, -0.0005006701, 0.00014331115, 10.034889, 0.00014331115, 0.00014331115, 0.00014331115, -0.00017867949
2.308, 0.00014331115, 0.00014331115, 0.00014331115, 0.00014331115, 10.035212, 0.00078729243, -0.0005006701, 0.00046530177, -0.0005006701
2.309, -0.00017867949, 0.00014331115, 0.00046530177, -0.0005006701, 10.033924, -0.00017867949, 0.00014331115, 0.00014331115, -0.00017867949
2.31, -0.0005006701, -0.00017867949, 0.00014331115, 0.00014331115, 10.035534, -0.00017867949, 0.00014331115, 0.00046530177, -0.0005006701
2.311, -0.00017867949, 0.00046530177, 0.00014331115, -0.00017867949, 10.033602, 0.00046530177, -0.00017867949, 0.00046530177, -0.00082266075
2.312, -0.0005006701, 0.00046530177, 0.00046530177, -0.0005006701, 10.034568, -0.0005006701, -0.00017867949, 0.00014331115, -0.0005006701
2.313, -0.00017867949, 0.00014331115, 0.00014331115, 0.00014331115, 10.035855, -0.00017867949, -0.00017867949, 0.00014331115, -0.0005006701
2.314, 0.00014331115, 0.00046530177, 0.00014331115, -0.00017867949, 10.0365, -0.00017867949, -0.0005006701, 0.00014331115, 0.00014331115
2.315, -0.00017867949, 0.00046530177, 0.00046530177, 0.00046530177, 10.036821, 0.00014331115, 0.00014331115, 0.00046530177, -0.00017867949
2.316, 0.00014331115, -0.00017867949, 0.00014331115, -0.00017867949, 10.035212, -0.00017867949, 0.00014331115, 0.00046530177, -0.0005006701
2.317, 0.00014331115, 0.00046530177, 0.00046530177, 0.00046530177, 10.036178, 0.00014331115, -0.0011446514, 0.00014331115, -0.00082266075
2.318, 0.00014331115, 0.00046530177, 0.00014331115, 0.00014331115, 10.034889, 0.00046530177, -0.0005006701, -0.00017867949, -0.0005006701
2.319, -0.00017867949, 0.00014331115, -0.00017867949, -0.0005006701, 10.033602, 0.00046530177, -0.00082266075, 0.00014331115, -0.00017867949
2.32, 0.00014331115, 0.00046530177, 0.00014331115, -0.0005006701, 10.034889, 0.00014331115, -0.00017867949, 0.00014331115, -0.00082266075
2.321, 0.00046530177, 0.00014331115, 0.00014331115, -0.0005006701, 10.035212, 0.00014331115, -0.00017867949, 0.00046530177, -0.00082266075
2.322, -0.00017867949, 0.00014331115, -0.00017867949, -0.00017867949, 10.035212, -0.0005006701, -0.0005006701, 0.00046530177, 0.00014331115
2.323, 0.00014331115, 0.00078729243, -0.0005006701, 0.00046530177, 10.035534, 0.00046530177, -0.0005006701, 0.00046530177, 0.00014331115
2.324, -0.0005006701, 0.00046530177, -0.00017867949, -0.00017867949, 10.036178, -0.0005006701, 0.00046530177, -0.00017867949, -0.0005006701
2.325, -0.00017867949, 0.00014331115, -0.00017867949, 0.00014331115, 10.034889, 0.00014331115, -0.00017867949, 0.00046530177, -0.00017867949
2.326, 0.00014331115, 0.00014331115, -0.00017867949, 0.00014331115, 10.036178, -0.00017867949, -0.00017867949, -0.0005006701, 0.00014331115
2.327, 0.00046530177, 0.00014331115, -0.0005006701, 0.00014331115, 10.0342455, -0.0005006701, 0.00014331115, 0.00046530177, -0.0005006701
2.328, 0.00014331115, -0.0005006701, -0.00017867949, 0.00014331115, 10.034889, 0.00046530177, -0.0005006701, 0.00046530177, -0.00082266075
2.329, 0.00014331115, 0.00014331115, -0.00017867949, 0.00014331115, 10.033924, -0.00017867949, -0.00017867949, 0.00014331115, -0.0005006701
2.33, 0.00046530177, -0.0005006701, -0.00017867949, 0.00014331115, 10.034568, -0.00017867949, -0.00082266075, 0.00078729243, -0.0005006701
2.331, 0.00014331115, 0.00046530177, -0.00017867949, -0.00017867949, 10.035534, 0.00014331115, -0.00017867949, 0.00046530177, 0.00014331115
2.332, -0.00017867949, 0.00078729243, -0.00017867949, -0.00017867949, 10.035212, 0.00014331115, -0.00017867949, 0.00014331115, 0.00014331115
2.333, -0.00017867949, 0.00046530177, -0.00017867949, 0.00014331115, 10.034568, -0.00017867949, 0.00014331115, 0.00046530177, 0.00014331115
2.334, 0.00014331115, 0.00014331115, -0.00017867949, -0.0005006701, 10.033924, 0.00014331115, -0.00017867949, 0.00078729243, -0.00017867949
2.335, 0.00014331115, 0.00078729243, 0.00046530177, -0.00017867949, 10.0365, 0.00014331115, 0.00014331115, 0.00014331115, -0.0011446514
2.336, 0.00046530177, 0.00078729243, 0.00046530177, -0.00017867949, 10.0365, 0.00046530177, -0.00017867949, 0.00014331115, -0.00017867949
2.337, -0.00017867949, -0.00017867949, 0.00046530177, -0.00017867949, 10.035855, 0.00046530177, -0.00082266075, 0.00014331115, 0.00014331115
2.338, 0.00014331115, 0.00046530177, -0.0005006701, 0.00046530177, 10.035212, 0.00014331115, -0.00017867949, 0.00046530177, -0.00017867949
2.339, 0.00046530177, 0.00014331115, 0.00014331115, -0.00017867949, 10.034889, -0.00017867949, -0.00017867949, 0.00046530177, -0.00017867949
2.34, -0.00017867949, -0.0005006701, -0.00017867949, 0.00014331115, 10.0342455, -0.00017867949, -0.00017867949, -0.00017867949, -0.00017867949
2.341, -0.0005006701, 0.00014331115, -0.00017867949, 0.00014331115, 10.033924, 0.00014331115, 0.00014331115, 0.00014331115, 0.00014331115
2.342, -0.00017867949, 0.00046530177, 0.00046530177, 0.00046530177, 10.035855, 0.00014331115, -0.00082266075, 0.00014331115, -0.0005006701
2.343, -0.00017867949, 0.00014331115, -0.00017867949, 0.00046530177, 10.035212, 0.00014331115, -0.00082266075, 0.00078729243, -0.0005006701
2.344, 0.00046530177, 0.00014331115, 0.00046530177, -0.00017867949, 10.036821, -0.00017867949, -0.00017867949, 0.00014331115, -0.0005006701
2.345, 0.00046530177, 0.0011092831, -0.0005006701, 0.00046530177, 10.034568, -0.00017867949, 0.00014331115, 0.00014331115, -0.0005006701
2.346, -0.00082266075, 0.00078729243, 0.00078729243, -0.0005006701, 10.035855, 0.00014331115, 0.00014331115, 0.00014331115, -0.00017867949
2.347, -0.00017867949, 0.00046530177, -0.0005006701, 0.00046530177, 10.034889, -0.00017867949, 0.00014331115, 0.00014331115, -0.00017867949
2.348, -0.0005006701, 0.00046530177, 0.00046530177, 0.00014331115, 10.033924, -0.00017867949, -0.00082266075, 0.00046530177, -0.00017867949
2.349, -0.00017867949, -0.00017867949, -0.00017867949, -0.0005006701, 10.034568, -0.00017867949, -0.00017867949, 0.00046530177, -0.00082266075
2.35, -0.00082266075, 0.00014331115, 0.00014331115, -0.00017867949, 10.033924, -0.00017867949, -0.00017867949, 0.00046530177, -0.00017867949
2.351, -0.0005006701, 0.00014331115, -0.00082266075, 0.00014331115, 10.035855, 0.00014331115, -0.00017867949, 0.00046530177, -0.00017867949
2.352, -0.00017867949, 0.00046530177, -0.00017867949, -0.00017867949, 10.034889, 0.00014331115, 0.00014331115, 0.00014331115, -0.0005006701
2.353, -0.00017867949, -0.00017867949, 0.00078729243, 0.00046530177, 10.035212, 0.00014331115, 0.00014331115, 0.00046530177, -0.00017867949
2.354, 0.00014331115, 0.00014331115, -0.00017867949, -0.00017867949, 10.035855, 0.00014331115, -0.00017867949, 0.00046530177, 0.00014331115
2.355, -0.00017867949, 0.00014331115, 0.00046530177, -0.0005006701, 10.034889, 0.00014331115, -0.0005006701, 0.00046530177, -0.00017867949
2.356, 0.00014331115, 0.00046530177, -0.0005006701, 0.00014331115, 10.034568, -0.00017867949, 0.00014331115, 0.00046530177, -0.00017867949
2.357, -0.0005006701, 0.00046530177, 0.00046530177, -0.00017867949, 10.034889, 0.00014331115, -0.0005006701, 0.00078729243, -0.00082266075
2.358, -0.00017867949, 0.00046530177, 0.00014331115, -0.00017867949, 10.0365, 0.00014331115, -0.00017867949, -0.00017867949, -0.00017867949
2.359, -0.0005006701, -0.00017867949, -0.00017867949, 0.00014331115, 10.034568, 0.00014331115, 0.00014331115, 0.00014331115, 0.00014331115
2.36, 0.00014331115, 0.00014331115, -0.00017867949, 0.00014331115, 10.034568, 0.00014331115, -0.00017867949, 0.00014331115, -0.0005006701
2.361, -0.00017867949, 0.00046530177, -0.00017867949, 0.00014331115, 10.0342455, 0.00014331115, -0.0005006701, 0.00046530177, -0.0005006701
2.362, 0.00014331115, -0.0005006701, 0.00046530177, -0.00017867949, 10.035534, 0.00046530177, -0.00017867949, 0.00046530177, -0.00017867949
2.363, 0.00014331115, 0.0011092831, -0.00017867949, -0.0005006701, 10.034889, 0.00014331115, -0.00082266075, 0.00046530177, -0.0005006701
2.364, 0.00046530177, 0.00078729243, 0.00014331115, -0.0005006701, 10.035212, 0.00014331115, -0.00017867949, 0.00046530177, -0.00082266075
2.365, -0.00017867949, 0.00014331115, 0.00046530177, 0.00014331115, 10.034889, 0.00046530177, 0.00014331115, 0.00014331115, 0.00014331115
2.366, -0.0005006701, -0.00017867949, -0.00017867949, 0.00014331115, 10.034889, -0.00017867949, -0.0005006701, 0.00078729243, -0.00082266075
2.367, -0.00017867949, 0.00014331115, -0.00017867949, -0.0005006701, 10.035534, 0.00014331115, -0.00017867949, 0.00046530177, -0.00017867949
2.368, -0.00017867949, -0.0005006701, 0.00014331115, 0.00046530177, 10.035212, 0.00014331115, -0.00017867949, 0.00046530177, -0.00017867949
2.369, -0.0005006701, -0.00017867949, -0.00017867949, 0.00014331115, 10.036821, -0.00017867949, 0.00014331115, 0.00014331115, 0.00014331115
2.37, -0.00017867949, 0.00014331115, -0.00017867949, -0.0005006701, 10.033924, 0.00014331115, -0.00017867949, 0.00014331115, -0.00017867949
2.371, 0.00046530177, -0.00017867949, -0.0005006701, 0.00014331115, 10.0342455, 0.00078729243, -0.0005006701, 0.00078729243, 0.00046530177
2.372, -0.0005006701, 0.0011092831, -0.00017867949, -0.00017867949, 10.033602, -0.0005006701, -0.00017867949, 0.00014331115, 0.00014331115
2.373, 0.00014331115, 0.00046530177, 0.00014331115, -0.00017867949, 10.033924, -0.00017867949, -0.00082266075, 0.0011092831, 0.00014331115
2.374, -0.00017867949, 0.00046530177, 0.00046530177, 0.00046530177, 10.035855, 0.00014331115, -0.0005006701, 0.00014331115, -0.0005006701
2.375, -0.0005006701, 0.00046530177, -0.00017867949, -0.00017867949, 10.034568, 0.00046530177, -0.00017867949, 0.00046530177, -0.00017867949
2.376, -0.0005006701, -0.00017867949, -0.00017867949, 0.00014331115, 10.036178, 0.00014331115, -0.00017867949, 0.00014331115, -0.0005006701
2.3770000000000002, -0.00017867949, -0.0005006701, -0.0005006701, -0.00017867949, 10.035855, 0.00014331115, -0.0005006701, 0.00014331115, -0.00017867949
2.378, -0.0005006701, 0.00078729243, -0.00017867949, 0.00046530177, 10.036178, 0.00014331115, 0.00014331115, 0.00014331115, -0.0005006701
2.379, 0.00014331115, 0.00014331115, 0.00078729243, 0.00014331115, 10.0342455, 0.00014331115, -0.00017867949, 0.00014331115, -0.00017867949
2.38, 0.00014331115, -0.0005006701, -0.00017867949, -0.00017867949, 10.034889, 0.00014331115, -0.00017867949, -0.00017867949, -0.0005006701
2.3810000000000002, -0.00017867949, 0.00014331115, -0.00017867949, 0.00046530177, 10.033924, -0.00082266075, -0.00017867949, 0.00014331115, -0.0005006701
2.382, 0.00014331115, 0.00014331115, 0.00014331115, -0.0005006701, 10.033602, 0.00014331115, 0.00046530177, 0.00046530177, -0.00082266075
2.383, 0.00014331115, 0.00014331115, 0.00014331115, -0.00017867949, 10.034889, 0.00014331115, 0.00014331115, -0.00017867949, -0.00017867949
2.384, -0.00017867949, 0.00014331115, -0.00017867949, -0.00017867949, 10.033924, -0.00017867949, -0.0005006701, 0.00014331115, -0.0005006701
2.3850000000000002, -0.0005006701, 0.00014331115, -0.0005006701, -0.00017867949, 10.035212, 0.00014331115, -0.00017867949, 0.00078729243, -0.00017867949
2.386, 0.00014331115, 0.00014331115, 0.00046530177, -0.00017867949, 10.035212, 0.00046530177, 0.00014331115, -0.0005006701, -0.00017867949
2.387, 0.00014331115, 0.00046530177, 0.00014331115, -0.00017867949, 10.035855, 0.00014331115, 0.00014331115, 0.00046530177, -0.00082266075
2.388, -0.0005006701, 0.00014331115, -0.00017867949, 0.00046530177, 10.035212, 0.00014331115, 0.00014331115, -0.00017867949, 0.00014331115
2.3890000000000002, 0.00014331115, -0.00017867949, -0.0005006701, 0.00014331115, 10.035534, 0.00014331115, -0.00017867949, 0.00046530177, -0.00017867949
2.39, 0.00014331115, 0.00014331115, 0.00014331115, 0.00014331115, 10.035212, -0.00017867949, -0.00017867949, 0.00014331115, -0.00017867949
2.391, -0.00082266075, -0.00017867949, -0.00017867949, 0.00014331115, 10.035212, 0.00014331115, -0.00017867949, 0.00046530177, -0.00017867949
2.392, -0.00017867949, 0.00014331115, -0.00017867949, 0.00014331115, 10.033924, 0.00014331115, 0.00014331115, 0.00046530177, 0.00014331115
2.3930000000000002, 0.00014331115, -0.00017867949, 0.00014331115, 0.00014331115, 10.034568, 0.00046530177, 0.00046530177, 0.00078729243, -0.0005006701
2.394, 0.00046530177, 0.00014331115, -0.00017867949, 0.00014331115, 10.036178, -0.00017867949, -0.0005006701, 0.00078729243, -0.00082266075
2.395, -0.0005006701, 0.00046530177, -0.00082266075, 0.00014331115, 10.036178, -0.00017867949, -0.0005006701, 0.00014331115, 0.00014331115
2.396, -0.00017867949, 0.00014331115, 0.00014331115, 0.00046530177, 10.035534, 0.00014331115, -0.00017867949, 0.00046530177, -0.00017867949
2.3970000000000002, -0.0005006701, -0.00017867949, -0.00017867949, -0.00017867949, 10.033924, 0.00046530177, 0.00014331115, 0.00078729243, -0.00017867949
2.398, 0.00078729243, 0.00078729243, 0.00014331115, 0.00046530177, 10.034889, -0.00017867949, -0.00017867949, 0.00014331115, -0.0005006701
2.399, 0.00014331115, -0.00017867949, 0.00014331115, -0.00017867949, 10.035212, -0.0005006701, 0.00046530177, -0.00017867949, -0.0005006701
2.4, -0.00017867949, 0.00078729243, -0.00017867949, 0.00014331115, 10.035212, -0.00017867949, -0.00082266075, 0.00014331115, 0.00014331115
2.4010000000000002, 0.00046530177, 0.00014331115, 0.00014331115, 0.00014331115, 10.036178, -0.0005006701, -0.00017867949, 0.00014331115, -0.00082266075
2.402, 0.00014331115, -0.00017867949, 0.00014331115, 0.00014331115, 10.034568, -0.00017867949, -0.00017867949, 0.00014331115, 0.00014331115
2.403, 0.00046530177, -0.00017867949, -0.0005006701, 0.00014331115, 10.035855, -0.00017867949, 0.00014331115, -0.00017867949, -0.00017867949
2.404, -0.00017867949, -0.00017867949, 0.00046530177, -0.00017867949, 10.034568, -0.00017867949, -0.0005006701, 0.00014331115, 0.00014331115
2.4050000000000002, 0.00014331115, 0.00014331115, -0.0005006701, -0.00017867949, 10.035534, -0.00017867949, 0.00014331115, 0.00014331115, 0.00014331115
2.406, 0.00014331115, 0.00014331115, 0.00046530177, 0.00014331115, 10.035534, 0.00078729243, 0.00014331115, -0.00017867949, -0.0005006701
2.407, -0.00017867949, 0.00014331115, 0.00014331115, -0.0005006701, 10.0342455, 0.00014331115, 0.00014331115, -0.00017867949, -0.00017867949
2.408, -0.00017867949, -0.00017867949, 0.00014331115, -0.00017867949, 10.035534, 0.00046530177, -0.00017867949, 0.00078729243, -0.00017867949
2.4090000000000003, -0.00017867949, 0.00014331115, 0.00014331115, -0.0005006701, 10.035212, -0.00017867949, 0.00046530177, 0.00046530177, -0.00017867949
2.41, 0.00014331115, -0.00017867949, 0.00014331115, -0.00017867949, 10.035212, -0.00017867949, 0.00014331115, -0.00017867949, -0.00017867949
2.411, -0.00017867949, 0.00046530177, -0.00017867949, -0.0005006701, 10.034889, -0.0005006701, -0.00017867949, -0.00017867949, -0.00017867949
2.412, -0.00017867949, 0.00078729243, 0.00014331115, 0.00014331115, 10.035212, -0.00017867949, 0.00014331115, 0.00046530177, -0.00017867949
2.4130000000000003, -0.00017867949, 0.00046530177, 0.00014331115, 0.00046530177, 10.035534, -0.00017867949, -0.00017867949, 0.00046530177, 0.00014331115
2.414, 0.00014331115, 0.00046530177, -0.00017867949, 0.00014331115, 10.035212, -0.00017867949, -0.00017867949, 0.00078729243, -0.00017867949
2.415, 0.00014331115, 0.00014331115, -0.00017867949, 0.00014331115, 10.035534, -0.00017867949, -0.0005006701, -0.00017867949, -0.00017867949
2.416, -0.00017867949, 0.00046530177, -0.00017867949, 0.00046530177, 10.033602, 0.00014331115, -0.00017867949, 0.00014331115, -0.0005006701
2.4170000000000003, -0.00017867949, 0.00046530177, -0.0005006701, 0.00014331115, 10.0342455, -0.00017867949, 0.00046530177, -0.00017867949, -0.00082266075
2.418, -0.0005006701, 0.00014331115, -0.0005006701, 0.00014331115, 10.033602, -0.00017867949, 0.00014331115, 0.00046530177, -0.00017867949
2.419, -0.0005006701, -0.00017867949, 0.00046530177, 0.00046530177, 10.035212, 0.00046530177, -0.00017867949, 0.00014331115, -0.00017867949
2.42, 0.00014331115, 0.00014331115, 0.00046530177, -0.00017867949, 10.034568, -0.0005006701, -0.00017867949, 0.00014331115, -0.00017867949
2.4210000000000003, -0.00017867949, 0.00046530177, -0.00017867949, -0.00017867949, 10.036178, -0.00017867949, -0.0005006701, 0.00046530177, -0.00017867949
2.422, -0.00017867949, 0.00014331115, -0.00017867949, 0.00014331115, 10.034889, 0.00014331115, -0.0005006701, 0.00014331115, -0.0005006701
2.423, 0.00014331115, 0.00078729243, 0.00014331115, 0.00014331115, 10.036178, 0.00014331115, -0.0005006701, 0.00014331115, 0.00014331115
2.424, 0.00014331115, 0.00014331115, 0.00014331115, 0.00014331115, 10.036178, 0.00014331115, 0.00014331115, 0.00078729243, -0.00017867949
2.4250000000000003, -0.00017867949, 0.00014331115, 0.00046530177, -0.00017867949, 10.034889, -0.0005006701, -0.00017867949, -0.00017867949, -0.0005006701
2.426, -0.0005006701, -0.0005006701, 0.00014331115, 0.00014331115, 10.034889, -0.0005006701, 0.00014331115, 0.00046530177, 0.00014331115
2.427, -0.00017867949, -0.00017867949, 0.00014331115, -0.00017867949, 10.034568, 0.00014331115, 0.00014331115, 0.00078729243, -0.00017867949
2.428, -0.0005006701, 0.00046530177, 0.00014331115, -0.00017867949, 10.034889, 0.00046530177, -0.0005006701, 0.00014331115, 0.00046530177
2.4290000000000003, -0.00017867949, 0.00014331115, -0.00017867949, -0.00017867949, 10.033924, -0.0005006701, -0.00017867949, 0.00046530177, -0.0011446514
2.43, -0.00017867949, 0.00014331115, -0.00017867949, -0.00017867949, 10.034568, 0.00014331115, -0.00017867949, 0.00046530177, -0.0005006701
2.431, -0.0005006701, 0.00046530177, 0.00014331115, -0.00017867949, 10.034889, 0.00046530177, -0.00017867949, 0.00014331115, -0.0005006701
2.432, -0.00017867949, -0.00017867949, -0.00017867949, -0.00017867949, 10.035534, -0.00017867949, -0.00017867949, -0.00017867949, -0.0005006701
2.433, 0.00014331115, 0.00046530177, -0.00017867949, 0.00014331115, 10.036178, 0.00014331115, -0.0005006701, -0.00017867949, -0.0005006701
2.434, -0.0005006701, 0.00046530177, 0.00014331115, -0.0005006701, 10.036178, 0.0011092831, -0.00017867949, 0.00078729243, -0.00082266075
2.435, -0.00017867949, -0.00017867949, -0.00017867949, 0.00014331115, 10.037144, 0.00014331115, 0.00014331115, 0.00046530177, -0.00017867949
2.436, 0.00014331115, -0.00017867949, 0.00014331115, -0.0005006701, 10.034568, 0.00014331115, -0.0005006701, 0.00014331115, -0.0005006701
2.437, -0.00017867949, 0.00014331115, -0.00082266075, -0.0005006701, 10.035212, 0.00014331115, -0.0005006701, 0.00046530177, -0.00017867949
2.438, -0.00017867949, 0.00014331115, 0.00014331115, 0.00014331115, 10.0342455, -0.0005006701, -0.0005006701, 0.00046530177, 0.00046530177
2.439, -0.00082266075, -0.00017867949, -0.00017867949, -0.00017867949, 10.035212, 0.00014331115, -0.00017867949, 0.00046530177, 0.00046530177
2.44, 0.00014331115, 0.00046530177, -0.00017867949, 0.00014331115, 10.034568, 0.00078729243, -0.0005006701, 0.00046530177, -0.00017867949
2.441, 0.00014331115, -0.00017867949, -0.0005006701, -0.00017867949, 10.033602, 0.00046530177, -0.0005006701, 0.00046530177, -0.00017867949
2.442, 0.00046530177, 0.00046530177, -0.00082266075, 0.00014331115, 10.035534, -0.00017867949, -0.00082266075, 0.00078729243, -0.0005006701
2.443, -0.0005006701, -0.00017867949, -0.0005006701, -0.0005006701, 10.035855, -0.00017867949, -0.0005006701, -0.00017867949, -0.00017867949
2.444, -0.00082266075, 0.00046530177, 0.00014331115, 0.00014331115, 10.036178, 0.00046530177, -0.00017867949, 0.00046530177, -0.0005006701
2.445, -0.00017867949, -0.00017867949, 0.00014331115, -0.0005006701, 10.036178, 0.00046530177, -0.00017867949, 0.00078729243, -0.0005006701
2.446, -0.00017867949, 0.00046530177, 0.00014331115, 0.00014331115, 10.036178, 0.00046530177, 0.00014331115, 0.00046530177, -0.00017867949
2.447, -0.00017867949, 0.00046530177, -0.00017867949, 0.00014331115, 10.034889, 0.00046530177, -0.00017867949, 0.00014331115, -0.0005006701
2.448, -0.00017867949, 0.00078729243, 0.00014331115, 0.00046530177, 10.035855, -0.00017867949, -0.00017867949, 0.00014331115, 0.00014331115
2.449, -0.00017867949, 0.00046530177, 0.00046530177, 0.00046530177, 10.035534, 0.00046530177, -0.00017867949, 0.00014331115, -0.00082266075
2.45, 0.00014331115, -0.0005006701, -0.00017867949, 0.00014331115, 10.035855, 0.00014331115, -0.0005006701, 0.00046530177, 0.00014331115
2.451, -0.00017867949, -0.00017867949, -0.00017867949, -0.0005006701, 10.035212, -0.00017867949, -0.00017867949, 0.00046530177, 0.00046530177
2.452, 0.00014331115, 0.00014331115, -0.0005006701, 0.00014331115, 10.034889, -0.00017867949, 0.00014331115, -0.00017867949, 0.00014331115
2.453, -0.00017867949, 0.00014331115, -0.00017867949, 0.00014331115, 10.035212, 0.00046530177, -0.0005006701, 0.00014331115, -0.00082266075
2.454, 0.00014331115, 0.00014331115, -0.00017867949, 0.00014331115, 10.033924, 0.00014331115, -0.00017867949, 0.00046530177, -0.00082266075
2.455, 0.00014331115, 0.00046530177, -0.00017867949, 0.00014331115, 10.0365, 0.00014331115, -0.00017867949, 0.00046530177, 0.00014331115
2.456, -0.0005006701, 0.00046530177, -0.00017867949, 0.00014331115, 10.035212, -0.0005006701, -0.00017867949, 0.00046530177, -0.0005006701
2.457, -0.00017867949, 0.00014331115, 0.00014331115, -0.00017867949, 10.035855, -0.0005006701, 0.00014331115, 0.00046530177, -0.00017867949
2.458, -0.00017867949, 0.00078729243, 0.00046530177, -0.00017867949, 10.035212, 0.00078729243, -0.00017867949, 0.00046530177, 0.00014331115
2.459, -0.0005006701, -0.00017867949, -0.00017867949, -0.0005006701, 10.034568, -0.00017867949, -0.00017867949, -0.00017867949, -0.00082266075
2.46, 0.00014331115, -0.00017867949, -0.00017867949, 0.00014331115, 10.0342455, 0.00046530177, -0.00017867949, 0.00046530177, -0.00017867949
2.461, -0.00017867949, 0.00046530177, 0.00046530177, 0.00014331115, 10.033602, 0.00014331115, 0.00014331115, 0.00014331115, -0.0005006701
2.462, -0.00017867949, 0.00014331115, 0.00014331115, 0.00046530177, 10.034889, 0.00046530177, -0.00017867949, 0.00046530177, -0.0005006701
2.463, 0.00014331115, 0.00046530177, 0.00014331115, 0.00014331115, 10.0342455, -0.00017867949, 0.00014331115, 0.00014331115, -0.00017867949
2.464, -0.0005006701, 0.00046530177, 0.00078729243, -0.00017867949, 10.035212, -0.00017867949, -0.00017867949, 0.00014331115, -0.00082266075
2.465, 0.00014331115, 0.00014331115, 0.00014331115, -0.00017867949, 10.035534, -0.00082266075, -0.00017867949, -0.00017867949, 0.00014331115
2.466, 0.00014331115, -0.00017867949, 0.00046530177, -0.00017867949, 10.035212, 0.00014331115, -0.0005006701, 0.00046530177, -0.00017867949
2.467, 0.00014331115, 0.00014331115, -0.0005006701, -0.0005006701, 10.036178, 0.00046530177, 0.00014331115, 0.00014331115, -0.00017867949
2.468, -0.00017867949, 0.00046530177, -0.00017867949, -0.00017867949, 10.035855, 0.00046530177, 0.00014331115, 0.00014331115, -0.00082266075
2.469, -0.00017867949, 0.00046530177, -0.00017867949, -0.00017867949, 10.035534, 0.00046530177, -0.00017867949, 0.00046530177, -0.0005006701
2.47, 0.00014331115, 0.00046530177, 0.00046530177, -0.00082266075, 10.035855, 0.00014331115, -0.00017867949, 0.00046530177, -0.0005006701
2.471, -0.0005006701, 0.00014331115, 0.00078729243, 0.00014331115, 10.035212, 0.00046530177, -0.00017867949, 0.00046530177, -0.00017867949
2.472, -0.0005006701, 0.00046530177, -0.00017867949, 0.00046530177, 10.034889, 0.00046530177, -0.0005006701, 0.00046530177, -0.0005006701
2.473, -0.00017867949, 0.00046530177, -0.0005006701, -0.00017867949, 10.035855, 0.00046530177, -0.00017867949, 0.00046530177, 0.00014331115
2.474, -0.00017867949, -0.00017867949, -0.00017867949, -0.0005006701, 10.0342455, 0.00014331115, -0.00017867949, 0.00078729243, -0.0005006701
2.475, 0.00014331115, 0.00078729243, 0.00014331115, 0.00014331115, 10.0342455, 0.00014331115, -0.00017867949, 0.00014331115, -0.00082266075
2.476, -0.00017867949, 0.00078729243, 0.00014331115, 0.00046530177, 10.034889, 0.00046530177, -0.00017867949, 0.00046530177, -0.00017867949
2.477, -0.00017867949, 0.00014331115, -0.00017867949, -0.00017867949, 10.035212, 0.00046530177, 0.00014331115, 0.00046530177, -0.00017867949
2.478, 0.00014331115, 0.00046530177, -0.00017867949, -0.00017867949, 10.035855, -0.00017867949, -0.00017867949, 0.00014331115, -0.00017867949
2.479, -0.00017867949, -0.00017867949, 0.00014331115, 0.00014331115, 10.035855, -0.00017867949, 0.00014331115, -0.0005006701, -0.0005006701
2.48, 0.00046530177, 0.00046530177, -0.00017867949, 0.00014331115, 10.035855, -0.0005006701, -0.00017867949, 0.00046530177, -0.0005006701
2.481, 0.00014331115, -0.0005006701, -0.0005006701, 0.00014331115, 10.034568, 0.00046530177, -0.00017867949, -0.00017867949, -0.0005006701
2.482, 0.00014331115, -0.00017867949, -0.0005006701, -0.00017867949, 10.036178, 0.00014331115, 0.00014331115, 0.0011092831, 0.00014331115
2.483, 0.00014331115, -0.00017867949, -0.0005006701, 0.00014331115, 10.034568, -0.00017867949, -0.00017867949, 0.00046530177, 0.00014331115
2.484, -0.00017867949, 0.00014331115, -0.0005006701, -0.00017867949, 10.0342455, 0.00078729243, -0.0005006701, -0.00017867949, -0.0005006701
2.485, -0.0005006701, 0.00014331115, 0.00014331115, -0.00017867949, 10.033924, 0.00046530177, 0.00014331115, -0.00017867949, -0.0005006701
2.486, -0.0005006701, -0.0005006701, -0.0005006701, 0.00046530177, 10.0342455, 0.00014331115, 0.00014331115, 0.00078729243, -0.00017867949
2.487, -0.0011446514, 0.00014331115, 0.00014331115, -0.00082266075, 10.034568, -0.00017867949, -0.00017867949, -0.00017867949, 0.00014331115
2.488, -0.00017867949, 0.00014331115, 0.00014331115, -0.00017867949, 10.035212, 0.00014331115, -0.00017867949, 0.00014331115, -0.0005006701
2.489, -0.00082266075, 0.00014331115, 0.00014331115, 0.00014331115, 10.0365, 0.00014331115, -0.0005006701, 0.00046530177, 0.00014331115
2.49, 0.00014331115, 0.00014331115, 0.00014331115, 0.00046530177, 10.036178, -0.00017867949, -0.00082266075, 0.00014331115, -0.0005006701
2.491, -0.00017867949, -0.0005006701, 0.00014331115, 0.00014331115, 10.034889, 0.00014331115, -0.0005006701, -0.00017867949, -0.0005006701
2.492, -0.00017867949, 0.00014331115, -0.0005006701, -0.00017867949, 10.0342455, -0.00017867949, 0.00046530177, 0.00046530177, -0.00017867949
2.493, -0.00017867949, 0.00014331115, 0.00046530177, -0.00017867949, 10.0342455, -0.00017867949, -0.00017867949, -0.00017867949, -0.0005006701
2.494, -0.00082266075, 0.00046530177, 0.00014331115, 0.00078729243, 10.035212, 0.00046530177, -0.0005006701, 0.00046530177, -0.0005006701
2.495, 0.00014331115, 0.00046530177, -0.00017867949, -0.00017867949, 10.035534, -0.00017867949, -0.00017867949, 0.00046530177, -0.00082266075
2.496, -0.0005006701, -0.00017867949, -0.0005006701, 0.00046530177, 10.034889, 0.00046530177, -0.00017867949, 0.00014331115, 0.00014331115
2.497, -0.00017867949, 0.00046530177, 0.00014331115, 0.00078729243, 10.034568, -0.0005006701, -0.00017867949, -0.0005006701, -0.0005006701
2.498, -0.00017867949, 0.00078729243, 0.00046530177, 0.00014331115, 10.0365, -0.00017867949, 0.00078729243, 0.00046530177, -0.00082266075
2.499, 0.00014331115, 0.00014331115, -0.0005006701, 0.00014331115, 10.035534, -0.0005006701, 0.00014331115, 0.00014331115, -0.0005006701
2.5, -0.00017867949, 0.00078729243, 0.00078729243, 0.00014331115, 10.035212, -0.00017867949, 0.00046530177, 0.00046530177, -0.00082266075
2.501, -0.0005006701, 0.00046530177, -0.00017867949, 0.00014331115, 10.033924, -0.0005006701, -0.00017867949, 0.00046530177, -0.0005006701
2.5020000000000002, -0.00017867949, 0.00046530177, 0.00014331115, -0.00017867949, 10.0342455, -0.0005006701, 0.00014331115, 0.00046530177, -0.00017867949
2.503, -0.0005006701, -0.00017867949, 0.00014331115, 0.00046530177, 10.035212, 0.00014331115, -0.00017867949, 0.00046530177, -0.00017867949
2.504, -0.0005006701, 0.00014331115, -0.00017867949, -0.00017867949, 10.034889, 0.00014331115, -0.00017867949, 0.00014331115, 0.00046530177
2.505, 0.00014331115, 0.00046530177, 0.00046530177, -0.0005006701, 10.035212, -0.00017867949, -0.00017867949, 0.00078729243, -0.00082266075
2.5060000000000002, -0.00017867949, -0.00017867949, 0.00014331115, 0.00014331115, 10.033924, -0.00082266075, 0.00014331115, 0.00014331115, -0.0005006701
2.507, -0.0005006701, -0.00017867949, 0.00014331115, 0.00014331115, 10.035534, 0.00078729243, 0.00014331115, 0.00014331115, -0.00017867949
2.508, 0.00014331115, 0.00078729243, -0.00017867949, -0.00017867949, 10.035212, -0.00017867949, -0.00017867949, -0.00017867949, -0.0005006701
2.509, -0.00017867949, 0.00014331115, -0.00017867949, 0.00046530177, 10.035212, 0.00014331115, 0.00014331115, -0.00017867949, -0.0005006701
2.5100000000000002, -0.0005006701, 0.00046530177, 0.00046530177, 0.00014331115, 10.035855, -0.00017867949, 0.00014331115, 0.00046530177, -0.0005006701
2.511, -0.00082266075, -0.00017867949, -0.00017867949, -0.0005006701, 10.035855, -0.00017867949, -0.0005006701, 0.00046530177, -0.00082266075
2.512, -0.00082266075, 0.00014331115, -0.0005006701, -0.0005006701, 10.035212, 0.00014331115, -0.00017867949, -0.00017867949, -0.0005006701
2.513, -0.00017867949, 0.00046530177, 0.00014331115, -0.00017867949, 10.033602, 0.00014331115, 0.00014331115, 0.00014331115, 0.00014331115
2.5140000000000002, -0.00017867949, 0.00014331115, 0.00046530177, -0.00017867949, 10.0342455, 0.00014331115, -0.00082266075, 0.00014331115, -0.00017867949
2.515, -0.00017867949, 0.00014331115, 0.00014331115, 0.00014331115, 10.0342455, -0.00017867949, -0.00017867949, 0.00046530177, -0.00017867949
2.516, 0.00014331115, 0.00014331115, -0.00017867949, 0.00014331115, 10.035855, -0.0005006701, -0.00017867949, 0.00014331115, -0.00017867949
2.517, -0.0005006701, 0.00046530177, 0.00014331115, 0.00014331115, 10.035212, 0.00046530177, 0.00014331115, 0.00014331115, 0.00014331115
2.5180000000000002, 0.00046530177, -0.00017867949, -0.0005006701, -0.00017867949, 10.035855, 0.00014331115, -0.00017867949, 0.00014331115, -0.0005006701
2.519, 0.00014331115, 0.00014331115, 0.00014331115, -0.00017867949, 10.0342455, -0.00017867949, 0.00014331115, -0.00017867949, -0.00017867949
2.52, 0.00014331115, 0.00046530177, 0.00014331115, 0.00014331115, 10.034889, 0.00046530177, 0.00014331115, 0.00046530177, 0.00014331115
2.521, 0.00046530177, -0.00017867949, 0.00014331115, 0.00014331115, 10.035212, -0.00017867949, 0.00014331115, -0.00017867949, -0.0005006701
2.5220000000000002, -0.0005006701, 0.00046530177, -0.00017867949, -0.00017867949, 10.036178, 0.00014331115, -0.00017867949, 0.00078729243, -0.0005006701
2.523, -0.00017867949, 0.00014331115, 0.00014331115, 0.00014331115, 10.035212, 0.00014331115, 0.00014331115, 0.00046530177, -0.0005006701
2.524, -0.0005006701, 0.00014331115, 0.00014331115, 0.00014331115, 10.034889, 0.00046530177, 0.00014331115, 0.00046530177, -0.00017867949
2.525, -0.00017867949, -0.00017867949, -0.00017867949, -0.00017867949, 10.034568, 0.00014331115, -0.0005006701, 0.00014331115, -0.00017867949
2.5260000000000002, -0.00017867949, -0.00017867949, -0.0005006701, 0.00046530177, 10.033602, 0.00014331115, -0.00017867949, -0.00017867949, -0.00082266075
2.527, 0.00014331115, 0.00046530177, 0.00046530177, -0.00017867949, 10.033924, -0.00017867949, 0.00014331115, 0.00046530177, -0.0005006701
2.528, -0.00017867949, -0.00017867949, -0.00017867949, 0.00014331115, 10.034889, 0.00014331115, -0.00017867949, 0.00046530177, -0.0005006701
2.529, -0.00017867949, 0.00014331115, -0.00082266075, 0.00014331115, 10.034889, 0.00014331115, -0.0005006701, 0.00014331115, -0.00017867949
2.5300000000000002, -0.0005006701, 0.00014331115, 0.00014331115, 0.00014331115, 10.035212, -0.0005006701, -0.00017867949, -0.00017867949, -0.00017867949
2.531, -0.00017867949, -0.00017867949, -0.00017867949, -0.00017867949, 10.035855, 0.00046530177, 0.00014331115, 0.00046530177, -0.0005006701
2.532, -0.00017867949, 0.00014331115, -0.00017867949, 0.00014331115, 10.036178, 0.00046530177, -0.0005006701, 0.00046530177, -0.0005006701
2.533, -0.0005006701, 0.00046530177, -0.00017867949, -0.0005006701, 10.035534, -0.00017867949, 0.00046530177, 0.00014331115, -0.00017867949
2.5340000000000003, 0.00014331115, -0.0005006701, 0.00014331115, -0.0005006701, 10.033924, 0.00046530177, 0.00014331115, -0.00017867949, 0.00014331115
2.535, -0.00017867949, 0.00046530177, 0.00014331115, -0.00017867949, 10.033924, -0.00017867949, 0.00014331115, -0.00017867949, -0.00082266075
2.536, -0.00082266075, 0.00046530177, 0.00014331115, 0.00014331115, 10.034889, 0.00014331115, -0.00082266075, 0.00014331115, -0.0005006701
2.537, 0.00014331115, 0.00078729243, 0.00014331115, 0.00014331115, 10.0342455, -0.00017867949, -0.00017867949, 0.00046530177, -0.0005006701
2.5380000000000003, -0.00017867949, -0.0005006701, -0.00017867949, 0.00046530177, 10.034889, 0.00014331115, 0.00014331115, 0.00014331115, -0.0005006701
2.539, -0.00017867949, -0.0005006701, -0.0005006701, 0.00014331115, 10.035534, 0.00046530177, -0.00017867949, 0.00046530177, 0.00014331115
2.54, 0.00046530177, 0.00046530177, 0.00014331115, -0.0005006701, 10.034889, 0.00014331115, -0.00017867949, 0.00014331115, -0.00017867949
2.541, 0.00046530177, 0.00046530177, 0.00046530177, 0.00078729243, 10.034568, 0.00014331115, -0.00017867949, -0.00017867949, -0.0005006701
2.5420000000000003, -0.00017867949, 0.00046530177, -0.0005006701, 0.00046530177, 10.033924, -0.00017867949, -0.00017867949, 0.00046530177, -0.00017867949
2.543, -0.00017867949, 0.00078729243, -0.0005006701, 0.00046530177, 10.033924, 0.00014331115, -0.00017867949, -0.00017867949, -0.00082266075
2.544, -0.00017867949, -0.00017867949, 0.00046530177, -0.00017867949, 10.034889, -0.00017867949, -0.00082266075, 0.00014331115, -0.00017867949
2.545, -0.00017867949, 0.00046530177, -0.0005006701, -0.00017867949, 10.033602, 0.00046530177, -0.0005006701, 0.00014331115, -0.00017867949
2.5460000000000003, -0.00017867949, 0.00014331115, 0.00014331115, 0.00014331115, 10.033602, 0.00014331115, -0.0005006701, 0.00046530177, -0.00017867949
2.547, 0.00014331115, -0.00017867949, 0.00046530177, 0.00014331115, 10.033279, 0.00014331115, 0.00014331115, 0.00046530177, -0.00082266075
2.548, 0.00014331115, -0.00017867949, 0.00046530177, -0.00017867949, 10.0342455, 0.00046530177, -0.00017867949, -0.00017867949, -0.0005006701
2.549, -0.00017867949, 0.00014331115, -0.00017867949, 0.00014331115, 10.033924, 0.00014331115, -0.0005006701, 0.00046530177, -0.0005006701
2.5500000000000003, 0.00014331115, -0.00017867949, -0.00017867949, -0.00017867949, 10.0342455, -0.0005006701, 0.00014331115, 0.00014331115, -0.0005006701
2.551, 0.00046530177, -0.0005006701, -0.00082266075, 0.00014331115, 10.033602, 0.00014331115, 0.00014331115, 0.00046530177, -0.00082266075
2.552, -0.00017867949, 0.00078729243, 0.00014331115, 0.00014331115, 10.033602, -0.0005006701, -0.00017867949, 0.00046530177, -0.0005006701
2.553, 0.00014331115, -0.0005006701, 0.00046530177, 0.00014331115, 10.035212, -0.0005006701, 0.00046530177, 0.00014331115, 0.00014331115
2.5540000000000003, 0.00014331115, 0.00014331115, -0.0005006701, 0.00014331115, 10.036178, 0.00014331115, 0.00046530177, -0.00017867949, -0.00017867949
2.555, 0.00014331115, 0.00014331115, 0.00014331115, -0.0005006701, 10.035855, 0.00014331115, 0.00014331115, -0.00017867949, 0.00014331115
2.556, 0.00014331115, 0.00046530177, 0.00014331115, 0.00014331115, 10.035212, 0.00014331115, -0.0005006701, 0.00046530177, -0.0005006701
2.557, 0.00014331115, -0.00017867949, -0.0005006701, -0.0005006701, 10.034568, 0.00046530177, 0.00014331115, 0.00046530177, -0.0005006701
2.5580000000000003, -0.00017867949, -0.0005006701, 0.00046530177, -0.00017867949, 10.033602, 0.00046530177, -0.00017867949, -0.00017867949, -0.0005006701
2.559, -0.0005006701, -0.00017867949, -0.00017867949, 0.00046530177, 10.035212, 0.00046530177, -0.0005006701, -0.00017867949, -0.0005006701
2.56, -0.00017867949, 0.00046530177, -0.0005006701, -0.0005006701, 10.035212, -0.00017867949, -0.0005006701, 0.00046530177, -0.0005006701
2.561, 0.00014331115, 0.00046530177, -0.00017867949, 0.00046530177, 10.034889, -0.00017867949, 0.00046530177, 0.00014331115, -0.00017867949
2.562, -0.00017867949, 0.00014331115, -0.00017867949, -0.00017867949, 10.034568, -0.00017867949, -0.00017867949, -0.00017867949, -0.00017867949
2.563, -0.0005006701, 0.00046530177, -0.0005006701, -0.00017867949, 10.035534, 0.00014331115, -0.0005006701, -0.00017867949, -0.0005006701
2.564, 0.00014331115, 0.00046530177, -0.00017867949, -0.00017867949, 10.035855, 0.00014331115, 0.00014331115, 0.00014331115, -0.00017867949
2.565, 0.00014331115, 0.00014331115, 0.00046530177, -0.00017867949, 10.035212, -0.00017867949, -0.00082266075, -0.00017867949, -0.0005006701
2.566, 0.00046530177, 0.00014331115, 0.00014331115, -0.00017867949, 10.035534, 0.00014331115, -0.0005006701, -0.00017867949, -0.0005006701
2.567, -0.0005006701, 0.00014331115, 0.00014331115, 0.00014331115, 10.034889, 0.00014331115, -0.00082266075, 0.00014331115, -0.00017867949
2.568, 0.00014331115, -0.0005006701, 0.00014331115, -0.00017867949, 10.034889, 0.00046530177, -0.00017867949, 0.00014331115, -0.0005006701
2.569, -0.0005006701, 0.00014331115, -0.0005006701, -0.00017867949, 10.035212, -0.00017867949, -0.00017867949, 0.00078729243, -0.00017867949
2.57, 0.00014331115, 0.00014331115, -0.00082266075, -0.0005006701, 10.034889, 0.00014331115, -0.00017867949, 0.00014331115, -0.0005006701
2.571, -0.00017867949, -0.00017867949, -0.0005006701, -0.00017867949, 10.034568, -0.00017867949, -0.00017867949, -0.0005006701, -0.00017867949
2.572, 0.00014331115, -0.00017867949, 0.00014331115, 0.00014331115, 10.034568, -0.00082266075, 0.00046530177, -0.00017867949, -0.0005006701
2.573, -0.00017867949, 0.00046530177, -0.00017867949, -0.0005006701, 10.036178, 0.00014331115, 0.00014331115, 0.00014331115, -0.00017867949
2.574, 0.00014331115, 0.00014331115, 0.00046530177, -0.00017867949, 10.034889, 0.00014331115, -0.00017867949, -0.00017867949, -0.00082266075
2.575, 0.00046530177, 0.00078729243, 0.00046530177, -0.00082266075, 10.035855, -0.00017867949, -0.0005006701, 0.00014331115, 0.00014331115
2.576, 0.00014331115, 0.00046530177, -0.00017867949, -0.0005006701, 10.035855, 0.00014331115, 0.00014331115, 0.00078729243, -0.00017867949
2.577, -0.0005006701, 0.00014331115, -0.00017867949, -0.00017867949, 10.035534, 0.00014331115, 0.00014331115, 0.00014331115, -0.00017867949
2.578, -0.0005006701, -0.0005006701, 0.00014331115, -0.00017867949, 10.033602, 0.00014331115, 0.00014331115, 0.00014331115, -0.00017867949
2.579, -0.00017867949, -0.00017867949, -0.00082266075, -0.00017867949, 10.033602, 0.00046530177, -0.00017867949, -0.00082266075, -0.00017867949
2.58, -0.00082266075, 0.00046530177, 0.00014331115, -0.00017867949, 10.033602, 0.00046530177, -0.0005006701, 0.00078729243, -0.00017867949
2.581, 0.00014331115, -0.00017867949, 0.00046530177, 0.00014331115, 10.0342455, 0.00014331115, -0.00017867949, 0.00046530177, -0.00017867949
2.582, -0.00017867949, -0.00017867949, -0.00017867949, 0.00014331115, 10.035212, 0.00014331115, -0.00082266075, 0.00046530177, 0.00014331115
2.583, 0.00014331115, 0.00014331115, 0.00046530177, 0.00046530177, 10.035534, 0.00014331115, -0.00017867949, 0.00046530177, -0.00017867949
2.584, 0.00014331115, -0.00017867949, -0.00017867949, -0.00017867949, 10.036178, 0.00014331115, -0.00017867949, 0.00046530177, -0.0005006701
2.585, -0.0005006701, -0.00017867949, 0.00046530177, 0.00014331115, 10.035534, -0.00017867949, 0.00014331115, -0.00017867949, -0.00017867949
2.586, 0.00046530177, 0.00046530177, 0.00014331115, 0.00014331115, 10.036178, -0.00017867949, -0.00017867949, 0.0011092831, -0.0005006701
2.587, -0.00017867949, 0.00078729243, 0.00014331115, -0.00017867949, 10.035855, 0.00014331115, 0.00014331115, -0.00017867949, -0.0005006701
2.588, -0.0005006701, 0.00046530177, -0.00017867949, 0.00014331115, 10.035855, 0.00046530177, 0.00014331115, 0.00046530177, -0.00017867949
2.589, -0.0005006701, -0.00017867949, -0.00017867949, -0.00017867949, 10.035212, 0.00046530177, -0.00017867949, -0.0005006701, -0.00017867949
2.59, -0.00017867949, 0.00014331115, 0.00046530177, -0.00017867949, 10.035212, 0.00046530177, 0.00078729243, 0.00046530177, 0.00014331115
2.591, -0.00017867949, 0.00014331115, 0.00014331115, -0.0005006701, 10.0342455, -0.00017867949, -0.0005006701, 0.00046530177, -0.00017867949
2.592, 0.00014331115, 0.00014331115, -0.00082266075, -0.00017867949, 10.033602, 0.00014331115, -0.00017867949, -0.00017867949, -0.00017867949
2.593, 0.00014331115, 0.00046530177, 0.00046530177, -0.00017867949, 10.035855, 0.00014331115, -0.00017867949, 0.00078729243, -0.00017867949
2.594, -0.0005006701, 0.00046530177, -0.00017867949, 0.00046530177, 10.035212, 0.00078729243, 0.00014331115, 0.00014331115, 0.00014331115
2.595, 0.00014331115, 0.00014331115, -0.00017867949, 0.00014331115, 10.035534, -0.00017867949, -0.00017867949, 0.00014331115, -0.0005006701
2.596, 0.00014331115, -0.00017867949, 0.00014331115, -0.00017867949, 10.035212, 0.00014331115, -0.00017867949, 0.00014331115, -0.00017867949
2.597, -0.00017867949, -0.00017867949, -0.00017867949, 0.00078729243, 10.035212, 0.00014331115, -0.00017867949, 0.00014331115, -0.00017867949
2.598, -0.0005006701, 0.00046530177, 0.00014331115, -0.00017867949, 10.035212, 0.00014331115, -0.00017867949, 0.00046530177, 0.00014331115
2.599, -0.00017867949, 0.00046530177, -0.0005006701, 0.00014331115, 10.034889, -0.00017867949, -0.00082266075, 0.00046530177, 0.00014331115
2.6, 0.00014331115, 0.00046530177, 0.00014331115, -0.00017867949, 10.0342455, 0.00014331115, 0.00046530177, 0.00046530177, 0.00014331115
2.601, -0.00017867949, -0.00017867949, 0.00014331115, -0.00017867949, 10.033602, 0.00046530177, -0.0005006701, 0.00078729243, 0.00014331115
2.602, 0.00014331115, 0.00014331115, 0.00014331115, -0.0005006701, 10.034568, -0.00017867949, 0.00014331115, 0.00014331115, 0.00014331115
2.603, -0.0005006701, -0.00017867949, 0.00078729243, -0.0005006701, 10.033602, 0.00046530177, -0.00017867949, 0.00014331115, -0.00017867949
2.604, -0.0005006701, -0.00017867949, 0.00014331115, -0.0005006701, 10.033602, -0.00082266075, -0.00082266075, -0.00017867949, -0.00082266075
2.605, 0.00014331115, 0.00046530177, -0.00017867949, 0.00014331115, 10.033279, 0.00046530177, -0.00017867949, 0.00078729243, -0.0011446514
2.606, 0.00014331115, 0.00046530177, -0.00082266075, 0.00014331115, 10.0342455, 0.00046530177, -0.00017867949, 0.00014331115, -0.0005006701
2.607, 0.00046530177, 0.00014331115, 0.00014331115, -0.0005006701, 10.034889, -0.0005006701, -0.0005006701, 0.00046530177, -0.0005006701
2.608, 0.00014331115, 0.00014331115, -0.00017867949, -0.00017867949, 10.033924, 0.00014331115, -0.0005006701, 0.00078729243, 0.00014331115
2.609, -0.00017867949, 0.00014331115, 0.00014331115, -0.00017867949, 10.035212, 0.00046530177, 0.00014331115, 0.00078729243, -0.00017867949
2.61, -0.00017867949, 0.00046530177, -0.00017867949, -0.00017867949, 10.033924, -0.00017867949, -0.0005006701, 0.00078729243, 0.00046530177
2.611, -0.00017867949, -0.0005006701, 0.00046530177, 0.00014331115, 10.034568, 0.00014331115, 0.00014331115, 0.00014331115, -0.00082266075
2.612, -0.00017867949, 0.00046530177, -0.0005006701, -0.0005006701, 10.033924, -0.00017867949, 0.00014331115, 0.00014331115, -0.0005006701
2.613, -0.0005006701, 0.00014331115, 0.00014331115, 0.00014331115, 10.0342455, 0.00046530177, -0.00082266075, 0.00046530177, -0.00017867949
2.614, -0.0005006701, 0.00014331115, 0.00014331115, -0.0005006701, 10.034568, -0.00017867949, 0.00014331115, 0.00078729243, -0.00017867949
2.615, -0.0005006701, 0.00014331115, 0.00014331115, 0.00014331115, 10.035212, 0.00014331115, -0.00017867949, 0.00046530177, -0.00082266075
2.616, -0.00017867949, 0.00014331115, -0.00017867949, -0.0005006701, 10.035212, -0.00017867949, -0.00017867949, 0.00046530177, -0.00017867949
2.617, -0.00017867949, 0.00046530177, -0.00017867949, -0.00017867949, 10.035855, 0.00014331115, -0.0005006701, -0.00017867949, 0.00014331115
2.618, 0.00014331115, 0.00046530177, 0.00046530177, 0.00046530177, 10.0365, -0.00017867949, 0.00046530177, 0.00014331115, 0.00014331115
2.619, 0.00046530177, 0.00014331115, -0.00017867949, 0.00014331115, 10.035855, 0.00014331115, -0.00017867949, 0.00014331115, -0.0005006701
2.62, -0.0005006701, 0.00014331115, 0.00046530177, -0.0005006701, 10.0365, -0.00017867949, -0.0005006701, 0.00014331115, -0.0005006701
2.621, -0.00017867949, 0.00046530177, 0.00046530177, -0.00017867949, 10.036178, -0.00017867949, -0.00017867949, -0.00017867949, -0.00017867949
2.622, -0.00017867949, 0.00014331115, 0.00014331115, 0.00046530177, 10.035212, -0.0005006701, -0.0005006701, 0.00078729243, -0.00017867949
2.623, -0.0005006701, 0.00014331115, 0.00014331115, -0.00017867949, 10.035212, -0.00017867949, -0.00017867949, 0.00014331115, -0.0005006701
2.624, -0.00017867949, 0.00014331115, -0.00017867949, 0.00046530177, 10.034889, 0.00046530177, 0.00014331115, 0.00046530177, -0.00017867949
2.625, -0.00017867949, 0.00046530177, -0.00017867949, -0.00017867949, 10.035212, 0.00014331115, -0.00017867949, 0.00014331115, 0.00014331115
2.626, -0.0005006701, 0.00014331115, 0.00014331115, -0.00017867949, 10.034568, 0.00046530177, -0.00017867949, 0.00046530177, 0.00014331115
2.6270000000000002, -0.0005006701, 0.00014331115, 0.00014331115, -0.0005006701, 10.035212, 0.00014331115, -0.00017867949, 0.00014331115, 0.00014331115
2.628, -0.00017867949, -0.0005006701, 0.00046530177, 0.00046530177, 10.034889, 0.00046530177, -0.0005006701, 0.00046530177, 0.00046530177
2.629, -0.00017867949, 0.00078729243, -0.00017867949, -0.00017867949, 10.035855, 0.00046530177, -0.00017867949, 0.00014331115, -0.00017867949
2.63, -0.0005006701, 0.00046530177, -0.00017867949, 0.00014331115, 10.0365, 0.00014331115, -0.0005006701, 0.00046530177, 0.00014331115
2.6310000000000002, -0.00017867949, 0.00046530177, -0.00017867949, 0.00014331115, 10.036178, 0.00046530177, -0.00017867949, 0.00046530177, -0.0005006701
2.632, -0.00017867949, 0.00014331115, 0.00046530177, 0.00014331115, 10.035855, 0.00014331115, 0.00078729243, 0.00046530177, 0.00014331115
2.633, 0.00014331115, 0.00014331115, 0.00014331115, 0.00014331115, 10.033924, -0.0005006701, 0.00046530177, 0.00046530177, -0.00082266075
2.634, 0.00046530177, -0.00017867949, 0.00046530177, 0.00046530177, 10.034889, 0.00014331115, 0.00014331115, 0.00046530177, -0.0005006701
2.6350000000000002, 0.00014331115, -0.00017867949, -0.00017867949, -0.0005006701, 10.033602, -0.00017867949, 0.00014331115, 0.00014331115, -0.0005006701
2.636, -0.00017867949, 0.00046530177, 0.00014331115, 0.00014331115, 10.034889, 0.00046530177, -0.00017867949, 0.00046530177, -0.00017867949
2.637, 0.00014331115, -0.00017867949, 0.00014331115, -0.00017867949, 10.033602, -0.00017867949, 0.00014331115, 0.00046530177, -0.00017867949
2.638, -0.00017867949, 0.00014331115, -0.00017867949, 0.00046530177, 10.034889, -0.0005006701, -0.00017867949, 0.00046530177, -0.00017867949
2.6390000000000002, 0.00046530177, 0.00014331115, 0.00046530177, -0.00017867949, 10.0342455, -0.00017867949, -0.00017867949, 0.00046530177, -0.00017867949
2.64, -0.00017867949, 0.00046530177, 0.00046530177, 0.00078729243, 10.035534, 0.00014331115, -0.0005006701, 0.00046530177, 0.00014331115
2.641, -0.0005006701, -0.00017867949, 0.00014331115, -0.00017867949, 10.036178, 0.00014331115, -0.0005006701, 0.00014331115, -0.0005006701
2.642, 0.00014331115, 0.00046530177, -0.00017867949, -0.00017867949, 10.035534, -0.0005006701, -0.00017867949, 0.00046530177, -0.00082266075
2.6430000000000002, 0.00014331115, 0.00078729243, 0.00046530177, 0.00014331115, 10.036178, -0.00017867949, -0.00017867949, 0.00078729243, -0.0005006701
2.644, -0.00017867949, 0.00014331115, -0.0005006701, -0.00017867949, 10.034568, -0.0005006701, -0.00017867949, 0.00046530177, -0.00017867949
2.645, 0.00014331115, 0.00078729243, 0.00014331115, -0.00017867949, 10.035212, 0.00014331115, -0.0005006701, 0.00046530177, -0.00017867949
2.646, 0.00046530177, 0.00046530177, -0.00017867949, 0.00014331115, 10.034889, 0.00014331115, 0.00046530177, 0.00046530177, 0.00014331115
2.6470000000000002, 0.00014331115, -0.00017867949, 0.00014331115, 0.00014331115, 10.035212, 0.00014331115, -0.0005006701, 0.00046530177, -0.0005006701
2.648, -0.00017867949, 0.00014331115, 0.00014331115, 0.00046530177, 10.034568, -0.0005006701, -0.00017867949, 0.00014331115, -0.00017867949
2.649, -0.0005006701, 0.00014331115, 0.00014331115, 0.00014331115, 10.034568, 0.00014331115, 0.00014331115, 0.00046530177, -0.0005006701
2.65, -0.0005006701, 0.00046530177, 0.00014331115, 0.00014331115, 10.0365, 0.00014331115, 0.00014331115, 0.00046530177, -0.00017867949
2.6510000000000002, -0.0005006701, 0.00046530177, 0.00014331115, 0.00046530177, 10.034889, 0.00014331115, -0.0005006701, 0.00014331115, -0.0005006701
2.652, -0.0005006701, 0.00014331115, 0.00014331115, -0.0005006701, 10.034568, 0.00046530177, -0.0005006701, 0.00046530177, -0.0005006701
2.653, -0.00017867949, -0.00017867949, 0.00046530177, 0.00014331115, 10.034568, -0.00017867949, -0.00017867949, 0.00014331115, 0.00046530177
2.654, -0.0005006701, 0.00046530177, 0.00014331115, -0.00017867949, 10.0365, 0.00014331115, -0.0005006701, 0.00014331115, -0.0005006701
2.6550000000000002, 0.00046530177, 0.00014331115, 0.00014331115, -0.00017867949, 10.035212, 0.00014331115, -0.00017867949, 0.00014331115, -0.0005006701
2.656, 0.00014331115, -0.00017867949, 0.00014331115, -0.00017867949, 10.035212, 0.00014331115, -0.0005006701, 0.00014331115, 0.00014331115
2.657, -0.0005006701, -0.0005006701, 0.00014331115, -0.00017867949, 10.035212, -0.00082266075, -0.00017867949, 0.00014331115, 0.00046530177
2.658, 0.00014331115, 0.00046530177, 0.00014331115, 0.00014331115, 10.033924, 0.00014331115, -0.00017867949, 0.00014331115, -0.00017867949
2.6590000000000003, 0.00078729243, 0.00014331115, 0.00014331115, 0.00014331115, 10.034568, -0.00017867949, 0.00014331115, 0.00014331115, 0.00014331115
2.66, -0.00017867949, 0.00046530177, 0.00014331115, -0.00017867949, 10.0342455, -0.00017867949, -0.00017867949, 0.00014331115, -0.0005006701
2.661, -0.00017867949, 0.00078729243, -0.00017867949, 0.00014331115, 10.035855, -0.00017867949, -0.00017867949, 0.00014331115, -0.00017867949
2.662, -0.0005006701, 0.00014331115, -0.0005006701, -0.00017867949, 10.034889, 0.00014331115, -0.0005006701, 0.00078729243, -0.0005006701
2.6630000000000003, 0.00014331115, 0.00046530177, 0.00014331115, 0.00046530177, 10.036178, -0.00017867949, -0.0005006701, 0.00046530177, -0.00082266075
2.664, 0.00046530177, 0.00014331115, 0.00046530177, 0.00014331115, 10.036178, 0.00014331115, 0.00014331115, -0.00017867949, -0.00017867949
2.665, -0.00017867949, 0.00014331115, 0.00014331115, -0.00017867949, 10.035212, 0.00014331115, 0.00046530177, 0.00078729243, -0.00082266075
2.666, 0.00014331115, 0.00078729243, -0.00017867949, -0.00017867949, 10.035212, 0.00014331115, -0.0005006701, 0.00078729243, -0.0005006701
2.6670000000000003, -0.00017867949, 0.00014331115, 0.00046530177, -0.0005006701, 10.034568, 0.00014331115, -0.0005006701, 0.00014331115, -0.00082266075
2.668, -0.0005006701, 0.00014331115, 0.00014331115, -0.00017867949, 10.035855, -0.00017867949, -0.00017867949, 0.00014331115, 0.00014331115
2.669, -0.00082266075, 0.00078729243, 0.00014331115, -0.0005006701, 10.033924, 0.00014331115, -0.00017867949, 0.00046530177, -0.0005006701
2.67, 0.00014331115, -0.00017867949, -0.0005006701, 0.00014331115, 10.036178, -0.00017867949, -0.0005006701, 0.00046530177, -0.00017867949
2.6710000000000003, -0.00017867949, 0.00014331115, 0.00046530177, -0.0005006701, 10.035212, -0.00017867949, 0.00014331115, -0.00017867949, 0.00014331115
2.672, -0.00017867949, 0.00014331115, -0.0005006701, -0.00017867949, 10.035855, 0.00046530177, -0.00017867949, 0.00046530177, -0.0005006701
2.673, -0.00017867949, 0.00078729243, -0.00017867949, 0.00014331115, 10.034889, 0.00046530177, -0.00017867949, 0.00014331115, -0.00017867949
2.674, -0.00017867949, 0.00014331115, -0.00017867949, 0.00014331115, 10.033924, 0.00014331115, 0.00014331115, 0.00014331115, -0.0005006701
2.6750000000000003, -0.00017867949, 0.00046530177, -0.0005006701, 0.00046530177, 10.034889, -0.00017867949, -0.0005006701, -0.00017867949, -0.00017867949
2.676, -0.00017867949, -0.00017867949, 0.00014331115, -0.00017867949, 10.033924, 0.00014331115, -0.00017867949, 0.00046530177, -0.00017867949
2.677, 0.00014331115, 0.00046530177, 0.00046530177, 0.00014331115, 10.035212, -0.00017867949, -0.00017867949, 0.00046530177, -0.00017867949
2.678, -0.0005006701, 0.00046530177, 0.00014331115, -0.00017867949, 10.0342455, 0.00014331115, 0.00014331115, 0.0011092831, -0.00017867949
2.6790000000000003, -0.00017867949, 0.00046530177, 0.00014331115, -0.00017867949, 10.036178, -0.00017867949, 0.00014331115, 0.00078729243, 0.00014331115
2.68, 0.00014331115, 0.00078729243, 0.00014331115, 0.00014331115, 10.035212, -0.00017867949, 0.00014331115, 0.00046530177, 0.00014331115
2.681, -0.00017867949, 0.00078729243, 0.00014331115, 0.00046530177, 10.036178, 0.00078729243, -0.0005006701, 0.00014331115, -0.0005006701
2.682, -0.00082266075, 0.00014331115, 0.00014331115, -0.0005006701, 10.035212, -0.00017867949, -0.0005006701, 0.00046530177, -0.00017867949
2.6830000000000003, -0.00017867949, 0.00014331115, -0.00017867949, -0.00017867949, 10.034889, -0.0005006701, 0.00014331115, 0.00046530177, -0.00017867949
2.684, -0.0005006701, 0.00014331115, -0.0005006701, -0.0005006701, 10.034889, 0.00014331115, -0.0005006701, -0.00017867949, -0.00082266075
2.685, 0.00014331115, 0.00046530177, 0.00046530177, -0.0005006701, 10.0342455, -0.00017867949, -0.0005006701, 0.00014331115, 0.00014331115
2.686, -0.0005006701, 0.00046530177, 0.00014331115, 0.00078729243, 10.035534, 0.00046530177, -0.0005006701, 0.00046530177, -0.00017867949
2.6870000000000003, -0.00017867949, 0.00046530177, -0.00017867949, -0.00017867949, 10.032958, 0.00046530177, -0.0005006701, 0.00014331115, -0.00017867949
2.688, 0.00014331115, 0.00046530177, 0.00014331115, 0.00014331115, 10.034568, 0.00014331115, -0.00017867949, 0.00046530177, 0.00014331115
2.689, -0.00082266075, 0.00078729243, -0.00017867949, 0.00046530177, 10.033602, 0.00014331115, -0.0005006701, 0.00014331115, -0.0005006701
2.69, 0.00014331115, -0.00017867949, -0.00017867949, 0.00014331115, 10.033924, -0.00017867949, -0.0005006701, 0.00046530177, -0.00017867949
2.691, -0.0005006701, 0.00014331115, 0.00046530177, -0.00017867949, 10.033924, 0.00014331115, -0.0005006701, 0.00014331115, -0.0005006701
2.692, 0.00014331115, -0.00017867949, 0.00014331115, -0.00017867949, 10.033924, -0.00017867949, -0.0005006701, 0.00014331115, -0.0005006701
2.693, -0.0005006701, 0.00046530177, -0.00017867949, -0.0005006701, 10.034889, 0.00078729243, -0.00017867949, 0.00014331115, -0.00017867949
2.694, -0.0005006701, 0.00014331115, 0.00014331115, 0.00014331115, 10.033924, 0.00014331115, -0.0005006701, 0.00014331115, -0.00017867949
2.695, 0.00014331115, 0.00046530177, -0.00017867949, -0.00017867949, 10.0365, -0.00017867949, 0.00014331115, 0.00046530177, -0.00017867949
2.696, -0.00017867949, 0.00014331115, 0.00046530177, -0.0005006701, 10.034568, -0.00017867949, 0.00014331115, 0.00014331115, -0.0005006701
2.697, 0.00014331115, 0.00014331115, -0.0005006701, 0.00014331115, 10.035855, 0.00014331115, 0.00014331115, 0.00014331115, -0.00017867949
2.698, -0.0005006701, 0.00014331115, 0.00014331115, 0.00014331115, 10.034568, 0.00046530177, -0.00017867949, 0.00046530177, -0.00017867949
2.699, 0.00014331115, -0.00017867949, 0.00014331115, 0.00014331115, 10.034568, -0.0005006701, 0.00014331115, 0.00014331115, -0.00017867949
2.7, -0.00017867949, 0.00078729243, 0.00014331115, -0.00017867949, 10.035534, -0.0005006701, -0.00017867949, 0.0011092831, -0.0005006701
2.701, -0.00017867949, 0.00014331115, 0.00014331115, -0.00082266075, 10.035212, -0.00017867949, -0.00017867949, 0.00078729243, -0.00017867949
2.702, -0.00017867949, 0.00014331115, -0.00017867949, -0.0005006701, 10.035212, -0.00017867949, 0.00014331115, 0.00046530177, 0.00014331115
2.703, -0.00017867949, 0.00078729243, -0.0005006701, -0.00017867949, 10.035212, 0.00046530177, 0.00046530177, 0.00078729243, -0.0005006701
2.704, 0.00014331115, 0.00014331115, 0.00046530177, 0.00046530177, 10.034889, 0.00046530177, 0.00014331115, 0.00014331115, -0.0005006701
2.705, 0.00014331115, 0.00078729243, 0.00014331115, -0.00017867949, 10.035212, 0.00046530177, -0.00017867949, -0.00017867949, -0.00082266075
2.706, -0.00017867949, 0.00014331115, 0.00014331115, -0.00017867949, 10.035212, 0.00014331115, 0.00014331115, 0.00046530177, -0.00017867949
2.707, -0.00017867949, -0.00017867949, -0.0005006701, -0.0005006701, 10.035855, -0.00017867949, -0.0005006701, 0.00014331115, 0.00014331115
2.708, -0.0005006701, -0.00017867949, -0.00017867949, 0.00014331115, 10.035534, 0.00014331115, -0.0005006701, 0.00014331115, 0.00014331115
2.709, -0.00017867949, 0.00046530177, 0.00014331115, 0.00014331115, 10.034889, 0.00046530177, -0.00017867949, -0.00017867949, -0.00017867949
2.71, -0.00017867949, 0.00014331115, 0.00014331115, -0.0005006701, 10.035212, -0.00017867949, -0.00017867949, 0.0011092831, -0.0005006701
2.711, 0.00046530177, 0.00014331115, -0.00017867949, 0.00046530177, 10.035534, -0.00017867949, -0.00017867949, 0.00014331115, -0.00017867949
2.712, 0.00014331115, -0.00017867949, 0.00046530177, -0.0005006701, 10.033602, 0.00046530177, 0.00078729243, 0.00046530177, -0.00017867949
2.713, -0.00082266075, 0.00046530177, -0.00017867949, 0.00014331115, 10.034889, -0.00017867949, -0.00017867949, 0.00014331115, -0.0005006701
2.714, 0.00014331115, 0.00046530177, -0.00017867949, -0.00017867949, 10.034889, -0.0005006701, -0.0005006701, 0.00014331115, 0.00014331115
2.715, 0.00014331115, 0.00014331115, -0.00017867949, -0.00017867949, 10.0365, -0.00017867949, 0.00014331115, 0.00046530177, -0.00017867949
2.716, 0.00014331115, 0.00014331115, 0.00014331115, -0.00017867949, 10.0365, -0.00017867949, 0.00014331115, 0.00046530177, -0.0005006701
2.717, -0.00017867949, 0.00014331115, 0.00014331115, 0.00014331115, 10.035855, -0.00017867949, 0.00014331115, 0.00046530177, -0.00017867949
2.718, -0.00017867949, 0.00014331115, -0.00017867949, 0.00046530177, 10.035534, 0.00078729243, -0.00017867949, 0.00014331115, -0.00082266075
2.719, -0.00017867949, -0.0005006701, 0.00046530177, -0.0005006701, 10.0342455, -0.00017867949, -0.00017867949, 0.00014331115, 0.00014331115
2.72, -0.00017867949, -0.00017867949, -0.00017867949, 0.00014331115, 10.033924, 0.00078729243, -0.00017867949, 0.00046530177, -0.0005006701
2.721, 0.00014331115, 0.00014331115, 0.00046530177, 0.00014331115, 10.033924, 0.00014331115, -0.00017867949, 0.00046530177, -0.00017867949
2.722, -0.00017867949, 0.00014331115, -0.00017867949, -0.00017867949, 10.035534, 0.00046530177, -0.0005006701, 0.00046530177, -0.0005006701
2.723, 0.00014331115, 0.00014331115, -0.00017867949, 0.00014331115, 10.034889, 0.00014331115, -0.00017867949, -0.00017867949, -0.00017867949
2.724, 0.00046530177, 0.00014331115, 0.00046530177, -0.00017867949, 10.035212, 0.00014331115, -0.0005006701, 0.00014331115, -0.00017867949
2.725, -0.0005006701, -0.0005006701, -0.0005006701, 0.00014331115, 10.034568, 0.00014331115, -0.00017867949, 0.00014331115, 0.00014331115
2.726, -0.00017867949, 0.00014331115, 0.00014331115, -0.0005006701, 10.035212, -0.00017867949, -0.00017867949, 0.00078729243, -0.00082266075
2.727, -0.00017867949, -0.00017867949, -0.00017867949, 0.00014331115, 10.036178, 0.00014331115, -0.00017867949, 0.00046530177, -0.0005006701
2.728, -0.00017867949, 0.00046530177, 0.00078729243, -0.00017867949, 10.035212, 0.00014331115, -0.0005006701, 0.00014331115, 0.00014331115
2.729, -0.0005006701, 0.00046530177, -0.00082266075, 0.00046530177, 10.0365, 0.00014331115, 0.00046530177, 0.00078729243, -0.00017867949
2.73, -0.00082266075, 0.00046530177, -0.0005006701, 0.0011092831, 10.035212, 0.00046530177, 0.00014331115, -0.00017867949, -0.00017867949
2.731, 0.00014331115, -0.00017867949, -0.00017867949, 0.00046530177, 10.034889, 0.00014331115, -0.00017867949, 0.00014331115, -0.00082266075
2.732, -0.0005006701, -0.00017867949, -0.00017867949, -0.00017867949, 10.033924, 0.00014331115, -0.0005006701, 0.00046530177, -0.00017867949
2.733, -0.0005006701, 0.00014331115, 0.00046530177, 0.00014331115, 10.0342455, -0.0005006701, -0.00082266075, -0.00017867949, 0.00014331115
2.734, -0.0005006701, 0.00014331115, 0.00014331115, -0.0005006701, 10.034568, -0.00017867949, -0.0005006701, -0.00017867949, -0.00017867949
2.735, -0.0011446514, -0.00017867949, 0.00046530177, -0.00017867949, 10.034889, 0.00014331115, -0.00017867949, 0.00014331115, -0.00017867949
2.736, 0.00046530177, 0.00014331115, 0.00014331115, -0.00017867949, 10.035855, 0.00014331115, 0.00014331115, -0.00017867949, 0.00014331115
2.737, -0.00082266075, 0.00046530177, -0.00017867949, 0.00014331115, 10.035855, -0.00017867949, -0.00017867949, -0.00017867949, -0.0005006701
2.738, -0.00017867949, -0.00017867949, -0.00017867949, 0.00014331115, 10.035855, 0.00014331115, -0.00017867949, 0.00078729243, -0.00017867949
2.739, -0.00017867949, 0.00014331115, -0.00017867949, -0.00017867949, 10.035534, 0.00014331115, -0.00017867949, 0.00078729243, -0.00017867949
2.74, -0.0005006701, 0.00014331115, 0.00014331115, 0.00014331115, 10.036821, 0.00014331115, 0.00014331115, 0.00046530177, 0.00014331115
2.741, 0.00014331115, 0.00014331115, -0.00017867949, 0.00014331115, 10.0365, -0.00017867949, 0.00014331115, 0.00046530177, -0.00082266075
2.742, -0.0005006701, -0.00017867949, -0.00017867949, 0.00014331115, 10.035212, 0.00014331115, -0.00017867949, 0.00014331115, -0.00017867949
2.743, -0.00017867949, -0.00017867949, 0.00046530177, -0.00017867949, 10.034889, 0.00014331115, 0.00014331115, 0.00078729243, 0.00014331115
2.744, 0.00014331115, -0.00017867949, -0.00017867949, -0.00017867949, 10.035212, 0.00014331115, -0.00017867949, 0.00078729243, 0.00014331115
2.745, -0.00017867949, 0.00014331115, 0.00014331115, -0.00017867949, 10.035212, -0.0005006701, -0.0005006701, 0.00046530177, -0.0005006701
2.746, -0.00017867949, 0.00014331115, -0.00017867949, -0.00017867949, 10.035855, 0.00014331115, 0.00014331115, 0.00046530177, -0.00017867949
2.747, 0.00046530177, -0.00017867949, 0.0011092831, -0.00017867949, 10.035534, -0.00017867949, -0.0005006701, 0.00014331115, -0.0005006701
2.748, 0.00014331115, 0.00046530177, 0.00046530177, -0.0005006701, 10.035212, -0.00017867949, 0.00046530177, 0.00046530177, -0.0005006701
2.749, 0.00046530177, 0.00046530177, 0.00014331115, -0.0005006701, 10.036178, -0.0005006701, -0.00017867949, -0.0005006701, -0.0005006701
2.75, -0.0005006701, 0.00046530177, 0.00014331115, -0.0005006701, 10.035534, -0.00017867949, -0.0005006701, 0.00014331115, -0.0005006701
2.751, 0.00046530177, 0.00014331115, 0.00014331115, -0.00017867949, 10.035534, 0.00014331115, -0.0005006701, 0.00014331115, -0.00017867949
2.7520000000000002, 0.00014331115, -0.00017867949, -0.00017867949, 0.00014331115, 10.035534, 0.00046530177, -0.00017867949, 0.00046530177, 0.00014331115
2.753, 0.00014331115, -0.00017867949, -0.00017867949, -0.00017867949, 10.033924, 0.00078729243, -0.0005006701, -0.00017867949, -0.00017867949
2.754, 0.00014331115, 0.00046530177, 0.00014331115, 0.00046530177, 10.034568, 0.00046530177, -0.00082266075, 0.00078729243, -0.0005006701
2.755, 0.00014331115, 0.00014331115, 0.00014331115, 0.00014331115, 10.033602, 0.00014331115, 0.00046530177, 0.00046530177, -0.00017867949
2.7560000000000002, -0.0005006701, 0.00014331115, -0.0005006701, 0.00014331115, 10.035212, 0.00014331115, -0.00017867949, 0.00014331115, -0.00017867949
2.757, -0.0005006701, 0.00046530177, 0.00014331115, 0.00014331115, 10.034568, 0.00014331115, -0.00017867949, 0.00014331115, -0.00017867949
2.758, -0.00017867949, 0.00014331115, 0.00014331115, 0.00014331115, 10.035534, 0.00046530177, -0.0005006701, 0.00014331115, -0.00082266075
2.759, -0.0005006701, 0.00014331115, 0.00046530177, -0.00017867949, 10.035212, 0.00046530177, -0.0005006701, 0.00014331115, -0.0005006701
2.7600000000000002, -0.00017867949, 0.00046530177, 0.00078729243, -0.0005006701, 10.035534, 0.00078729243, -0.00017867949, 0.00046530177, -0.00017867949
2.761, 0.00046530177, 0.00014331115, -0.00017867949, -0.00017867949, 10.035534, -0.00082266075, -0.0005006701, 0.00014331115, -0.00082266075
2.762, -0.00017867949, 0.00046530177, -0.00017867949, -0.00017867949, 10.035212, -0.00017867949, 0.00046530177, -0.00017867949, -0.00017867949
2.763, -0.0005006701, -0.00017867949, 0.00014331115, 0.00014331115, 10.036178, -0.0005006701, -0.00017867949, 0.00046530177, -0.00082266075
2.7640000000000002, -0.00017867949, 0.00046530177, 0.00014331115, 0.00046530177, 10.034889, -0.00017867949, -0.00017867949, 0.00046530177, -0.0005006701
2.765, -0.00017867949, 0.00046530177, 0.00014331115, -0.0005006701, 10.035212, -0.00017867949, -0.00017867949, 0.00014331115, -0.00082266075
2.766, -0.0005006701, 0.00046530177, 0.00014331115, 0.00014331115, 10.034889, -0.00017867949, 0.00014331115, 0.00014331115, -0.0005006701
2.767, -0.00017867949, 0.00014331115, -0.0005006701, 0.00014331115, 10.035212, -0.00017867949, 0.00014331115, 0.00014331115, -0.00017867949
2.7680000000000002, -0.00082266075, -0.00017867949, -0.00017867949, -0.00017867949, 10.035212, 0.00014331115, -0.00017867949, 0.00014331115, -0.00017867949
2.769, -0.00017867949, -0.00017867949, 0.00014331115, 0.00014331115, 10.034889, 0.00014331115, -0.00017867949, 0.00046530177, -0.00017867949
2.77, -0.00017867949, 0.00046530177, -0.00017867949, -0.00017867949, 10.034889, -0.00017867949, 0.00014331115, 0.00014331115, -0.0005006701
2.771, -0.00017867949, 0.00046530177, 0.00014331115, 0.00014331115, 10.034568, 0.00014331115, -0.0005006701, -0.0005006701, -0.0005006701
2.7720000000000002, 0.00014331115, 0.00078729243, 0.00014331115, 0.00014331115, 10.035855, 0.00046530177, -0.00017867949, -0.00017867949, 0.00046530177
2.773, -0.00017867949, -0.00017867949, -0.00017867949, 0.00014331115, 10.034568, 0.00014331115, 0.00014331115, 0.00046530177, -0.0005006701
2.774, -0.00017867949, 0.00046530177, -0.00017867949, 0.00014331115, 10.034568, -0.00017867949, -0.00017867949, 0.00078729243, 0.00046530177
2.775, -0.00017867949, 0.00046530177, -0.00017867949, -0.0005006701, 10.033924, 0.00046530177, 0.00078729243, 0.00014331115, -0.00082266075
2.7760000000000002, -0.00017867949, 0.00014331115, -0.00017867949, -0.00017867949, 10.034568, 0.00046530177, -0.0005006701, 0.00014331115, -0.0005006701
2.777, -0.00017867949, 0.00014331115, 0.00014331115, 0.00046530177, 10.0342455, 0.00014331115, -0.0005006701, 0.00014331115, 0.00014331115
2.778, -0.0005006701, 0.00014331115, 0.00014331115, 0.00014331115, 10.033924, 0.00014331115, -0.0005006701, 0.00014331115, -0.0005006701
2.779, -0.00017867949, -0.00017867949, 0.00014331115, 0.00046530177, 10.034568, -0.00017867949, -0.00017867949, -0.00017867949, 0.00014331115
2.7800000000000002, 0.00046530177, 0.00014331115, 0.00014331115, 0.00014331115, 10.033924, 0.00046530177, -0.0005006701, 0.00046530177, -0.00017867949
2.781, -0.00017867949, -0.00017867949, 0.00014331115, -0.00017867949, 10.035212, -0.00082266075, 0.00014331115, 0.00014331115, -0.00082266075
2.782, 0.00014331115, 0.00014331115, 0.00014331115, -0.00017867949, 10.035212, 0.00046530177, -0.0005006701, 0.00014331115, -0.00017867949
2.783, 0.00014331115, 0.00046530177, -0.00017867949, -0.00017867949, 10.0365, 0.00014331115, 0.00046530177, 0.00046530177, -0.00017867949
2.7840000000000003, -0.00017867949, -0.0005006701, 0.00078729243, 0.00014331115, 10.035855, 0.00014331115, 0.00014331115, 0.00078729243, -0.00017867949
2.785, 0.00014331115, 0.00078729243, -0.00082266075, 0.00014331115, 10.035212, 0.00046530177, -0.0005006701, 0.00046530177, -0.00017867949
2.786, 0.00014331115, 0.00014331115, 0.00014331115, -0.0005006701, 10.033924, -0.0005006701, -0.00082266075, 0.00014331115, -0.00017867949
2.787, -0.0005006701, 0.00046530177, 0.00014331115, -0.00017867949, 10.034568, -0.00017867949, -0.00017867949, 0.00046530177, -0.00017867949
2.7880000000000003, -0.00017867949, -0.00017867949, 0.00046530177, 0.00014331115, 10.034889, -0.00017867949, 0.00014331115, 0.00078729243, -0.0005006701
2.789, 0.00014331115, 0.00078729243, -0.00017867949, -0.0005006701, 10.033924, -0.00017867949, -0.00017867949, 0.00046530177, -0.00017867949
2.79, 0.00046530177, -0.0005006701, 0.00014331115, -0.00017867949, 10.034568, 0.00046530177, -0.0005006701, -0.00017867949, -0.0005006701
2.791, -0.00017867949, 0.00078729243, 0.00014331115, -0.00017867949, 10.034568, -0.00017867949, -0.00017867949, 0.00014331115, -0.0005006701
2.7920000000000003, -0.0005006701, 0.00046530177, 0.00014331115, 0.00014331115, 10.035855, 0.00014331115, 0.00014331115, 0.00014331115, -0.0005006701
2.793, -0.00082266075, -0.00017867949, -0.00017867949, 0.00014331115, 10.035534, 0.00014331115, -0.0005006701, 0.00014331115, -0.0005006701
2.794, -0.00017867949, 0.00078729243, 0.00014331115, 0.00014331115, 10.035534, -0.00017867949, -0.00017867949, -0.00017867949, -0.00017867949
2.795, 0.00014331115, 0.00046530177, -0.00017867949, 0.00014331115, 10.035534, -0.00017867949, -0.0005006701, 0.00046530177, -0.00017867949
2.7960000000000003, 0.00046530177, 0.00046530177, -0.00017867949, 0.00046530177, 10.033279, -0.00017867949, -0.00017867949, 0.00014331115, -0.0005006701
2.797, -0.00017867949, -0.00017867949, -0.00017867949, -0.00017867949, 10.035212, -0.00017867949, -0.00017867949, 0.00078729243, 0.00046530177
2.798, -0.00017867949, 0.00046530177, -0.00082266075, 0.00046530177, 10.035534, -0.00017867949, 0.00014331115, -0.00017867949, -0.00082266075
2.799, 0.00014331115, 0.00014331115, 0.00014331115, 0.00014331115, 10.035212, 0.00014331115, -0.0005006701, 0.00014331115, -0.00017867949
2.8000000000000003, 0.00014331115, -0.00017867949, 0.00014331115, -0.0005006701, 10.0342455, 0.00046530177, 0.00014331115, 0.00014331115, -0.00082266075
2.801, -0.0005006701, 0.00014331115, 0.00014331115, 0.00014331115, 10.035534, 0.00014331115, -0.00017867949, 0.00046530177, -0.0005006701
2.802, -0.0005006701, 0.00014331115, 0.00014331115, -0.00017867949, 10.035534, 0.00014331115, -0.0005006701, 0.00046530177, -0.00017867949
2.803, 0.00046530177, 0.00014331115, -0.00017867949, 0.00078729243, 10.036178, 0.00014331115, -0.0005006701, 0.00014331115, -0.0005006701
2.8040000000000003, 0.00046530177, -0.00017867949, 0.00014331115, 0.00046530177, 10.034568, -0.00017867949, -0.00017867949, 0.00046530177, -0.0005006701
2.805, -0.0005006701, 0.00014331115, -0.00017867949, 0.00014331115, 10.033924, -0.00017867949, -0.00017867949, -0.0005006701, 0.00014331115
2.806, -0.00017867949, 0.00014331115, -0.00017867949, 0.00014331115, 10.034889, -0.00017867949, -0.0005006701, 0.00046530177, -0.0005006701
2.807, -0.0005006701, 0.00078729243, 0.00046530177, 0.00014331115, 10.033924, 0.00078729243, -0.00017867949, 0.00014331115, -0.00082266075
2.8080000000000003, -0.00017867949, 0.00014331115, 0.00014331115, -0.00017867949, 10.035212, -0.00017867949, -0.00017867949, -0.00017867949, -0.00017867949
2.809, -0.00017867949, 0.00046530177, 0.00014331115, -0.00017867949, 10.035534, -0.00017867949, -0.0005006701, 0.00014331115, -0.00017867949
2.81, -0.00017867949, 0.00046530177, -0.00082266075, 0.00014331115, 10.034568, 0.00014331115, -0.00017867949, 0.00046530177, -0.00017867949
2.811, -0.0005006701, -0.00017867949, -0.00017867949, -0.0005006701, 10.033924, -0.00017867949, -0.00017867949, -0.00017867949, -0.00017867949
2.8120000000000003, -0.00017867949, 0.00078729243, 0.00046530177, -0.0005006701, 10.033924, -0.00017867949, 0.00014331115, 0.00014331115, -0.00017867949
2.813, 0.00014331115, 0.00014331115, 0.00014331115, -0.0005006701, 10.035212, -0.00017867949, -0.0005006701, 0.00046530177, 0.00046530177
2.814, 0.00046530177, 0.00078729243, 0.00046530177, 0.00014331115, 10.034889, -0.00017867949, 0.00014331115, -0.00017867949, -0.00017867949
2.815, 0.00014331115, 0.00014331115, 0.00014331115, 0.00014331115, 10.036178, -0.00017867949, -0.00017867949, 0.00046530177, -0.00017867949
2.816, 0.00046530177, 0.00078729243, -0.00017867949, 0.00014331115, 10.034568, 0.00014331115, -0.00082266075, -0.0005006701, -0.00082266075
2.817, 0.00046530177, 0.00046530177, 0.00046530177, -0.00017867949, 10.036821, -0.00017867949, -0.00017867949, 0.00046530177, -0.00017867949
2.818, 0.00014331115, -0.00017867949, -0.00017867949, -0.00017867949, 10.0342455, 0.00014331115, -0.00017867949, -0.00017867949, -0.0005006701
2.819, 0.00046530177, -0.00082266075, 0.00046530177, -0.00017867949, 10.0342455, 0.00046530177, 0.00014331115, 0.00046530177, -0.00082266075
2.82, 0.00014331115, 0.00078729243, -0.0005006701, -0.00017867949, 10.033924, 0.00014331115, -0.00017867949, 0.00046530177, -0.00017867949
2.821, -0.00082266075, -0.00017867949, 0.00014331115, 0.00046530177, 10.035212, -0.00017867949, -0.00017867949, 0.00078729243, 0.00014331115
2.822, 0.00014331115, -0.00017867949, -0.00017867949, 0.00014331115, 10.0365, 0.00014331115, -0.00017867949, 0.00014331115, 0.00014331115
2.823, 0.00046530177, 0.00046530177, -0.00017867949, -0.0005006701, 10.034568, -0.0005006701, -0.00017867949, 0.00046530177, -0.0005006701
2.824, -0.0005006701, -0.0005006701, 0.00014331115, 0.00014331115, 10.034889, -0.00017867949, -0.0005006701, 0.00014331115, -0.0011446514
2.825, -0.00017867949, 0.00014331115, -0.00017867949, 0.00014331115, 10.0342455, 0.00046530177, -0.0005006701, 0.00078729243, -0.00017867949
2.826, -0.0005006701, 0.00046530177, 0.00046530177, -0.00017867949, 10.035534, -0.00017867949, -0.00017867949, 0.00014331115, -0.00082266075
2.827, -0.0005006701, 0.00046530177, -0.00017867949, 0.00046530177, 10.035534, -0.00017867949, 0.00014331115, 0.00078729243, -0.00017867949
2.828, -0.0005006701, 0.00046530177, -0.00017867949, 0.00046530177, 10.035534, 0.00014331115, -0.0005006701, 0.00046530177, -0.00017867949
2.829, 0.00046530177, 0.00046530177, -0.00017867949, 0.00046530177, 10.034568, 0.00046530177, 0.00014331115, 0.00014331115, 0.00014331115
2.83, -0.0005006701, 0.00014331115, 0.00014331115, -0.00017867949, 10.034889, 0.00046530177, 0.00046530177, 0.00046530177, -0.0011446514
2.831, -0.00017867949, 0.00046530177, 0.00014331115, -0.0005006701, 10.035855, 0.00014331115, -0.00082266075, 0.00046530177, 0.00014331115
2.832, -0.0005006701, -0.00017867949, 0.00014331115, 0.00046530177, 10.034889, 0.00046530177, -0.00017867949, 0.00014331115, -0.00017867949
2.833, -0.00082266075, -0.0005006701, 0.00014331115, 0.00014331115, 10.035534, -0.0005006701, -0.00017867949, 0.00014331115, -0.00017867949
2.834, -0.00017867949, 0.00014331115, -0.00017867949, 0.00046530177, 10.033924, -0.0005006701, -0.0005006701, 0.00014331115, -0.00017867949
2.835, 0.00046530177, 0.00014331115, 0.00014331115, -0.0005006701, 10.034568, 0.00046530177, -0.0005006701, 0.00046530177, -0.0005006701
2.836, 0.00046530177, 0.00014331115, -0.0005006701, 0.00046530177, 10.035212, -0.00017867949, -0.00017867949, 0.00046530177, -0.00082266075
2.837, -0.00082266075, 0.00078729243, 0.00046530177, -0.0005006701, 10.035212, -0.0005006701, -0.0005006701, -0.00017867949, -0.00017867949
2.838, 0.00014331115, 0.00046530177, 0.00046530177, 0.00014331115, 10.036178, -0.00017867949, -0.00017867949, 0.00014331115, -0.0005006701
2.839, 0.00014331115, 0.0011092831, 0.00046530177, 0.00046530177, 10.035855, -0.00017867949, -0.0005006701, 0.00078729243, -0.00017867949
2.84, 0.00046530177, -0.00017867949, 0.00014331115, 0.00014331115, 10.033924, -0.00017867949, -0.0005006701, -0.00017867949, -0.0005006701
2.841, 0.00014331115, 0.00046530177, 0.00046530177, 0.00014331115, 10.0342455, 0.00046530177, -0.0005006701, 0.00046530177, 0.00046530177
2.842, 0.00078729243, 0.00014331115, 0.00046530177, 0.00014331115, 10.036178, 0.00046530177, -0.00017867949, -0.00017867949, -0.0005006701
2.843, -0.00017867949, 0.00078729243, 0.00014331115, -0.00017867949, 10.035212, 0.00014331115, 0.00014331115, 0.00014331115, -0.0005006701
2.844, -0.0005006701, 0.00046530177, 0.00014331115, -0.00017867949, 10.034568, -0.0005006701, -0.0005006701, 0.00014331115, -0.0005006701
2.845, -0.00017867949, -0.00017867949, 0.00014331115, 0.00014331115, 10.0342455, 0.00014331115, 0.00014331115, 0.00046530177, -0.00017867949
2.846, 0.00014331115, 0.00046530177, 0.00046530177, 0.00014331115, 10.034568, 0.00046530177, 0.00014331115, 0.00046530177, -0.00017867949
2.847, 0.00046530177, -0.00017867949, 0.00046530177, 0.00014331115, 10.035212, -0.00017867949, -0.00017867949, 0.00014331115, -0.00017867949
2.848, -0.00017867949, 0.00014331115, -0.00017867949, -0.0005006701, 10.035855, 0.00014331115, 0.00014331115, 0.00078729243, -0.0005006701
2.849, 0.00014331115, 0.00046530177, 0.00014331115, 0.00014331115, 10.035855, 0.00014331115, 0.00014331115, 0.00078729243, -0.00017867949
2.85, -0.0005006701, -0.00017867949, 0.00014331115, 0.00046530177, 10.0342455, -0.00017867949, -0.0005006701, 0.00046530177, 0.00014331115
2.851, -0.00017867949, 0.00046530177, 0.00046530177, 0.00014331115, 10.035212, 0.00046530177, 0.00014331115, 0.00014331115, -0.00017867949
2.852, -0.0005006701, 0.00014331115, -0.00017867949, 0.00046530177, 10.033602, 0.00014331115, 0.00046530177, 0.00014331115, -0.00017867949
2.853, 0.00014331115, 0.00014331115, 0.00014331115, -0.0005006701, 10.035855, 0.00078729243, 0.00014331115, 0.00014331115, -0.00017867949
2.854, 0.00014331115, 0.00014331115, -0.00017867949, -0.0005006701, 10.034568, 0.00046530177, -0.00017867949, 0.00046530177, -0.0005006701
2.855, -0.00017867949, -0.00017867949, 0.00014331115, -0.00017867949, 10.035534, 0.00014331115, -0.0005006701, 0.00078729243, -0.00017867949
2.856, -0.00017867949, 0.00014331115, 0.00014331115, -0.00017867949, 10.035212, 0.00014331115, -0.00082266075, 0.00078729243, 0.00046530177
2.857, -0.00017867949, 0.0011092831, -0.0005006701, -0.00017867949, 10.033602, 0.00014331115, 0.00014331115, 0.00078729243, -0.0005006701
2.858, -0.00017867949, 0.00046530177, 0.00014331115, 0.00046530177, 10.036178, 0.00046530177, -0.00017867949, -0.00017867949, -0.0005006701
2.859, -0.00017867949, 0.00078729243, 0.00014331115, 0.00014331115, 10.035212, 0.00078729243, 0.00014331115, 0.00046530177, -0.00017867949
2.86, -0.0005006701, 0.00014331115, 0.00014331115, -0.00017867949, 10.0365, 0.00014331115, -0.00082266075, 0.00014331115, -0.00017867949
2.861, 0.00014331115, 0.00014331115, -0.0005006701, 0.00046530177, 10.034889, -0.00017867949, -0.00017867949, 0.00078729243, -0.00082266075
2.862, -0.0005006701, -0.0005006701, -0.00017867949, -0.0005006701, 10.033924, -0.00017867949, -0.00017867949, 0.00078729243, -0.00017867949
2.863, 0.00014331115, 0.00014331115, -0.00017867949, 0.00014331115, 10.034568, 0.00046530177, 0.00014331115, 0.00014331115, -0.0005006701
2.864, 0.00014331115, 0.00078729243, -0.0005006701, 0.00014331115, 10.035534, -0.00017867949, 0.00046530177, 0.00046530177, 0.00014331115
2.865, -0.00017867949, 0.00014331115, -0.00017867949, -0.00017867949, 10.035534, 0.00014331115, -0.0005006701, 0.00046530177, -0.00017867949
2.866, -0.00017867949, 0.00046530177, 0.00046530177, -0.00017867949, 10.034568, 0.00014331115, -0.00017867949, 0.00014331115, 0.00014331115
2.867, 0.00014331115, 0.00046530177, -0.00017867949, 0.00014331115, 10.035212, -0.00017867949, -0.0005006701, 0.00078729243, -0.0005006701
2.868, -0.0005006701, 0.00014331115, -0.00017867949, -0.00017867949, 10.035534, 0.00014331115, -0.0005006701, 0.00078729243, -0.0005006701
2.869, -0.0005006701, -0.00017867949, 0.00014331115, -0.0005006701, 10.036178, -0.00017867949, 0.00014331115, 0.00014331115, -0.00082266075
2.87, -0.00017867949, 0.00046530177, 0.00046530177, -0.00017867949, 10.035534, 0.00078729243, -0.0005006701, -0.00017867949, -0.0005006701
2.871, -0.0005006701, 0.00046530177, 0.00014331115, -0.00017867949, 10.035855, 0.00014331115, -0.00017867949, 0.00046530177, -0.00017867949
2.872, 0.00014331115, 0.00046530177, 0.00014331115, 0.00014331115, 10.035212, -0.00017867949, -0.00017867949, 0.00014331115, 0.00014331115
2.873, -0.00017867949, 0.00014331115, -0.0005006701, -0.0005006701, 10.033924, 0.00046530177, -0.0005006701, 0.00014331115, -0.0005006701
2.874, -0.00017867949, 0.00014331115, 0.00046530177, -0.00017867949, 10.034568, 0.00046530177, -0.0005006701, 0.00046530177, -0.0005006701
2.875, -0.00017867949, 0.00046530177, 0.00014331115, -0.0005006701, 10.033279, 0.00014331115, 0.00046530177, 0.00046530177, -0.00082266075
2.876, -0.0005006701, 0.00046530177, 0.00014331115, -0.00017867949, 10.034568, 0.00014331115, -0.00017867949, 0.00078729243, -0.0005006701
2.8770000000000002, 0.00014331115, -0.00017867949, -0.00017867949, 0.00014331115, 10.034568, -0.00017867949, -0.0005006701, 0.00046530177, -0.00017867949
2.878, 0.00046530177, 0.00046530177, 0.00046530177, 0.00014331115, 10.035212, 0.00014331115, -0.00017867949, -0.00017867949, 0.00014331115
2.879, 0.00014331115, 0.00046530177, 0.00014331115, -0.00017867949, 10.035212, 0.00014331115, 0.00014331115, 0.00014331115, -0.00017867949
2.88, -0.00017867949, 0.00078729243, 0.00046530177, 0.00014331115, 10.035855, -0.00017867949, -0.00017867949, 0.00014331115, -0.00017867949
2.8810000000000002, 0.00014331115, 0.00046530177, 0.00014331115, -0.0005006701, 10.036178, 0.00078729243, 0.00014331115, 0.00078729243, 0.00014331115
2.882, -0.00017867949, 0.00046530177, 0.00014331115, 0.00014331115, 10.034889, 0.00014331115, -0.00017867949, 0.00046530177, 0.00014331115
2.883, 0.00014331115, 0.00014331115, -0.0005006701, -0.0005006701, 10.035212, 0.00014331115, -0.00082266075, 0.00078729243, -0.0005006701
2.884, -0.00017867949, -0.0005006701, -0.0005006701, -0.0005006701, 10.033924, 0.00078729243, -0.0005006701, 0.00014331115, -0.0011446514
2.8850000000000002, 0.00014331115, 0.00046530177, -0.00017867949, -0.00017867949, 10.034568, 0.00014331115, -0.0005006701, 0.00014331115, -0.0005006701
2.886, 0.00014331115, 0.00014331115, 0.00014331115, -0.0005006701, 10.0342455, -0.00017867949, 0.00014331115, 0.00014331115, -0.0005006701
2.887, -0.0005006701, -0.00017867949, 0.00014331115, -0.00017867949, 10.034889, -0.00017867949, -0.00017867949, 0.00078729243, -0.00017867949
2.888, -0.00017867949, 0.00078729243, -0.00017867949, -0.0005006701, 10.035212, 0.00046530177, -0.00017867949, 0.00046530177, -0.00017867949
2.8890000000000002, -0.00017867949, 0.00046530177, -0.00017867949, -0.0005006701, 10.036178, -0.0005006701, -0.00017867949, 0.00014331115, -0.00017867949
2.89, -0.00082266075, 0.00014331115, -0.00017867949, 0.00014331115, 10.0365, -0.00017867949, -0.00017867949, 0.00046530177, -0.00017867949
2.891, -0.00017867949, 0.00014331115, -0.00017867949, -0.0005006701, 10.035212, 0.00014331115, -0.00017867949, 0.00014331115, -0.00017867949
2.892, -0.00017867949, 0.00014331115, 0.00014331115, 0.00014331115, 10.035534, -0.00017867949, -0.00017867949, 0.00046530177, -0.00082266075
2.8930000000000002, 0.00046530177, -0.0005006701, -0.00017867949, -0.00017867949, 10.035212, 0.00014331115, -0.0005006701, 0.00046530177, -0.0005006701
2.894, -0.00082266075, 0.00014331115, 0.00014331115, 0.00014331115, 10.035855, 0.00014331115, 0.00014331115, -0.00017867949, -0.0005006701
2.895, 0.00014331115, 0.00014331115, -0.0005006701, -0.00017867949, 10.0342455, 0.00014331115, -0.00017867949, 0.00078729243, -0.00017867949
2.896, 0.00014331115, 0.00046530177, 0.00014331115, -0.00082266075, 10.035212, -0.00017867949, -0.00017867949, 0.00014331115, -0.0005006701
2.8970000000000002, -0.0005006701, -0.0005006701, -0.0005006701, 0.00014331115, 10.034568, 0.00046530177, 0.00014331115, 0.00046530177, -0.0005006701
2.898, 0.00014331115, 0.00014331115, 0.00046530177, -0.0005006701, 10.034889, 0.00046530177, -0.00017867949, -0.00017867949, -0.00082266075
2.899, 0.00014331115, 0.00014331115, 0.00014331115, -0.00017867949, 10.035855, 0.00078729243, -0.00017867949, 0.00014331115, -0.0005006701
2.9, -0.0005006701, 0.00078729243, 0.00014331115, 0.00014331115, 10.034568, -0.00017867949, 0.00014331115, 0.00078729243, -0.0005006701
2.9010000000000002, -0.0005006701, 0.00046530177, 0.00014331115, -0.00017867949, 10.034889, -0.00017867949, -0.00017867949, 0.00046530177, -0.0005006701
2.902, -0.00017867949, -0.0005006701, 0.00014331115, 0.00014331115, 10.034568, 0.00046530177, -0.0005006701, 0.00014331115, 0.00014331115
2.903, 0.00014331115, -0.0005006701, -0.00017867949, -0.00017867949, 10.036178, 0.00046530177, 0.00014331115, -0.00017867949, -0.00082266075
2.904, -0.00017867949, 0.00046530177, 0.00014331115, 0.00014331115, 10.035534, -0.00017867949, -0.00017867949, 0.00046530177, -0.00082266075
2.9050000000000002, 0.00046530177, 0.00014331115, -0.00017867949, -0.0005006701, 10.035534, -0.00017867949, -0.00017867949, 0.00046530177, -0.00017867949
2.906, -0.00017867949, 0.00014331115, -0.00017867949, -0.00017867949, 10.0342455, 0.00014331115, 0.00014331115, 0.00014331115, -0.0005006701
2.907, 0.00014331115, 0.00078729243, 0.00014331115, -0.00017867949, 10.034568, 0.00014331115, -0.0005006701, 0.00014331115, -0.0005006701
2.908, 0.00014331115, 0.00046530177, 0.00014331115, 0.00014331115, 10.034568, 0.00014331115, -0.0005006701, -0.00017867949, -0.00082266075
2.9090000000000003, -0.0005006701, 0.00014331115, 0.00014331115, -0.0005006701, 10.034889, 0.00014331115, 0.00046530177, 0.00046530177, -0.00017867949
2.91, -0.0005006701, -0.00017867949, 0.00046530177, -0.0005006701, 10.035855, 0.00014331115, -0.00017867949, 0.00014331115, 0.00014331115
2.911, -0.00017867949, -0.00017867949, -0.00017867949, -0.0005006701, 10.034889, 0.00014331115, -0.0005006701, 0.00014331115, -0.0005006701
2.912, -0.0005006701, 0.00078729243, -0.0005006701, -0.00017867949, 10.035212, 0.00014331115, -0.00017867949, 0.00014331115, -0.00017867949
2.9130000000000003, -0.00017867949, 0.00078729243, 0.00014331115, -0.00017867949, 10.033924, -0.00017867949, -0.00017867949, 0.00046530177, 0.00014331115
2.914, -0.00082266075, 0.00014331115, -0.00017867949, 0.00014331115, 10.0342455, -0.00017867949, -0.00017867949, 0.00046530177, 0.00014331115
2.915, 0.00014331115, -0.0005006701, -0.00017867949, 0.00014331115, 10.035212, 0.00014331115, 0.00014331115, 0.00046530177, -0.00017867949
2.916, 0.00014331115, 0.00014331115, -0.0005006701, 0.00014331115, 10.035534, 0.00046530177, -0.00082266075, 0.00046530177, -0.00082266075
2.9170000000000003, -0.00017867949, 0.00046530177, -0.00017867949, -0.0005006701, 10.035212, 0.00014331115, -0.00017867949, -0.00082266075, -0.00017867949
2.918, -0.00017867949, -0.00082266075, -0.00017867949, -0.0005006701, 10.034568, -0.00017867949, -0.00017867949, 0.00046530177, -0.0011446514
2.919, -0.00017867949, 0.00014331115, 0.00014331115, 0.00046530177, 10.034568, 0.00046530177, 0.00014331115, -0.00017867949, -0.00017867949
2.92, -0.00017867949, 0.00014331115, 0.00014331115, 0.00046530177, 10.032636, -0.0005006701, 0.00046530177, 0.00046530177, -0.0011446514
2.9210000000000003, 0.00014331115, -0.00017867949, -0.00017867949, -0.00017867949, 10.035212, 0.00014331115, -0.0005006701, 0.00014331115, -0.00017867949
2.922, 0.00014331115, 0.00014331115, -0.00017867949, -0.0005006701, 10.035212, 0.00014331115, -0.00017867949, 0.00014331115, -0.00017867949
2.923, -0.00017867949, 0.00078729243, -0.00017867949, 0.00014331115, 10.035212, -0.00017867949, 0.00014331115, 0.00046530177, -0.00017867949
2.924, 0.00014331115, -0.00017867949, -0.00017867949, 0.00014331115, 10.035534, 0.00014331115, -0.00017867949, 0.00046530177, -0.0005006701
2.9250000000000003, -0.00017867949, -0.0005006701, 0.00014331115, -0.00017867949, 10.034568, -0.00017867949, 0.00014331115, 0.00078729243, -0.00017867949
2.926, -0.0005006701, -0.00082266075, 0.00078729243, -0.00017867949, 10.035855, -0.00017867949, -0.0005006701, -0.0005006701, -0.00082266075
2.927, -0.00017867949, -0.0005006701, -0.00017867949, -0.00017867949, 10.035534, -0.00017867949, -0.0005006701, 0.00078729243, -0.00017867949
2.928, -0.00017867949, 0.00046530177, -0.00017867949, 0.00014331115, 10.035212, 0.00014331115, -0.00017867949, 0.00014331115, -0.00017867949
2.9290000000000003, -0.00017867949, -0.0005006701, -0.0005006701, -0.00017867949, 10.034568, 0.00014331115, 0.00014331115, 0.00014331115, 0.00014331115
2.93, -0.00017867949, 0.00014331115, -0.00017867949, -0.0005006701, 10.035855, -0.0005006701, -0.00017867949, -0.00017867949, -0.00017867949
2.931, 0.00014331115, -0.00017867949, -0.00017867949, -0.0005006701, 10.035212, 0.00014331115, 0.00014331115, 0.00046530177, -0.00017867949
2.932, -0.00017867949, 0.00046530177, -0.00017867949, 0.00014331115, 10.034889, 0.00014331115, 0.00014331115, -0.00017867949, -0.00082266075
2.9330000000000003, 0.00014331115, 0.00014331115, 0.00014331115, -0.0005006701, 10.034889, 0.00046530177, -0.0005006701, -0.00017867949, -0.00017867949
2.934, -0.0005006701, 0.00014331115, 0.00014331115, 0.00046530177, 10.033924, -0.00017867949, -0.00017867949, 0.00014331115, -0.00017867949
2.935, 0.00046530177, 0.00014331115, 0.00014331115, 0.00014331115, 10.035212, -0.00017867949, -0.00017867949, -0.00017867949, -0.00017867949
2.936, 0.00014331115, 0.00046530177, 0.00046530177, 0.00014331115, 10.033924, 0.00014331115, -0.0005006701, -0.00017867949, -0.00017867949
2.9370000000000003, -0.00082266075, 0.00014331115, 0.00014331115, -0.00017867949, 10.035212, -0.00017867949, 0.00014331115, 0.00078729243, -0.00017867949
2.938, 0.00078729243, -0.0005006701, 0.00014331115, 0.00014331115, 10.034889, -0.0005006701, -0.00017867949, 0.00078729243, -0.0005006701
2.939, -0.00082266075, 0.00046530177, 0.00014331115, 0.00046530177, 10.035212, 0.00014331115, -0.0005006701, 0.00014331115, 0.00014331115
2.94, -0.0005006701, 0.00046530177, -0.00017867949, -0.00017867949, 10.036178, -0.0005006701, -0.0005006701, 0.00014331115, 0.00014331115
2.9410000000000003, -0.00017867949, 0.00014331115, 0.00014331115, 0.00014331115, 10.035534, 0.00014331115, -0.00017867949, 0.00014331115, -0.00082266075
2.942, 0.00014331115, 0.00046530177, 0.00014331115, 0.00046530177, 10.0342455, 0.00046530177, 0.00014331115, -0.00017867949, -0.0005006701
2.943, -0.0005006701, -0.00017867949, -0.0005006701, -0.00017867949, 10.034568, 0.00014331115, 0.00046530177, -0.00017867949, 0.00046530177
2.944, -0.00017867949, 0.00014331115, -0.00017867949, -0.00017867949, 10.034568, 0.00014331115, 0.00014331115, -0.00017867949, -0.00017867949
2.945, -0.00017867949, 0.00046530177, -0.00017867949, 0.00014331115, 10.0342455, -0.00017867949, 0.00014331115, 0.00046530177, -0.00082266075
2.946, 0.00046530177, 0.00078729243, 0.00046530177, -0.00017867949, 10.035212, 0.00014331115, -0.00082266075, -0.00017867949, 0.00046530177
2.947, -0.0005006701, 0.00046530177, -0.00017867949, -0.00017867949, 10.034889, -0.00017867949, -0.0005006701, 0.00014331115, 0.00014331115
2.948, -0.00017867949, 0.00046530177, 0.00046530177, -0.00017867949, 10.034568, 0.00014331115, -0.00017867949, 0.00014331115, -0.0005006701
2.949, -0.00017867949, -0.00017867949, 0.00014331115, 0.00014331115, 10.034889, -0.00017867949, -0.00017867949, 0.00014331115, -0.0005006701
2.95, -0.0005006701, 0.00014331115, -0.00017867949, 0.00014331115, 10.033602, 0.00014331115, -0.0005006701, 0.00014331115, 0.00014331115
2.951, 0.00046530177, -0.00017867949, -0.00017867949, 0.00014331115, 10.034568, 0.00078729243, -0.00017867949, 0.00046530177, 0.00046530177
2.952, -0.00082266075, 0.00046530177, 0.00014331115, 0.00014331115, 10.0342455, -0.00017867949, -0.00017867949, 0.00078729243, 0.00014331115
2.953, 0.00014331115, -0.00017867949, -0.00017867949, 0.00014331115, 10.034568, 0.00014331115, -0.00017867949, 0.00046530177, 0.00014331115
2.954, 0.00014331115, 0.00014331115, -0.00017867949, -0.00017867949, 10.033924, -0.00017867949, -0.0005006701, 0.00014331115, -0.0005006701
2.955, -0.00082266075, 0.00078729243, 0.00014331115, -0.00017867949, 10.034889, -0.00017867949, 0.00046530177, 0.00014331115, 0.00014331115
2.956, -0.0005006701, 0.00078729243, 0.00014331115, -0.0005006701, 10.034889, 0.00014331115, 0.00014331115, 0.00014331115, -0.0005006701
2.957, 0.00014331115, 0.00014331115, -0.00017867949, -0.00017867949, 10.034889, -0.00082266075, -0.00017867949, 0.00046530177, -0.00082266075
2.958, 0.00046530177, 0.00046530177, -0.00017867949, 0.00014331115, 10.034889, 0.00014331115, -0.00017867949, 0.00046530177, 0.00014331115
2.959, -0.00017867949, 0.00046530177, 0.00046530177, 0.00078729243, 10.0342455, 0.00014331115, -0.00017867949, 0.00078729243, -0.00082266075
2.96, 0.00014331115, 0.00046530177, 0.00014331115, -0.00017867949, 10.036178, 0.00014331115, -0.00082266075, 0.00078729243, -0.00082266075
2.961, 0.00014331115, 0.0011092831, 0.00046530177, -0.00017867949, 10.0342455, 0.00014331115, 0.00014331115, 0.00046530177, -0.0005006701
2.962, 0.00046530177, 0.00078729243, -0.00017867949, -0.0005006701, 10.034889, -0.00017867949, -0.00017867949, 0.00014331115, -0.00017867949
2.963, 0.00014331115, 0.00014331115, -0.0005006701, -0.0005006701, 10.033924, 0.00014331115, -0.00017867949, 0.00046530177, -0.00082266075
2.964, 0.00046530177, 0.00014331115, 0.00014331115, -0.0005006701, 10.035855, 0.00014331115, -0.0005006701, 0.00046530177, -0.00017867949
2.965, 0.00046530177, 0.00014331115, -0.00017867949, 0.00014331115, 10.034568, 0.00014331115, -0.00017867949, 0.00046530177, -0.0005006701
2.966, -0.0005006701, -0.00017867949, -0.0011446514, 0.00014331115, 10.034568, 0.00014331115, -0.0005006701, 0.00014331115, -0.00017867949
2.967, -0.00017867949, 0.00078729243, -0.00017867949, -0.00017867949, 10.034568, 0.00014331115, -0.0005006701, 0.00014331115, -0.00017867949
2.968, -0.0011446514, 0.00046530177, -0.00017867949, 0.00046530177, 10.033924, 0.00014331115, -0.0005006701, 0.00046530177, -0.00017867949
2.969, -0.00017867949, -0.00017867949, -0.00082266075, -0.00017867949, 10.0342455, 0.00014331115, -0.00017867949, 0.00046530177, -0.00017867949
2.97, 0.00014331115, 0.00046530177, 0.00014331115, 0.00014331115, 10.034889, -0.00017867949, -0.0005006701, 0.00014331115, -0.00082266075
2.971, -0.00082266075, 0.00014331115, -0.00017867949, 0.00014331115, 10.035855, -0.00017867949, 0.00014331115, 0.00078729243, 0.00014331115
2.972, -0.00017867949, 0.00014331115, -0.0005006701, 0.00014331115, 10.035212, 0.00046530177, -0.0005006701, 0.00014331115, -0.0005006701
2.973, -0.00017867949, 0.00046530177, 0.00014331115, -0.00017867949, 10.034568, 0.00046530177, -0.00017867949, 0.00046530177, -0.00017867949
2.974, 0.00046530177, 0.00014331115, -0.00017867949, 0.00014331115, 10.035534, -0.00017867949, -0.0005006701, 0.00078729243, -0.00082266075
2.975, 0.00014331115, 0.00014331115, -0.00017867949, 0.00014331115, 10.035855, 0.00014331115, -0.00017867949, 0.00046530177, -0.0011446514
2.976, -0.00017867949, -0.00017867949, -0.0005006701, -0.0005006701, 10.035855, -0.0005006701, -0.00017867949, 0.00046530177, -0.0005006701
2.977, -0.0005006701, 0.00046530177, -0.00017867949, -0.00017867949, 10.035212, -0.00017867949, -0.00017867949, 0.00014331115, -0.0005006701
2.978, -0.00017867949, 0.00014331115, 0.00014331115, 0.00014331115, 10.035534, -0.0005006701, -0.00017867949, -0.00017867949, -0.00017867949
2.979, 0.00014331115, -0.00017867949, -0.00017867949, -0.00017867949, 10.034568, 0.00014331115, -0.0005006701, 0.00014331115, -0.00082266075
2.98, 0.00046530177, 0.00014331115, -0.00017867949, 0.00014331115, 10.035534, 0.00046530177, -0.00017867949, 0.00046530177, 0.00014331115
2.981, -0.00017867949, 0.00046530177, 0.00014331115, -0.00017867949, 10.0342455, -0.00017867949, 0.00014331115, 0.00046530177, -0.00017867949
2.982, -0.0005006701, -0.0005006701, 0.00014331115, -0.00017867949, 10.035534, -0.00017867949, -0.0005006701, 0.00014331115, -0.0005006701
2.983, -0.0005006701, 0.00046530177, -0.00017867949, 0.00046530177, 10.034889, -0.00017867949, -0.00017867949, 0.00014331115, -0.0011446514
2.984, -0.00017867949, 0.00046530177, 0.00014331115, 0.00014331115, 10.034889, 0.00046530177, -0.00017867949, 0.00014331115, -0.0005006701
2.985, 0.00046530177, -0.00017867949, 0.00046530177, -0.00017867949, 10.035212, 0.00014331115, -0.00017867949, -0.00017867949, -0.00017867949
2.986, 0.00014331115, 0.00078729243, 0.00014331115, -0.00017867949, 10.034568, 0.00078729243, -0.00017867949, 0.00046530177, -0.00017867949
2.987, 0.00014331115, 0.00014331115, -0.00017867949, 0.00046530177, 10.035534, 0.00014331115, -0.0005006701, 0.00014331115, -0.0005006701
2.988, 0.00014331115, 0.00014331115, 0.00046530177, -0.00017867949, 10.0342455, 0.00014331115, 0.00014331115, -0.0005006701, 0.00014331115
2.989, -0.00017867949, 0.00014331115, -0.00017867949, 0.00014331115, 10.035534, -0.00017867949, -0.0005006701, 0.00014331115, 0.00014331115
2.99, 0.00014331115, 0.00014331115, -0.00017867949, -0.00017867949, 10.034889, 0.00046530177, -0.0005006701, -0.00017867949, -0.00017867949
2.991, -0.0005006701, -0.00082266075, -0.0005006701, 0.00014331115, 10.035534, -0.00017867949, 0.00014331115, 0.00046530177, -0.00082266075
2.992, -0.0005006701, 0.00046530177, 0.00046530177, -0.0005006701, 10.035855, -0.0005006701, -0.0005006701, 0.00014331115, -0.00017867949
2.993, -0.00017867949, 0.00046530177, 0.00014331115, 0.00046530177, 10.035534, 0.00014331115, -0.00017867949, 0.00046530177, -0.00082266075
2.994, -0.0005006701, 0.00046530177, 0.00014331115, 0.00014331115, 10.035212, 0.00014331115, 0.00014331115, 0.00014331115, -0.00017867949
2.995, -0.00017867949, 0.00014331115, -0.00017867949, -0.0005006701, 10.034568, -0.00017867949, 0.00014331115, 0.00078729243, -0.00017867949
2.996, -0.00082266075, 0.00046530177, 0.00014331115, -0.00017867949, 10.035534, -0.00017867949, -0.0005006701, 0.00078729243, -0.00017867949
2.997, 0.00014331115, 0.00046530177, -0.0005006701, 0.00014331115, 10.033924, 0.00014331115, 0.00046530177, -0.00017867949, -0.00017867949
2.998, -0.00017867949, -0.00017867949, -0.00017867949, 0.00046530177, 10.034889, 0.00078729243, -0.0005006701, 0.00078729243, -0.0005006701
2.999, 0.00014331115, 0.00014331115, 0.00014331115, 0.00014331115, 10.034889, -0.0005006701, -0.0005006701, 0.00046530177, -0.00017867949
3.0, 0.00014331115, 0.00046530177, 0.00014331115, -0.0005006701, 10.035855, -0.00017867949, 0.00014331115, 0.00014331115, -0.0005006701
3.001, -0.00017867949, 0.00014331115, 0.00046530177, 0.00014331115, 10.036821, 0.00014331115, -0.0005006701, 0.00046530177, -0.00017867949
3.0020000000000002, -0.00082266075, -0.0005006701, -0.0005006701, -0.0005006701, 10.035534, -0.00017867949, -0.0005006701, 0.00046530177, -0.00017867949
3.003, 0.00014331115, 0.00014331115, 0.00014331115, -0.00017867949, 10.034889, 0.00014331115, 0.00014331115, 0.00078729243, 0.00014331115
3.004, -0.0005006701, 0.00046530177, 0.00078729243, 0.00078729243, 10.0342455, -0.00017867949, -0.00082266075, 0.00078729243, -0.00017867949
3.005, -0.0005006701, 0.00014331115, -0.0005006701, -0.00017867949, 10.0342455, 0.00014331115, 0.00014331115, 0.00014331115, 0.00014331115
3.0060000000000002, -0.00017867949, -0.0005006701, -0.00017867949, 0.00014331115, 10.034568, 0.00014331115, 0.00014331115, 0.00046530177, 0.00014331115
3.007, -0.00017867949, 0.00046530177, -0.0005006701, 0.00046530177, 10.034568, 0.00014331115, -0.0005006701, 0.00014331115, -0.0005006701
3.008, -0.00017867949, -0.00017867949, 0.00014331115, -0.00017867949, 10.035534, 0.00014331115, 0.00014331115, 0.00046530177, -0.00017867949
3.009, 0.00014331115, 0.00014331115, 0.00014331115, 0.00046530177, 10.035534, -0.00017867949, -0.00017867949, 0.00014331115, 0.00014331115
3.0100000000000002, -0.00017867949, 0.00014331115, 0.00014331115, 0.00014331115, 10.034568, -0.00017867949, 0.00014331115, 0.00046530177, -0.00017867949
3.011, -0.0005006701, -0.0005006701, 0.00014331115, -0.00082266075, 10.035212, -0.00017867949, 0.00014331115, 0.00046530177, -0.00017867949
3.012, -0.00017867949, 0.00014331115, -0.00017867949, 0.00014331115, 10.035534, -0.00017867949, -0.0005006701, 0.00046530177, -0.00017867949
3.013, -0.0005006701, 0.00014331115, -0.00017867949, -0.0005006701, 10.035212, 0.00046530177, 0.00014331115, 0.00046530177, -0.00017867949
3.0140000000000002, -0.00017867949, 0.00014331115, 0.00046530177, -0.00017867949, 10.035855, -0.0005006701, 0.00014331115, 0.00014331115, -0.00017867949
3.015, 0.00014331115, 0.00078729243, 0.00014331115, 0.00014331115, 10.035212, -0.00017867949, -0.0005006701, 0.00046530177, 0.00014331115
3.016, -0.0005006701, 0.00046530177, -0.00017867949, -0.00017867949, 10.034889, 0.00046530177, 0.00014331115, 0.00078729243, -0.00017867949
3.017, 0.00078729243, 0.00046530177, 0.00046530177, 0.00014331115, 10.033924, 0.00046530177, -0.00082266075, 0.00078729243, 0.00014331115
3.0180000000000002, -0.00017867949, 0.00014331115, 0.00014331115, -0.00017867949, 10.033924, 0.00014331115, -0.00017867949, 0.00046530177, 0.00014331115
3.019, 0.00014331115, 0.00014331115, 0.00014331115, 0.00014331115, 10.0342455, 0.00014331115, 0.00014331115, 0.00046530177, -0.00017867949
3.02, 0.00014331115, 0.00014331115, 0.00014331115, -0.0005006701, 10.033602, 0.00046530177, 0.00046530177, 0.00046530177, 0.00014331115
3.021, 0.00014331115, 0.00014331115, 0.00014331115, -0.00017867949, 10.0342455, 0.00014331115, 0.00014331115, 0.00014331115, -0.00082266075
3.0220000000000002, 0.00014331115, 0.00078729243, 0.00014331115, -0.00017867949, 10.0342455, 0.00014331115, 0.00014331115, 0.00014331115, -0.00017867949
3.023, -0.00017867949, -0.00017867949, 0.00014331115, 0.00014331115, 10.034889, -0.00082266075, -0.00082266075, 0.00046530177, -0.0005006701
3.024, 0.00014331115, 0.00046530177, -0.0005006701, -0.00017867949, 10.034568, -0.00017867949, -0.0005006701, 0.00014331115, -0.00082266075
3.025, -0.00017867949, 0.00046530177, -0.0005006701, 0.00014331115, 10.035212, 0.00014331115, -0.00017867949, 0.00046530177, -0.0005006701
3.0260000000000002, -0.0005006701, 0.00014331115, -0.00017867949, 0.00014331115, 10.034568, 0.00014331115, -0.0005006701, 0.00078729243, -0.00082266075
3.027, -0.00017867949, 0.00046530177, -0.00017867949, -0.00017867949, 10.0342455, -0.00017867949, -0.00082266075, 0.00046530177, 0.00014331115
3.028, 0.00014331115, -0.0005006701, -0.00017867949, -0.00017867949, 10.034568, 0.00014331115, 0.00014331115, 0.00014331115, -0.0005006701
3.029, 0.00014331115, 0.00046530177, -0.00017867949, 0.00046530177, 10.0342455, -0.00017867949, -0.00017867949, 0.00046530177, -0.00017867949
3.0300000000000002, -0.00082266075, 0.00014331115, -0.00017867949, -0.0005006701, 10.034568, -0.00017867949, -0.0005006701, 0.00014331115, 0.00014331115
3.031, -0.00017867949, 0.00046530177, -0.00017867949, -0.00017867949, 10.033924, 0.00014331115, 0.00014331115, 0.00014331115, 0.00014331115
3.032, -0.00017867949, 0.00046530177, 0.00014331115, 0.00014331115, 10.035534, 0.00046530177, -0.0005006701, -0.00017867949, -0.0005006701
3.033, -0.00017867949, 0.00078729243, -0.00017867949, -0.00017867949, 10.033602, 0.00014331115, 0.00014331115, 0.00046530177, 0.00014331115
3.0340000000000003, 0.00014331115, 0.00078729243, -0.0005006701, 0.00014331115, 10.034568, 0.00014331115, -0.00017867949, -0.00017867949, -0.00017867949
3.035, -0.00017867949, -0.00017867949, -0.00017867949, 0.00046530177, 10.035212, -0.0005006701, -0.0005006701, 0.00014331115, -0.00017867949
3.036, -0.00017867949, -0.0005006701, -0.00017867949, 0.00014331115, 10.0342455, 0.00046530177, -0.0005006701, 0.00046530177, 0.00014331115
3.037, -0.0005006701, 0.00014331115, 0.00014331115, -0.00017867949, 10.034889, 0.00014331115, 0.00014331115, -0.00017867949, 0.00014331115
3.0380000000000003, -0.00017867949, 0.00046530177, -0.00017867949, 0.00014331115, 10.033602, 0.00014331115, 0.00014331115, 0.00046530177, -0.00017867949
3.039, 0.00046530177, -0.00017867949, -0.00017867949, -0.00017867949, 10.035212, 0.00014331115, -0.00017867949, 0.00046530177, -0.00017867949
3.04, 0.00014331115, 0.00014331115, -0.00017867949, -0.00017867949, 10.0342455, 0.00014331115, -0.0005006701, 0.00014331115, -0.00082266075
3.041, -0.00082266075, -0.00017867949, 0.00014331115, 0.00014331115, 10.035534, 0.00046530177, -0.00017867949, 0.00014331115, -0.0005006701
3.0420000000000003, 0.00014331115, -0.0005006701, -0.00017867949, 0.00014331115, 10.034889, 0.00046530177, -0.00017867949, 0.00046530177, 0.00014331115
3.043, -0.00017867949, -0.00017867949, -0.0005006701, -0.00017867949, 10.035212, 0.00014331115, -0.0005006701, -0.00017867949, -0.00017867949
3.044, -0.00082266075, 0.00014331115, -0.00017867949, -0.00017867949, 10.035212, 0.00014331115, 0.00014331115, 0.00046530177, -0.00017867949
3.045, 0.00014331115, 0.00014331115, -0.00017867949, -0.00017867949, 10.034568, -0.00017867949, -0.00017867949, 0.00014331115, -0.0005006701
3.0460000000000003, 0.00014331115, 0.00014331115, 0.00014331115, 0.00014331115, 10.035212, -0.00017867949, -0.00017867949, 0.00078729243, -0.0005006701
3.047, 0.00046530177, -0.00017867949, -0.00017867949, 0.00014331115, 10.0342455, -0.00082266075, -0.00017867949, 0.00046530177, -0.0005006701
3.048, 0.00046530177, 0.00046530177, -0.00082266075, -0.00017867949, 10.034889, 0.00014331115, -0.00017867949, 0.00014331115, -0.00017867949
3.049, -0.00017867949, -0.00017867949, 0.00014331115, 0.00014331115, 10.033924, 0.00046530177, -0.00017867949, 0.00046530177, -0.00017867949
3.0500000000000003, -0.00017867949, 0.00046530177, 0.00014331115, 0.00014331115, 10.034889, -0.00017867949, 0.00014331115, 0.00046530177, -0.00017867949
3.051, 0.00046530177, 0.00078729243, 0.00014331115, -0.00017867949, 10.034889, 0.00014331115, 0.00046530177, 0.00046530177, -0.0005006701
3.052, -0.00017867949, 0.00014331115, 0.00046530177, 0.00014331115, 10.034889, -0.00017867949, -0.00017867949, -0.00017867949, -0.00017867949
3.053, 0.00046530177, 0.00046530177, 0.00014331115, -0.00017867949, 10.035212, -0.00017867949, 0.00014331115, 0.00014331115, 0.00046530177
3.0540000000000003, -0.00082266075, 0.00014331115, -0.00017867949, -0.00017867949, 10.035212, 0.00014331115, 0.00014331115, 0.00046530177, -0.00017867949
3.055, -0.0005006701, -0.00017867949, -0.00017867949, 0.00014331115, 10.035212, -0.0005006701, 0.00014331115, 0.00046530177, -0.00017867949
3.056, -0.00017867949, 0.00014331115, 0.00014331115, -0.0005006701, 10.035212, 0.00046530177, 0.00014331115, 0.00046530177, -0.00017867949
3.057, 0.00014331115, 0.00078729243, -0.00017867949, -0.00017867949, 10.0365, 0.00046530177, -0.00017867949, 0.00014331115, -0.00017867949
3.0580000000000003, -0.00017867949, 0.00078729243, -0.0005006701, -0.00017867949, 10.035855, -0.00017867949, -0.00017867949, 0.00046530177, -0.0005006701
3.059, 0.00014331115, 0.00014331115, 0.00046530177, 0.00078729243, 10.035855, -0.0005006701, -0.00017867949, -0.00017867949, -0.0005006701
3.06, 0.00014331115, 0.00014331115, -0.00017867949, 0.00014331115, 10.035212, -0.0005006701, -0.00017867949, 0.00014331115, -0.00082266075
3.061, -0.00017867949, 0.00014331115, 0.00014331115, -0.00017867949, 10.034568, 0.00014331115, -0.0005006701, 0.00078729243, 0.00014331115
3.0620000000000003, -0.00017867949, -0.00017867949, -0.0005006701, -0.00017867949, 10.033924, 0.00046530177, 0.00014331115, 0.00014331115, -0.00017867949
3.063, 0.00014331115, -0.00017867949, -0.0005006701, 0.00014331115, 10.033602, -0.00017867949, -0.0005006701, 0.00046530177, -0.0005006701
3.064, 0.00014331115, 0.00046530177, 0.00046530177, 0.00046530177, 10.0342455, 0.00014331115, -0.0005006701, 0.00014331115, 0.00014331115
3.065, -0.0005006701, 0.00014331115, 0.00046530177, 0.00014331115, 10.034568, 0.00014331115, -0.0005006701, 0.00046530177, -0.00017867949
3.0660000000000003, 0.00046530177, -0.00017867949, -0.00017867949, -0.0005006701, 10.036178, -0.00017867949, -0.00017867949, -0.0005006701, -0.00017867949
3.067, -0.00017867949, 0.00014331115, 0.00014331115, 0.00014331115, 10.035534, 0.00046530177, -0.00017867949, 0.00078729243, -0.00017867949
3.068, -0.00082266075, 0.00046530177, 0.00014331115, -0.0005006701, 10.035534, 0.00014331115, 0.00046530177, 0.00046530177, 0.00014331115
3.069, 0.00014331115, 0.00046530177, -0.00017867949, 0.00014331115, 10.035534, 0.00014331115, -0.00017867949, 0.00014331115, -0.00017867949
3.0700000000000003, -0.0005006701, 0.00014331115, 0.00014331115, -0.00017867949, 10.036178, 0.00014331115, -0.00082266075, 0.00014331115, -0.0005006701
3.071, -0.0005006701, -0.00017867949, -0.0005006701, -0.00082266075, 10.035855, 0.00014331115, -0.0005006701, 0.00014331115, -0.00017867949
3.072, 0.00046530177, -0.00017867949, -0.00017867949, -0.00017867949, 10.035212, 0.00014331115, -0.00017867949, -0.00017867949, -0.0005006701
3.073, -0.00017867949, 0.00014331115, -0.0005006701, -0.00017867949, 10.035855, -0.00017867949, -0.00017867949, -0.00017867949, -0.0005006701
3.074, -0.00017867949, 0.00014331115, 0.00014331115, 0.00046530177, 10.034889, -0.00017867949, -0.00017867949, 0.00046530177, -0.00017867949
3.075, 0.00014331115, -0.00017867949, -0.00017867949, 0.00014331115, 10.036178, -0.0005006701, -0.0005006701, 0.00014331115, -0.0005006701
3.076, -0.0005006701, 0.00046530177, -0.0005006701, 0.00014331115, 10.035212, -0.00017867949, -0.0005006701, 0.00046530177, -0.00017867949
3.077, -0.0005006701, -0.00017867949, -0.00017867949, 0.00014331115, 10.035212, 0.00046530177, -0.00017867949, 0.00046530177, -0.0005006701
3.078, 0.00014331115, -0.00017867949, -0.00017867949, -0.00017867949, 10.033924, -0.0005006701, -0.00017867949, 0.00014331115, -0.00017867949
3.079, 0.00078729243, 0.00014331115, 0.00014331115, 0.00014331115, 10.034568, -0.00017867949, -0.00082266075, -0.00017867949, 0.00014331115
3.08, -0.0005006701, 0.00014331115, 0.00014331115, -0.00017867949, 10.0365, 0.00078729243, 0.00014331115, 0.00046530177, -0.00017867949
3.081, -0.00017867949, 0.00046530177, -0.00017867949, -0.0005006701, 10.035855, 0.00014331115, -0.00017867949, 0.00046530177, -0.00082266075
3.082, 0.00014331115, 0.00078729243, 0.00014331115, 0.00046530177, 10.035212, 0.00046530177, -0.00017867949, 0.00046530177, -0.0005006701
3.083, -0.00017867949, 0.00046530177, -0.0005006701, -0.00017867949, 10.034889, 0.00046530177, -0.00017867949, 0.00046530177, -0.00082266075
3.084, 0.00046530177, -0.0005006701, -0.00017867949, -0.00017867949, 10.035212, -0.0005006701, -0.0005006701, 0.00014331115, -0.00017867949
3.085, 0.00014331115, 0.00014331115, -0.0005006701, -0.0005006701, 10.034889, 0.00014331115, 0.00014331115, 0.00014331115, 0.00046530177
3.086, -0.00017867949, -0.0005006701, -0.0005006701, -0.00017867949, 10.033924, 0.00014331115, -0.00017867949, 0.00014331115, -0.0005006701
3.087, -0.00017867949, 0.00014331115, 0.00046530177, -0.0005006701, 10.033924, 0.00046530177, -0.00017867949, 0.00014331115, -0.00082266075
3.088, -0.0005006701, 0.00046530177, -0.00017867949, -0.00017867949, 10.034568, -0.00017867949, -0.00017867949, 0.00014331115, -0.0005006701
3.089, -0.00017867949, 0.00014331115, -0.00017867949, 0.00014331115, 10.035212, -0.00017867949, -0.0005006701, 0.00014331115, -0.0005006701
3.09, 0.00014331115, 0.00014331115, 0.00046530177, 0.00046530177, 10.035212, -0.0005006701, -0.00017867949, 0.00078729243, -0.00017867949
3.091, -0.00017867949, 0.00014331115, -0.00017867949, 0.00014331115, 10.035534, -0.00017867949, -0.00017867949, 0.00046530177, -0.00082266075
3.092, 0.00014331115, -0.00017867949, -0.00017867949, -0.0005006701, 10.036178, 0.00014331115, 0.00014331115, 0.00014331115, -0.0005006701
3.093, -0.00017867949, 0.00014331115, -0.00017867949, -0.00017867949, 10.036178, -0.00017867949, 0.00014331115, 0.00078729243, -0.0005006701
3.094, 0.00014331115, 0.00078729243, 0.00014331115, -0.00082266075, 10.034568, 0.00046530177, -0.00017867949, 0.00046530177, -0.00082266075
3.095, -0.0005006701, 0.00014331115, -0.00017867949, 0.00014331115, 10.034568, -0.00017867949, -0.00017867949, 0.00014331115, -0.00082266075
3.096, 0.00046530177, -0.00017867949, -0.00017867949, -0.00017867949, 10.034568, 0.00014331115, -0.0005006701, 0.00078729243, -0.0005006701
3.097, 0.00014331115, -0.00017867949, -0.00017867949, -0.00017867949, 10.033924, 0.00078729243, -0.0005006701, -0.00017867949, -0.0005006701
3.098, -0.00017867949, 0.00046530177, -0.00017867949, -0.00017867949, 10.0342455, 0.00078729243, 0.00046530177, 0.00014331115, -0.00017867949
3.099, 0.00014331115, 0.00046530177, -0.0005006701, -0.00017867949, 10.033924, 0.00046530177, 0.00014331115, -0.00017867949, -0.00082266075
3.1, 0.00014331115, 0.00046530177, -0.00017867949, -0.00082266075, 10.035855, -0.00017867949, 0.00014331115, 0.00046530177, 0.00014331115
3.101, -0.00017867949, 0.00046530177, 0.00046530177, -0.00017867949, 10.034889, -0.00017867949, 0.00014331115, 0.00014331115, -0.0005006701
3.102, -0.00017867949, -0.00017867949, -0.00017867949, -0.0005006701, 10.035212, 0.00014331115, 0.00046530177, 0.00046530177, 0.00014331115
3.103, 0.00014331115, -0.0005006701, -0.00017867949, 0.00046530177, 10.035855, 0.00014331115, -0.00082266075, 0.00078729243, -0.00017867949
3.104, -0.0005006701, 0.00014331115, -0.00017867949, 0.00046530177, 10.034568, 0.00014331115, 0.00078729243, 0.00014331115, 0.00014331115
3.105, 0.00014331115, 0.00078729243, 0.00046530177, 0.00046530177, 10.035212, -0.00017867949, -0.00017867949, 0.00046530177, -0.0005006701
3.106, -0.00017867949, 0.00046530177, -0.00017867949, -0.0005006701, 10.0342455, 0.00014331115, -0.0005006701, -0.00017867949, -0.00017867949
3.107, -0.00017867949, -0.00017867949, -0.0005006701, 0.0011092831, 10.035855, -0.0005006701, 0.00014331115, 0.00014331115, -0.00017867949
3.108, 0.00014331115, 0.00078729243, -0.00017867949, -0.00017867949, 10.034889, -0.00017867949, 0.00014331115, -0.00017867949, 0.00014331115
3.109, 0.00014331115, -0.00017867949, -0.00017867949, 0.00014331115, 10.035534, 0.00014331115, 0.00046530177, 0.00046530177, -0.00082266075
3.11, -0.0005006701, 0.00046530177, 0.00014331115, -0.00017867949, 10.035212, 0.00014331115, -0.0005006701, -0.00017867949, -0.00017867949
3.111, -0.00017867949, 0.0011092831, -0.00017867949, 0.00014331115, 10.035534, -0.0005006701, -0.00017867949, 0.00046530177, -0.0005006701
3.112, -0.0005006701, -0.0005006701, 0.00014331115, 0.00014331115, 10.035212, 0.00046530177, -0.00017867949, 0.00046530177, 0.00014331115
3.113, 0.00046530177, 0.00046530177, 0.00046530177, -0.00017867949, 10.035212, 0.00014331115, 0.00046530177, 0.00046530177, -0.00082266075
3.114, -0.00017867949, 0.00014331115, -0.00017867949, -0.00017867949, 10.035855, 0.00014331115, -0.0005006701, 0.00046530177, -0.00017867949
3.115, -0.00082266075, 0.00014331115, -0.00017867949, 0.00014331115, 10.034568, 0.00046530177, 0.00078729243, 0.00078729243, 0.00046530177
3.116, 0.00014331115, -0.00017867949, 0.00014331115, 0.00046530177, 10.034889, -0.00017867949, -0.00017867949, 0.00046530177, -0.00017867949
3.117, 0.00014331115, 0.00046530177, 0.00014331115, -0.0005006701, 10.034568, 0.00014331115, -0.00017867949, 0.00014331115, 0.00014331115
3.118, 0.00014331115, -0.00017867949, -0.00017867949, 0.00014331115, 10.034889, -0.00017867949, -0.00017867949, 0.00046530177, -0.0005006701
3.119, 0.00046530177, 0.00078729243, -0.00017867949, 0.00014331115, 10.035212, 0.00014331115, 0.00014331115, 0.00014331115, 0.00014331115
3.12, -0.00017867949, 0.00014331115, -0.00017867949, -0.00017867949, 10.035212, 0.00014331115, 0.00014331115, 0.00014331115, -0.00082266075
3.121, -0.00082266075, -0.0005006701, -0.00017867949, -0.00017867949, 10.035534, 0.00046530177, 0.00014331115, 0.00014331115, -0.0005006701
3.122, 0.00014331115, 0.00046530177, 0.00046530177, 0.00014331115, 10.035212, 0.00046530177, 0.00014331115, 0.0011092831, -0.00017867949
3.123, -0.0005006701, -0.00017867949, 0.00014331115, 0.00014331115, 10.035534, -0.00017867949, -0.00017867949, 0.00014331115, 0.00014331115
3.124, -0.0005006701, 0.00046530177, -0.00017867949, 0.00046530177, 10.035534, -0.00017867949, -0.0005006701, -0.00017867949, -0.00017867949
3.125, -0.00017867949, 0.00046530177, 0.00046530177, -0.0005006701, 10.036178, -0.00017867949, -0.00017867949, 0.00046530177, -0.00017867949
3.126, 0.00014331115, -0.00017867949, 0.00046530177, -0.00017867949, 10.034568, 0.00014331115, -0.00017867949, 0.00014331115, -0.00082266075
3.1270000000000002, -0.00017867949, -0.00017867949, -0.00017867949, -0.00017867949, 10.035855, 0.00014331115, 0.00046530177, 0.00014331115, -0.00017867949
3.128, 0.00014331115, 0.00014331115, -0.0005006701, -0.0005006701, 10.035212, -0.00017867949, -0.00082266075, 0.00046530177, -0.00082266075
3.129, 0.00014331115, -0.0005006701, -0.0005006701, 0.00014331115, 10.034889, 0.00014331115, 0.00014331115, -0.00017867949, -0.00017867949
3.13, -0.00017867949, 0.00014331115, 0.00014331115, 0.00014331115, 10.034889, -0.00017867949, -0.0005006701, 0.00014331115, -0.00017867949
3.1310000000000002, -0.0005006701, 0.00014331115, -0.0005006701, -0.00017867949, 10.033602, 0.00014331115, -0.0005006701, -0.00017867949, 0.00014331115
3.132, -0.00082266075, -0.00017867949, -0.00017867949, -0.00017867949, 10.0342455, -0.0005006701, 0.00046530177, 0.00014331115, -0.0005006701
3.133, 0.00014331115, -0.00017867949, -0.00017867949, 0.00014331115, 10.0342455, -0.00017867949, 0.00046530177, 0.00046530177, -0.00017867949
3.134, 0.00014331115, -0.0005006701, 0.00014331115, -0.0005006701, 10.035534, -0.00017867949, -0.0005006701, 0.00046530177, 0.00014331115
3.1350000000000002, 0.00014331115, -0.00017867949, -0.0005006701, -0.00017867949, 10.0365, 0.00014331115, -0.00017867949, 0.00014331115, -0.0005006701
3.136, 0.00014331115, -0.0005006701, -0.00017867949, -0.0005006701, 10.036821, 0.00014331115, -0.00017867949, 0.00046530177, -0.0005006701
3.137, -0.0005006701, 0.00014331115, -0.0005006701, -0.00017867949, 10.035534, -0.00017867949, -0.0005006701, 0.00046530177, -0.00017867949
3.138, -0.0005006701, 0.00046530177, -0.0005006701, -0.00017867949, 10.034889, 0.00046530177, -0.00017867949, 0.00014331115, -0.00017867949
3.1390000000000002, -0.00082266075, -0.00017867949, 0.00014331115, -0.00017867949, 10.0342455, 0.00014331115, -0.0005006701, 0.00014331115, 0.00014331115
3.14, -0.00017867949, 0.00014331115, 0.00014331115, 0.00046530177, 10.033924, 0.00014331115, -0.00017867949, 0.00014331115, 0.00014331115
3.141, -0.00017867949, 0.00046530177, 0.00014331115, -0.00017867949, 10.034568, -0.00082266075, -0.00017867949, 0.00014331115, -0.00082266075
3.142, -0.00017867949, -0.00017867949, 0.00014331115, -0.0005006701, 10.035212, -0.0005006701, -0.00017867949, -0.0005006701, -0.00017867949
3.1430000000000002, -0.00017867949, -0.00017867949, -0.00017867949, -0.00017867949, 10.035855, 0.00078729243, -0.00017867949, 0.00014331115, -0.00082266075
3.144, 0.00014331115, -0.00017867949, 0.00046530177, 0.00014331115, 10.035212, 0.00014331115, -0.0005006701, -0.00017867949, -0.0005006701
3.145, -0.00017867949, -0.00017867949, -0.00017867949, 0.00014331115, 10.036178, 0.00014331115, 0.00046530177, 0.00046530177, -0.00017867949
3.146, 0.00014331115, -0.00017867949, 0.00014331115, -0.00017867949, 10.034568, 0.00046530177, -0.00017867949, 0.00046530177, -0.00017867949
3.1470000000000002, -0.0005006701, 0.00014331115, 0.00014331115, -0.00017867949, 10.035212, 0.00046530177, -0.0005006701, 0.00014331115, -0.00082266075
3.148, -0.0005006701, 0.00014331115, 0.00046530177, 0.00014331115, 10.034889, 0.00014331115, -0.00017867949, 0.00046530177, -0.0005006701
3.149, -0.0005006701, 0.00014331115, 0.00014331115, 0.00014331115, 10.034889, -0.00017867949, 0.00046530177, -0.00017867949, -0.0005006701
3.15, -0.00017867949, 0.00046530177, -0.0005006701, 0.00014331115, 10.035855, -0.00017867949, 0.00046530177, 0.00046530177, -0.00017867949
3.1510000000000002, -0.00017867949, 0.00014331115, -0.00017867949, 0.00046530177, 10.034568, -0.00017867949, 0.00046530177, 0.00014331115, -0.00082266075
3.152, -0.00082266075, 0.00078729243, -0.0005006701, 0.00046530177, 10.034889, -0.00017867949, -0.00017867949, 0.00014331115, -0.0005006701
3.153, -0.0005006701, 0.00046530177, 0.00014331115, 0.00014331115, 10.033602, -0.00017867949, -0.00017867949, 0.00046530177, -0.0005006701
3.154, -0.00017867949, 0.00046530177, 0.00014331115, -0.0005006701, 10.035855, -0.00017867949, -0.00017867949, 0.00046530177, -0.0005006701
3.1550000000000002, 0.00014331115, 0.00014331115, 0.00014331115, 0.00046530177, 10.035534, -0.0005006701, 0.00014331115, 0.00046530177, -0.00017867949
3.156, -0.00017867949, 0.00046530177, -0.00017867949, 0.00014331115, 10.035534, 0.00046530177, -0.0005006701, 0.00046530177, 0.00014331115
3.157, 0.00014331115, -0.00017867949, -0.00017867949, 0.00014331115, 10.035855, 0.00014331115, -0.00017867949, 0.00014331115, -0.00082266075
3.158, 0.00014331115, 0.00014331115, 0.00014331115, -0.00017867949, 10.036178, -0.00017867949, -0.00017867949, 0.00046530177, -0.00017867949
3.1590000000000003, -0.0005006701, 0.00046530177, 0.00014331115, 0.00014331115, 10.036178, -0.00017867949, 0.00014331115, 0.00014331115, -0.0005006701
3.16, 0.00046530177, 0.00046530177, 0.00014331115, 0.00014331115, 10.034889, 0.00014331115, -0.0005006701, 0.00046530177, -0.0011446514
3.161, -0.00082266075, 0.00014331115, -0.0005006701, -0.00017867949, 10.034568, -0.00017867949, 0.00014331115, 0.00014331115, -0.00017867949
3.162, -0.00017867949, 0.00046530177, 0.00014331115, 0.00046530177, 10.034889, 0.00014331115, -0.0005006701, 0.00078729243, -0.0005006701
3.1630000000000003, -0.00017867949, -0.00017867949, 0.00014331115, 0.00014331115, 10.035212, 0.00014331115, 0.00046530177, 0.00078729243, -0.00017867949
3.164, -0.00017867949, -0.00017867949, 0.00046530177, 0.00014331115, 10.035855, -0.00017867949, -0.00017867949, 0.00014331115, -0.0005006701
3.165, -0.00017867949, 0.00046530177, 0.00014331115, -0.0005006701, 10.0342455, -0.0005006701, 0.00014331115, 0.00014331115, -0.00017867949
3.166, -0.00017867949, -0.00017867949, -0.00017867949, 0.00046530177, 10.034568, 0.00014331115, -0.00017867949, 0.00046530177, -0.0005006701
3.1670000000000003, -0.0005006701, 0.00014331115, -0.00017867949, 0.00014331115, 10.0342455, -0.00017867949, 0.00014331115, 0.00078729243, -0.0011446514
3.168, -0.0005006701, 0.00014331115, -0.00017867949, 0.00014331115, 10.035534, 0.00014331115, -0.0005006701, 0.00014331115, -0.0005006701
3.169, -0.00017867949, 0.00014331115, -0.00017867949, 0.00014331115, 10.035534, 0.00046530177, -0.00017867949, 0.00046530177, -0.0005006701
3.17, -0.00017867949, -0.00017867949, 0.00014331115, -0.00082266075, 10.035855, 0.00078729243, 0.00014331115, -0.00017867949, 0.00014331115
3.1710000000000003, -0.00082266075, 0.00014331115, 0.00014331115, 0.00014331115, 10.034889, 0.00014331115, -0.00017867949, 0.00078729243, -0.0005006701
3.172, -0.00017867949, -0.00017867949, -0.0005006701, 0.00014331115, 10.035212, 0.00014331115, -0.0005006701, -0.0005006701, 0.00014331115
3.173, 0.00014331115, 0.00046530177, 0.00014331115, 0.00046530177, 10.035212, 0.00014331115, -0.00017867949, 0.00078729243, -0.0005006701
3.174, -0.0005006701, 0.00046530177, -0.00082266075, -0.00017867949, 10.035212, -0.0005006701, 0.00046530177, 0.00014331115, -0.00017867949
3.1750000000000003, -0.00017867949, 0.00014331115, 0.00014331115, -0.00017867949, 10.035534, 0.00046530177, -0.0005006701, 0.00014331115, -0.00017867949
3.176, -0.00017867949, -0.00017867949, 0.00078729243, -0.00082266075, 10.0342455, 0.00046530177, -0.00017867949, 0.00014331115, -0.00017867949
3.177, 0.00046530177, 0.00014331115, 0.00014331115, -0.0005006701, 10.035534, 0.00014331115, -0.00017867949, 0.00046530177, -0.0005006701
3.178, -0.0005006701, 0.00046530177, -0.00017867949, 0.00014331115, 10.0342455, 0.00046530177, -0.00017867949, -0.00017867949, -0.0005006701
3.1790000000000003, 0.00014331115, 0.00014331115, 0.00014331115, -0.00017867949, 10.035855, 0.00014331115, -0.00017867949, 0.00014331115, -0.00017867949
3.18, 0.00014331115, 0.00046530177, -0.00017867949, 0.00046530177, 10.036178, -0.00017867949, -0.0005006701, 0.00014331115, -0.00082266075
3.181, 0.00014331115, 0.00046530177, 0.00014331115, 0.00014331115, 10.035855, 0.00014331115, -0.0005006701, 0.00014331115, -0.00082266075
3.182, -0.00017867949, 0.00046530177, 0.00014331115, -0.0005006701, 10.035212, -0.0005006701, 0.00014331115, -0.00017867949, -0.0005006701
3.1830000000000003, -0.00017867949, -0.00017867949, 0.00014331115, -0.0005006701, 10.033279, 0.00046530177, 0.00046530177, 0.00046530177, 0.00014331115
3.184, -0.00082266075, 0.00046530177, 0.00014331115, 0.00014331115, 10.035212, -0.0005006701, -0.00017867949, 0.00046530177, -0.00017867949
3.185, -0.00017867949, 0.00046530177, 0.00014331115, 0.00014331115, 10.0342455, 0.00014331115, -0.00082266075, 0.00014331115, -0.00082266075
3.186, -0.0005006701, 0.00014331115, -0.00017867949, 0.00014331115, 10.036178, -0.00017867949, -0.00017867949, 0.00014331115, -0.0005006701
3.1870000000000003, -0.0005006701, 0.00046530177, -0.0005006701, 0.00014331115, 10.035212, 0.00014331115, -0.00017867949, 0.00046530177, 0.00046530177
3.188, -0.0005006701, 0.00046530177, -0.0005006701, 0.00014331115, 10.035855, -0.00017867949, -0.00017867949, 0.00046530177, -0.00017867949
3.189, -0.0005006701, 0.00014331115, -0.0005006701, 0.00014331115, 10.035534, 0.00014331115, -0.00017867949, 0.00014331115, -0.0005006701
3.19, -0.00017867949, -0.00017867949, 0.00014331115, 0.00014331115, 10.035855, 0.00014331115, -0.00017867949, -0.00017867949, -0.00082266075
3.1910000000000003, 0.00014331115, 0.00014331115, -0.00017867949, 0.00046530177, 10.036178, 0.00014331115, -0.0005006701, 0.00014331115, 0.00046530177
3.192, -0.00017867949, 0.00014331115, -0.00017867949, -0.0005006701, 10.034568, 0.00046530177, -0.00017867949, 0.00046530177, -0.00017867949
3.193, 0.00046530177, 0.00014331115, 0.00014331115, 0.00078729243, 10.036178, 0.00046530177, 0.00014331115, 0.00046530177, -0.00082266075
3.194, -0.0005006701, -0.0005006701, 0.00046530177, 0.00014331115, 10.033602, 0.00014331115, -0.0005006701, 0.00014331115, -0.0005006701
3.1950000000000003, -0.0005006701, 0.00046530177, -0.00017867949, 0.00014331115, 10.034568, -0.00017867949, -0.00017867949, 0.00014331115, 0.00014331115
3.196, 0.00014331115, 0.00046530177, -0.00017867949, -0.00017867949, 10.033924, -0.00017867949, -0.00017867949, -0.00017867949, -0.00017867949
3.197, 0.00014331115, 0.00078729243, 0.00014331115, 0.00014331115, 10.034568, 0.00014331115, 0.00014331115, 0.00046530177, -0.0005006701
3.198, -0.0005006701, -0.00017867949, 0.00014331115, -0.0005006701, 10.035212, 0.00014331115, -0.00017867949, 0.00014331115, -0.00017867949
3.1990000000000003, -0.0005006701, 0.00046530177, -0.00017867949, 0.00046530177, 10.035534, -0.0005006701, -0.0005006701, 0.00046530177, 0.00014331115
3.2, 0.00078729243, 0.00014331115, 0.00014331115, -0.00017867949, 10.035534, 0.00046530177, 0.00014331115, 0.00014331115, -0.00017867949
3.201, -0.00017867949, 0.00046530177, 0.00046530177, -0.0005006701, 10.033924, 0.00014331115, -0.00017867949, 0.00078729243, -0.00017867949
3.202, 0.00014331115, 0.00046530177, 0.00046530177, -0.00017867949, 10.035534, 0.00014331115, 0.00014331115, 0.00046530177, -0.00017867949
3.203, -0.00017867949, 0.00046530177, 0.00014331115, 0.00046530177, 10.034889, 0.00014331115, -0.00017867949, -0.00017867949, -0.0005006701
3.204, -0.0005006701, 0.00046530177, 0.00014331115, 0.00014331115, 10.035855, 0.00014331115, -0.0005006701, 0.00014331115, -0.0005006701
3.205, -0.00082266075, 0.00014331115, -0.0005006701, -0.00017867949, 10.034568, -0.00017867949, 0.00014331115, 0.00046530177, -0.0005006701
3.206, 0.00014331115, -0.00017867949, 0.00046530177, -0.0005006701, 10.034889, 0.00014331115, -0.00082266075, 0.00014331115, -0.00017867949
3.207, 0.00014331115, 0.00046530177, -0.00017867949, 0.00014331115, 10.0342455, 0.00014331115, -0.00017867949, 0.00014331115, -0.00082266075
3.208, 0.00014331115, -0.00017867949, 0.00014331115, -0.00017867949, 10.033279, -0.00017867949, 0.00046530177, 0.00078729243, -0.00017867949
3.209, 0.00014331115, 0.00046530177, -0.0005006701, -0.00017867949, 10.034568, -0.00017867949, -0.00017867949, -0.00017867949, -0.0005006701
3.21, 0.00014331115, 0.00014331115, 0.00014331115, -0.00017867949, 10.0342455, -0.00082266075, -0.00017867949, 0.00046530177, -0.00017867949
3.211, 0.00014331115, 0.00014331115, -0.00017867949, -0.00017867949, 10.035855, -0.0005006701, -0.0005006701, 0.00046530177, -0.0005006701
3.212, -0.00017867949, 0.00014331115, -0.00017867949, 0.00014331115, 10.035534, -0.00017867949, -0.00017867949, 0.00046530177, -0.0005006701
3.213, 0.00046530177, 0.00046530177, 0.00046530177, -0.00017867949, 10.036821, 0.00046530177, -0.0005006701, 0.00078729243, -0.00017867949
3.214, -0.00017867949, 0.00046530177, -0.00017867949, 0.00046530177, 10.033602, 0.00014331115, -0.00082266075, 0.00046530177, -0.0005006701
3.215, -0.00017867949, 0.00046530177, 0.00046530177, -0.0005006701, 10.034568, 0.00014331115, 0.00014331115, 0.00014331115, -0.0005006701
3.216, 0.00014331115, 0.00014331115, 0.00014331115, 0.00014331115, 10.034568, 0.00014331115, -0.0005006701, -0.00017867949, -0.0005006701
3.217, 0.00014331115, -0.00017867949, 0.00014331115, -0.00017867949, 10.035212, 0.00046530177, -0.00017867949, 0.00046530177, -0.00017867949
3.218, -0.00017867949, 0.00046530177, -0.0005006701, 0.00014331115, 10.034889, -0.00017867949, -0.0005006701, 0.00014331115, -0.0005006701
3.219, -0.00017867949, 0.00014331115, 0.00014331115, -0.0005006701, 10.0342455, -0.00017867949, 0.00014331115, -0.00017867949, 0.00014331115
3.22, -0.0005006701, 0.00014331115, 0.00014331115, -0.00017867949, 10.035855, -0.00017867949, -0.00017867949, 0.00046530177, 0.00014331115
3.221, -0.00017867949, 0.00014331115, 0.00014331115, 0.00078729243, 10.034568, 0.00078729243, 0.00014331115, -0.0005006701, -0.0011446514
3.222, 0.00078729243, 0.00014331115, -0.0005006701, 0.00014331115, 10.034889, 0.00014331115, -0.00017867949, 0.00046530177, -0.00017867949
3.223, -0.0005006701, 0.00014331115, -0.00017867949, -0.0005006701, 10.035855, -0.0005006701, 0.00014331115, 0.00046530177, -0.0005006701
3.224, -0.0005006701, 0.00014331115, -0.00017867949, -0.00017867949, 10.036178, 0.00014331115, -0.00017867949, -0.00017867949, -0.0005006701
3.225, -0.00017867949, -0.00017867949, -0.00017867949, -0.00017867949, 10.034568, -0.00017867949, 0.00014331115, 0.00046530177, -0.00017867949
3.226, -0.00017867949, -0.00017867949, 0.00014331115, 0.00014331115, 10.033924, -0.00017867949, 0.00014331115, 0.00014331115, -0.00017867949
3.227, 0.00014331115, 0.00046530177, 0.00014331115, 0.00014331115, 10.035534, -0.00082266075, -0.0005006701, -0.00017867949, -0.0005006701
3.228, -0.0005006701, -0.00017867949, -0.00017867949, 0.00046530177, 10.034568, -0.00017867949, -0.0005006701, 0.00014331115, -0.00017867949
3.229, -0.00017867949, -0.00017867949, 0.00046530177, -0.00017867949, 10.035855, 0.00014331115, -0.0005006701, 0.00078729243, 0.00014331115
3.23, 0.00014331115, -0.00017867949, 0.00014331115, 0.00046530177, 10.034889, 0.00014331115, -0.0005006701, 0.00078729243, -0.00017867949
3.231, -0.00017867949, 0.00046530177, 0.00014331115, 0.00014331115, 10.034568, 0.00014331115, 0.00014331115, 0.00014331115, -0.0005006701
3.232, 0.00078729243, 0.00014331115, -0.0005006701, -0.00017867949, 10.0342455, 0.00046530177, -0.00017867949, 0.00046530177, -0.00017867949
3.233, 0.00046530177, 0.00046530177, -0.00017867949, 0.00014331115, 10.035534, -0.00017867949, -0.00017867949, 0.00046530177, -0.00082266075
3.234, -0.00017867949, 0.00014331115, -0.0005006701, 0.00046530177, 10.035855, -0.00017867949, 0.00014331115, 0.00014331115, -0.00017867949
3.235, 0.00014331115, 0.00014331115, -0.00017867949, -0.00017867949, 10.036178, -0.0005006701, -0.00017867949, 0.00046530177, -0.0005006701
3.236, 0.00014331115, -0.00017867949, 0.00014331115, -0.0005006701, 10.035212, 0.00014331115, -0.00017867949, 0.00078729243, -0.00017867949
3.237, -0.00017867949, 0.00014331115, 0.00014331115, -0.0005006701, 10.033924, 0.00046530177, -0.0005006701, 0.00046530177, -0.00017867949
3.238, 0.00014331115, 0.00046530177, -0.00017867949, 0.00046530177, 10.035212, 0.00046530177, 0.00014331115, 0.00014331115, -0.0005006701
3.239, 0.00046530177, 0.00014331115, -0.00082266075, -0.00082266075, 10.035212, 0.00046530177, 0.00014331115, -0.00017867949, -0.00017867949
3.24, -0.00017867949, 0.00046530177, -0.00017867949, 0.00014331115, 10.034889, 0.00046530177, -0.00017867949, 0.00014331115, -0.0005006701
3.241, 0.00014331115, 0.00046530177, 0.00046530177, 0.00014331115, 10.035212, 0.00078729243, -0.00017867949, 0.00078729243, -0.00082266075
3.242, -0.00082266075, -0.00017867949, -0.00017867949, -0.00017867949, 10.033924, 0.00014331115, 0.00046530177, 0.00046530177, 0.00014331115
3.243, -0.0005006701, 0.0011092831, -0.0005006701, -0.00017867949, 10.034889, 0.00014331115, 0.00014331115, 0.00046530177, 0.00014331115
3.244, 0.00014331115, -0.00017867949, -0.00017867949, 0.00014331115, 10.034889, -0.00017867949, 0.00014331115, 0.00046530177, -0.00017867949
3.245, -0.00082266075, 0.00014331115, 0.00014331115, -0.0005006701, 10.0365, 0.00046530177, -0.0005006701, 0.00046530177, -0.0005006701
3.246, -0.0005006701, 0.00046530177, -0.00017867949, -0.00017867949, 10.034889, -0.00017867949, 0.00014331115, 0.00014331115, -0.0005006701
3.247, 0.00014331115, 0.00014331115, 0.00014331115, -0.00017867949, 10.034568, 0.00046530177, 0.00014331115, -0.00017867949, -0.00017867949
3.248, 0.00046530177, -0.00017867949, -0.00017867949, 0.00014331115, 10.034568, -0.0005006701, 0.00014331115, 0.00046530177, -0.00082266075
3.249, -0.00017867949, 0.00014331115, -0.00017867949, -0.00082266075, 10.034889, 0.00014331115, 0.00014331115, -0.00017867949, -0.00082266075
3.25, 0.00014331115, 0.00014331115, -0.00017867949, 0.00014331115, 10.035212, 0.00014331115, 0.00014331115, 0.00014331115, 0.00014331115
3.251, 0.00014331115, -0.0005006701, 0.00014331115, 0.00014331115, 10.035212, -0.00017867949, -0.00017867949, -0.00017867949, -0.0005006701
3.2520000000000002, 0.00014331115, 0.00014331115, -0.00017867949, 0.00014331115, 10.035855, 0.00014331115, 0.00014331115, 0.00014331115, 0.00014331115
3.253, -0.00017867949, 0.00014331115, 0.00014331115, 0.00014331115, 10.035212, 0.00046530177, -0.00082266075, 0.00014331115, -0.00017867949
3.254, 0.00014331115, 0.00078729243, -0.00017867949, -0.0005006701, 10.0342455, -0.0005006701, -0.00017867949, 0.00014331115, -0.0005006701
3.255, 0.00014331115, 0.00046530177, 0.00014331115, 0.00046530177, 10.034889, 0.00014331115, 0.00014331115, 0.00046530177, -0.00017867949
3.2560000000000002, -0.00017867949, 0.00014331115, -0.00017867949, 0.00014331115, 10.035534, 0.00014331115, -0.00017867949, 0.00078729243, -0.00017867949
3.257, -0.00017867949, 0.00046530177, 0.00046530177, -0.00017867949, 10.036178, -0.00017867949, 0.00046530177, 0.00014331115, -0.00017867949
3.258, 0.00046530177, 0.00014331115, 0.00046530177, 0.00046530177, 10.035212, 0.00014331115, 0.00014331115, 0.00014331115, -0.0005006701
3.259, 0.00046530177, 0.00014331115, -0.00017867949, 0.00014331115, 10.034568, 0.00014331115, -0.00017867949, -0.00017867949, -0.0005006701
3.2600000000000002, -0.00017867949, 0.00014331115, 0.00046530177, 0.00014331115, 10.034889, -0.00017867949, 0.00014331115, 0.00014331115, -0.0005006701
3.261, 0.00014331115, 0.00046530177, -0.0005006701, 0.00014331115, 10.0342455, 0.00014331115, 0.00014331115, 0.00046530177, -0.00017867949
3.262, -0.00017867949, 0.00014331115, -0.00017867949, -0.00017867949, 10.034568, 0.00046530177, -0.00017867949, 0.00014331115, 0.00014331115
3.263, -0.00017867949, 0.00046530177, 0.00046530177, -0.00017867949, 10.035855, 0.00046530177, -0.0005006701, 0.00046530177, 0.00014331115
3.2640000000000002, -0.0005006701, 0.00014331115, 0.00014331115, 0.00046530177, 10.035212, 0.00014331115, -0.0005006701, 0.00046530177, 0.00014331115
3.265, 0.00014331115, 0.00014331115, 0.00046530177, -0.00017867949, 10.035534, -0.00017867949, -0.0005006701, 0.00014331115, 0.00014331115
3.266, 0.00014331115, 0.00014331115, -0.00017867949, -0.0005006701, 10.034568, 0.00014331115, -0.00017867949, 0.00014331115, -0.00017867949
3.267, 0.00046530177, 0.00014331115, -0.00017867949, 0.00014331115, 10.034568, -0.00017867949, -0.0005006701, 0.00014331115, -0.0005006701
3.2680000000000002, -0.00017867949, 0.00078729243, 0.00046530177, -0.00017867949, 10.035534, -0.00017867949, 0.00014331115, 0.00014331115, -0.00082266075
3.269, 0.00014331115, 0.00014331115, 0.00046530177, -0.00017867949, 10.034568, 0.00014331115, -0.00017867949, 0.00014331115, -0.0005006701
3.27, -0.00017867949, -0.00017867949, 0.00014331115, 0.00046530177, 10.035855, -0.00017867949, 0.00014331115, 0.00046530177, -0.001466642
3.271, 0.00046530177, 0.00014331115, 0.00014331115, 0.00046530177, 10.035212, 0.00046530177, -0.00017867949, -0.00017867949, -0.0005006701
3.2720000000000002, -0.00017867949, -0.00017867949, -0.00082266075, 0.00014331115, 10.034889, 0.00046530177, 0.00014331115, 0.00046530177, 0.00014331115
3.273, 0.00046530177, 0.00046530177, 0.00046530177, -0.0005006701, 10.034889, 0.00046530177, -0.0005006701, 0.00078729243, -0.00017867949
3.274, -0.0005006701, 0.00046530177, -0.00017867949, -0.00017867949, 10.034568, 0.00078729243, -0.00017867949, 0.00014331115, -0.00017867949
3.275, -0.00017867949, 0.00078729243, 0.00014331115, 0.00046530177, 10.034568, 0.00014331115, 0.00014331115, -0.00017867949, -0.00017867949
3.2760000000000002, -0.00082266075, 0.00014331115, 0.00014331115, -0.0005006701, 10.035212, 0.00014331115, -0.0005006701, 0.00046530177, -0.00017867949
3.277, 0.00014331115, 0.00046530177, -0.00017867949, 0.00014331115, 10.035855, -0.00017867949, -0.00082266075, 0.00046530177, -0.00082266075
3.278, -0.00017867949, 0.00014331115, -0.0005006701, -0.0005006701, 10.035212, -0.00017867949, -0.00017867949, 0.0011092831, -0.00082266075
3.279, -0.0005006701, 0.00014331115, -0.00017867949, -0.0005006701, 10.0365, -0.00017867949, 0.00014331115, -0.00017867949, -0.00017867949
3.2800000000000002, -0.00017867949, 0.00046530177, 0.00014331115, -0.0005006701, 10.035212, 0.00014331115, 0.00046530177, 0.00078729243, -0.0005006701
3.281, -0.00017867949, 0.00046530177, 0.00014331115, 0.00014331115, 10.035212, 0.00014331115, -0.00082266075, 0.00046530177, 0.00014331115
3.282, -0.0005006701, 0.00014331115, -0.00017867949, -0.00082266075, 10.033924, 0.00014331115, 0.00046530177, 0.00014331115, 0.00014331115
3.283, -0.00017867949, 0.00078729243, 0.00014331115, 0.00014331115, 10.033924, 0.00014331115, -0.00017867949, 0.00014331115, 0.00014331115
3.2840000000000003, -0.00017867949, 0.00046530177, 0.00014331115, -0.00017867949, 10.0342455, 0.00078729243, -0.00017867949, 0.00078729243, -0.0005006701
3.285, -0.0005006701, 0.00014331115, -0.00017867949, -0.00017867949, 10.035212, 0.00014331115, -0.00017867949, 0.00078729243, -0.00017867949
3.286, -0.0005006701, 0.00046530177, 0.00046530177, -0.00017867949, 10.035534, 0.00046530177, -0.00017867949, 0.00014331115, -0.00017867949
3.287, 0.00014331115, 0.00014331115, -0.00017867949, -0.0005006701, 10.033924, 0.00078729243, -0.00017867949, -0.00017867949, -0.00082266075
3.2880000000000003, -0.0005006701, 0.00046530177, 0.00014331115, -0.00017867949, 10.034889, -0.00017867949, -0.0005006701, 0.00014331115, -0.00017867949
3.289, -0.0005006701, 0.00014331115, 0.00014331115, 0.00046530177, 10.035534, 0.00014331115, -0.0005006701, 0.00014331115, -0.00017867949
3.29, 0.00014331115, -0.00017867949, -0.00017867949, -0.0005006701, 10.036178, 0.00014331115, -0.00082266075, 0.00014331115, -0.00082266075
3.291, -0.00017867949, -0.0005006701, 0.00014331115, -0.00017867949, 10.035534, 0.00014331115, 0.00014331115, 0.00078729243, -0.00017867949
3.2920000000000003, -0.0005006701, 0.00046530177, -0.00017867949, 0.00014331115, 10.034568, 0.00046530177, -0.00017867949, 0.00046530177, 0.00014331115
3.293, 0.00014331115, 0.00014331115, -0.00017867949, 0.00014331115, 10.034889, 0.00046530177, -0.00017867949, 0.00014331115, 0.00014331115
3.294, -0.00017867949, 0.00046530177, -0.00017867949, -0.00017867949, 10.034889, 0.00014331115, 0.00014331115, 0.00014331115, -0.0005006701
3.295, -0.0005006701, 0.00014331115, -0.00017867949, 0.00014331115, 10.034568, -0.0005006701, -0.0005006701, -0.00017867949, -0.0005006701
3.2960000000000003, 0.00046530177, 0.00014331115, 0.00014331115, 0.00046530177, 10.034889, 0.00046530177, -0.00017867949, 0.00046530177, -0.0005006701
3.297, -0.0005006701, -0.00017867949, -0.00017867949, -0.00017867949, 10.036178, 0.00014331115, -0.00017867949, 0.00046530177, -0.0005006701
3.298, 0.00046530177, -0.00017867949, 0.00046530177, 0.00014331115, 10.034889, -0.0005006701, 0.00046530177, 0.00046530177, 0.00014331115
3.299, 0.00014331115, 0.00014331115, 0.00046530177, 0.00014331115, 10.035855, 0.00078729243, -0.0005006701, 0.00078729243, 0.00014331115
3.3000000000000003, 0.00014331115, 0.00014331115, -0.00017867949, 0.00078729243, 10.035212, 0.00014331115, 0.00014331115, 0.0011092831, -0.0005006701
3.301, 0.00046530177, 0.00014331115, 0.00014331115, 0.00014331115, 10.034889, 0.00014331115, -0.0005006701, 0.00014331115, -0.00017867949
3.302, -0.00017867949, 0.00046530177, -0.00017867949, -0.00017867949, 10.035212, 0.00014331115, -0.00017867949, 0.00078729243, -0.0005006701
3.303, 0.00014331115, -0.00017867949, -0.00017867949, -0.00017867949, 10.035212, 0.00014331115, -0.0005006701, 0.00014331115, 0.00014331115
3.3040000000000003, -0.0005006701, -0.0005006701, 0.00046530177, 0.00014331115, 10.035855, -0.00017867949, -0.00017867949, 0.0011092831, -0.00017867949
3.305, -0.00017867949, -0.00017867949, -0.00017867949, -0.00082266075, 10.033924, 0.00046530177, 0.00046530177, -0.00017867949, -0.00017867949
3.306, -0.00017867949, 0.00046530177, 0.00046530177, -0.00017867949, 10.034889, 0.00046530177, -0.00017867949, 0.00014331115, -0.00017867949
3.307, -0.00017867949, 0.00014331115, 0.00014331115, 0.00014331115, 10.034568, 0.00014331115, -0.0005006701, 0.00046530177, -0.00082266075
3.3080000000000003, -0.0005006701, -0.00017867949, 0.00046530177, 0.00014331115, 10.035534, 0.00014331115, -0.0005006701, 0.00046530177, -0.00017867949
3.309, -0.00017867949, 0.00014331115, 0.00014331115, 0.00014331115, 10.035855, 0.00046530177, 0.00014331115, -0.00017867949, 0.00046530177
3.31, 0.00014331115, 0.00046530177, 0.00014331115, 0.00014331115, 10.035855, 0.00014331115, -0.0005006701, 0.00014331115, -0.00017867949
3.311, -0.00017867949, 0.00046530177, 0.00014331115, 0.00014331115, 10.036178, -0.00017867949, -0.00082266075, 0.00046530177, 0.00014331115
3.3120000000000003, -0.0005006701, 0.00014331115, 0.00014331115, 0.00046530177, 10.035534, 0.00014331115, -0.00017867949, 0.00046530177, -0.0005006701
3.313, -0.00017867949, 0.00014331115, -0.00017867949, 0.00046530177, 10.035212, 0.00014331115, -0.00017867949, 0.00046530177, -0.00082266075
3.314, 0.00014331115, 0.00014331115, 0.00014331115, -0.00017867949, 10.0342455, -0.00017867949, 0.00014331115, 0.00078729243, -0.00017867949
3.315, 0.00014331115, -0.00017867949, -0.00017867949, 0.00014331115, 10.033602, -0.0005006701, -0.00017867949, 0.00046530177, -0.00017867949
3.3160000000000003, -0.00017867949, 0.00014331115, -0.0005006701, 0.00014331115, 10.034889, 0.00046530177, -0.00017867949, 0.00046530177, -0.00017867949
3.317, 0.00014331115, -0.00017867949, -0.0005006701, -0.0005006701, 10.035534, 0.00014331115, -0.00017867949, 0.00078729243, -0.00017867949
3.318, 0.00014331115, 0.00014331115, -0.0005006701, -0.00017867949, 10.035855, 0.00014331115, -0.0005006701, 0.00014331115, -0.0005006701
3.319, -0.00017867949, -0.00017867949, 0.00014331115, -0.00017867949, 10.035855, -0.00017867949, -0.00017867949, 0.00046530177, -0.0005006701
3.3200000000000003, 0.00014331115, 0.00046530177, -0.0005006701, 0.00014331115, 10.0342455, 0.00014331115, -0.00082266075, 0.00014331115, -0.0005006701
3.321, 0.00046530177, 0.00014331115, 0.00014331115, 0.00014331115, 10.034889, 0.00046530177, 0.00014331115, 0.00078729243, -0.00082266075
3.322, -0.00017867949, 0.00046530177, 0.00014331115, -0.0005006701, 10.036178, -0.0005006701, -0.0005006701, 0.00014331115, -0.0005006701
3.323, -0.00082266075, 0.00014331115, -0.00017867949, 0.00014331115, 10.035534, 0.00014331115, 0.00046530177, 0.00046530177, -0.00017867949
3.3240000000000003, -0.0005006701, 0.00014331115, 0.00046530177, 0.00014331115, 10.035534, 0.00014331115, 0.00014331115, 0.00046530177, -0.00017867949
3.325, 0.00014331115, -0.00017867949, -0.00017867949, 0.00014331115, 10.0342455, 0.00014331115, -0.0005006701, -0.00017867949, -0.0005006701
3.326, -0.00017867949, 0.00014331115, 0.00014331115, 0.00014331115, 10.0342455, 0.00014331115, -0.00017867949, -0.00017867949, -0.00017867949
3.327, -0.00017867949, -0.00017867949, -0.00017867949, -0.00017867949, 10.034889, 0.00046530177, 0.00014331115, 0.00046530177, -0.00082266075
3.3280000000000003, 0.00046530177, 0.00014331115, 0.00046530177, 0.00014331115, 10.035534, -0.00017867949, 0.00014331115, 0.00014331115, -0.00082266075
3.329, -0.00017867949, -0.0005006701, 0.00046530177, -0.00017867949, 10.035534, -0.00017867949, -0.00017867949, 0.00078729243, -0.0005006701
3.33, -0.0005006701, 0.00078729243, 0.00046530177, 0.00046530177, 10.033924, -0.0005006701, 0.00046530177, 0.00046530177, -0.00082266075
3.331, -0.0005006701, 0.00014331115, -0.00017867949, 0.00046530177, 10.034889, -0.00017867949, -0.0005006701, 0.00078729243, -0.00017867949
3.332, -0.00017867949, 0.00046530177, 0.00078729243, -0.00017867949, 10.035855, 0.00014331115, -0.0005006701, 0.00046530177, -0.00017867949
3.333, -0.00017867949, 0.00046530177, 0.00014331115, 0.00014331115, 10.0365, -0.00017867949, -0.00017867949, 0.00014331115, 0.00014331115
3.334, 0.00014331115, 0.00014331115, 0.00046530177, 0.00014331115, 10.035534, 0.00046530177, -0.00017867949, 0.00014331115, -0.00082266075
3.335, 0.00014331115, 0.00046530177, 0.00046530177, 0.00046530177, 10.035212, 0.00046530177, -0.00017867949, 0.00078729243, 0.00014331115
3.336, -0.00017867949, 0.00046530177, 0.00014331115, -0.00017867949, 10.035212, -0.0005006701, 0.00014331115, 0.00046530177, -0.00017867949
3.337, -0.00017867949, -0.0005006701, 0.00014331115, -0.00017867949, 10.034568, 0.00014331115, -0.0005006701, 0.00078729243, -0.0005006701
3.338, -0.00082266075, 0.00046530177, -0.0005006701, 0.00046530177, 10.0342455, -0.00017867949, 0.00014331115, 0.00014331115, -0.00082266075
3.339, 0.00014331115, 0.00014331115, -0.00017867949, -0.00017867949, 10.033924, -0.00017867949, -0.00017867949, -0.00017867949, -0.00017867949
3.34, 0.00014331115, 0.00046530177, 0.00046530177, 0.00014331115, 10.035212, 0.00014331115, -0.00017867949, 0.00046530177, -0.0005006701
3.341, -0.00017867949, 0.00078729243, -0.00017867949, 0.00046530177, 10.034889, 0.00046530177, 0.00014331115, -0.00017867949, -0.00017867949
3.342, 0.00014331115, 0.00014331115, -0.0005006701, -0.00017867949, 10.036821, 0.00014331115, -0.00017867949, 0.00014331115, 0.00014331115
3.343, 0.00014331115, -0.00017867949, -0.00017867949, 0.00014331115, 10.035855, 0.00046530177, 0.00014331115, 0.00046530177, -0.00017867949
3.344, -0.0005006701, 0.00014331115, -0.0005006701, -0.00017867949, 10.035855, 0.00014331115, -0.00017867949, 0.0011092831, -0.0005006701
3.345, -0.00017867949, 0.00078729243, -0.00017867949, -0.00017867949, 10.035212, 0.00014331115, -0.0005006701, 0.00078729243, -0.00017867949
3.346, -0.0005006701, 0.00046530177, -0.00017867949, -0.0005006701, 10.033279, -0.00017867949, -0.00017867949, 0.00014331115, -0.0005006701
3.347, -0.0005006701, 0.00078729243, 0.00046530177, -0.0005006701, 10.034889, 0.00014331115, -0.00017867949, 0.00014331115, -0.00017867949
3.348, 0.00014331115, -0.0005006701, 0.00014331115, -0.00017867949, 10.035212, -0.00017867949, -0.00017867949, 0.00014331115, -0.00017867949
3.349, -0.00017867949, 0.00078729243, -0.00017867949, 0.00014331115, 10.035855, 0.00046530177, -0.00082266075, 0.00014331115, -0.0005006701
3.35, -0.0005006701, 0.00014331115, 0.00014331115, 0.00014331115, 10.034889, -0.00017867949, -0.0005006701, 0.00046530177, 0.00014331115
3.351, -0.00017867949, -0.00017867949, -0.00017867949, 0.00014331115, 10.035212, -0.0005006701, -0.00082266075, 0.00046530177, -0.00017867949
3.352, -0.0005006701, 0.00046530177, -0.00017867949, -0.00017867949, 10.034889, -0.00017867949, -0.00082266075, 0.00014331115, -0.00082266075
3.353, -0.0005006701, 0.00014331115, 0.00014331115, 0.00014331115, 10.035534, 0.00014331115, -0.00082266075, 0.00014331115, -0.00017867949
3.354, -0.00017867949, 0.00014331115, 0.00078729243, 0.00014331115, 10.035534, -0.00017867949, 0.00014331115, 0.00046530177, -0.00082266075
3.355, 0.00046530177, 0.00046530177, 0.00014331115, -0.00017867949, 10.034568, 0.00014331115, -0.00017867949, 0.00014331115, -0.00017867949
3.356, 0.00014331115, 0.00046530177, -0.00017867949, 0.00014331115, 10.035855, 0.00046530177, -0.00017867949, 0.00046530177, -0.00017867949
3.357, 0.00014331115, 0.00046530177, -0.00017867949, 0.00078729243, 10.033279, -0.00017867949, 0.00014331115, 0.00014331115, -0.00017867949
3.358, -0.00017867949, 0.00014331115, -0.00017867949, -0.0005006701, 10.034568, -0.00017867949, -0.00017867949, 0.00046530177, -0.0005006701
3.359, -0.00017867949, 0.00046530177, 0.00014331115, 0.00014331115, 10.034568, 0.00014331115, -0.00017867949, -0.00017867949, -0.00017867949
3.36, 0.00014331115, -0.00017867949, 0.00046530177, -0.00017867949, 10.035212, -0.00017867949, -0.0005006701, 0.00078729243, -0.00017867949
3.361, -0.00017867949, -0.00017867949, 0.00014331115, 0.00014331115, 10.035212, 0.00078729243, -0.0005006701, 0.00014331115, -0.00017867949
3.362, -0.00017867949, 0.00046530177, 0.00014331115, -0.00017867949, 10.035212, 0.00014331115, -0.00017867949, 0.00078729243, -0.00017867949
3.363, -0.00017867949, -0.0005006701, 0.00014331115, 0.00014331115, 10.035212, 0.00014331115, 0.00014331115, 0.00046530177, -0.00017867949
3.364, 0.00014331115, 0.00014331115, 0.00014331115, -0.00017867949, 10.0342455, 0.00046530177, 0.00014331115, 0.00046530177, -0.0005006701
3.365, -0.00017867949, -0.00017867949, -0.00017867949, 0.00046530177, 10.034568, -0.00017867949, -0.00017867949, 0.00014331115, -0.0005006701
3.366, -0.00017867949, 0.00014331115, -0.00017867949, 0.00014331115, 10.035534, 0.00046530177, -0.00017867949, 0.00014331115, -0.0005006701
3.367, -0.00017867949, 0.00014331115, -0.00017867949, 0.00014331115, 10.035534, 0.00014331115, 0.00014331115, 0.00014331115, -0.0005006701
3.368, -0.00017867949, 0.00014331115, -0.00017867949, -0.00017867949, 10.034568, -0.00017867949, -0.00082266075, 0.00014331115, -0.00017867949
3.369, -0.00082266075, 0.00014331115, -0.00017867949, 0.00014331115, 10.035212, -0.0005006701, -0.0005006701, -0.00017867949, -0.0005006701
3.37, -0.00017867949, -0.00017867949, 0.00046530177, 0.00014331115, 10.034568, 0.00014331115, 0.00014331115, 0.00046530177, -0.0005006701
3.371, 0.00014331115, -0.00017867949, -0.00017867949, 0.00014331115, 10.034568, 0.00014331115, -0.00017867949, -0.00017867949, -0.00082266075
3.372, -0.00017867949, -0.00017867949, 0.00014331115, 0.00014331115, 10.033924, -0.00017867949, -0.00017867949, 0.00078729243, -0.00017867949
3.373, 0.00046530177, 0.00078729243, 0.00046530177, -0.00017867949, 10.033924, -0.00017867949, 0.00014331115, 0.00014331115, 0.00014331115
3.374, -0.0005006701, 0.00078729243, -0.00017867949, 0.00014331115, 10.035534, 0.00046530177, 0.00046530177, 0.00078729243, -0.00017867949
3.375, 0.00014331115, 0.00078729243, -0.0005006701, 0.00014331115, 10.034568, -0.00017867949, -0.00017867949, 0.00014331115, -0.0005006701
3.376, -0.00017867949, -0.00017867949, 0.00046530177, -0.00082266075, 10.0365, -0.00017867949, -0.0005006701, 0.00046530177, -0.00017867949
3.3770000000000002, 0.00014331115, 0.00014331115, -0.00017867949, -0.00017867949, 10.035855, 0.00014331115, -0.00082266075, 0.00014331115, -0.00017867949
3.378, 0.00046530177, -0.00017867949, 0.00014331115, -0.00017867949, 10.037144, -0.00017867949, -0.0005006701, 0.00014331115, -0.00082266075
3.379, -0.00017867949, -0.00017867949, 0.00014331115, 0.00014331115, 10.033924, -0.00017867949, -0.0005006701, -0.00017867949, 0.00014331115
3.38, 0.00046530177, -0.00017867949, 0.00014331115, 0.00046530177, 10.033279, 0.00046530177, -0.00082266075, 0.00014331115, -0.00017867949
3.3810000000000002, -0.00017867949, 0.00014331115, -0.00017867949, -0.00017867949, 10.035855, -0.00017867949, -0.0005006701, 0.00014331115, 0.00014331115
3.382, -0.0005006701, -0.00017867949, 0.00014331115, -0.0005006701, 10.035212, -0.00017867949, -0.0005006701, 0.00046530177, -0.0005006701
3.383, -0.00017867949, 0.00014331115, -0.00017867949, 0.00046530177, 10.036178, -0.00017867949, -0.0005006701, 0.00014331115, -0.00017867949
3.384, -0.00017867949, 0.00014331115, -0.00017867949, -0.00017867949, 10.034568, 0.00014331115, -0.00017867949, 0.00014331115, 0.00014331115
3.3850000000000002, -0.00017867949, 0.00014331115, 0.00014331115, -0.00017867949, 10.036178, 0.00014331115, -0.00017867949, 0.00014331115, -0.00082266075
3.386, 0.00014331115, 0.00014331115, -0.0005006701, 0.00014331115, 10.034889, -0.00017867949, 0.00014331115, 0.00014331115, -0.00017867949
3.387, -0.00017867949, 0.00078729243, 0.00014331115, -0.00017867949, 10.034568, -0.0005006701, -0.0005006701, 0.00078729243, 0.00014331115
3.388, 0.00014331115, 0.00014331115, 0.00046530177, 0.00014331115, 10.034568, 0.00014331115, 0.00046530177, 0.00014331115, 0.00014331115
3.3890000000000002, -0.00017867949, 0.00014331115, 0.00046530177, -0.0005006701, 10.035534, -0.00017867949, 0.00014331115, 0.00046530177, 0.00046530177
3.39, -0.00082266075, 0.00014331115, 0.00014331115, -0.0005006701, 10.035855, -0.00017867949, 0.00014331115, 0.00046530177, -0.00017867949
3.391, -0.00017867949, 0.00014331115, -0.00017867949, -0.00017867949, 10.034568, 0.00014331115, 0.00014331115, 0.00046530177, -0.0005006701
3.392, -0.00017867949, -0.0005006701, 0.00014331115, 0.00014331115, 10.034889, -0.00017867949, -0.00017867949, 0.00014331115, -0.0005006701
3.3930000000000002, -0.00017867949, 0.00046530177, 0.00078729243, -0.00017867949, 10.0342455, -0.00017867949, 0.00014331115, 0.0011092831, -0.0005006701
3.394, 0.00014331115, -0.00017867949, -0.00017867949, -0.00017867949, 10.035212, 0.00014331115, 0.00014331115, 0.00046530177, -0.00017867949
3.395, 0.00014331115, 0.00046530177, -0.00017867949, 0.00046530177, 10.034568, -0.00017867949, -0.00017867949, 0.00046530177, -0.0005006701
3.396, -0.00017867949, -0.00017867949, 0.00046530177, -0.0005006701, 10.035534, -0.00017867949, -0.00017867949, 0.00014331115, -0.00017867949
3.3970000000000002, 0.00014331115, 0.00046530177, 0.00046530177, -0.0005006701, 10.035534, -0.00017867949, 0.00046530177, 0.00046530177, -0.0005006701
3.398, -0.0005006701, 0.00014331115, 0.00014331115, -0.00017867949, 10.035855, 0.00014331115, -0.00017867949, -0.00017867949, -0.00017867949
3.399, -0.00017867949, 0.00014331115, 0.00014331115, -0.00017867949, 10.035855, 0.00014331115, 0.00014331115, 0.00046530177, -0.0005006701
3.4, -0.0005006701, 0.00046530177, -0.00017867949, -0.00017867949, 10.035534, 0.00014331115, 0.00014331115, 0.00014331115, -0.00017867949
3.4010000000000002, -0.0005006701, 0.00046530177, -0.00017867949, 0.00014331115, 10.033924, 0.00014331115, 0.00014331115, 0.00014331115, -0.00082266075
3.402, -0.0005006701, -0.00017867949, 0.00014331115, 0.00014331115, 10.034568, 0.00046530177, 0.00014331115, 0.00014331115, -0.0005006701
3.403, 0.00014331115, 0.00046530177, -0.00017867949, -0.00017867949, 10.035212, 0.00046530177, -0.00017867949, 0.00046530177, -0.0005006701
3.404, -0.00017867949, -0.0005006701, -0.00017867949, -0.00017867949, 10.035855, -0.00017867949, -0.00017867949, 0.00014331115, -0.00082266075
3.4050000000000002, -0.00017867949, 0.00046530177, -0.00017867949, 0.00014331115, 10.034889, -0.00017867949, -0.00082266075, -0.00017867949, -0.00017867949
3.406, -0.00017867949, 0.00046530177, 0.00014331115, -0.00017867949, 10.033279, 0.00078729243, -0.00017867949, 0.00014331115, -0.0005006701
3.407, 0.00014331115, -0.0005006701, -0.00017867949, 0.00046530177, 10.0342455, 0.00014331115, -0.00017867949, -0.00017867949, -0.0005006701
3.408, 0.00014331115, -0.00017867949, 0.00014331115, 0.00014331115, 10.036178, -0.00082266075, -0.00017867949, 0.00014331115, -0.00017867949
3.4090000000000003, 0.00014331115, 0.00014331115, -0.00017867949, 0.00014331115, 10.034889, 0.00014331115, -0.00017867949, 0.00014331115, -0.00017867949
3.41, -0.00017867949, 0.00046530177, -0.00017867949, -0.00017867949, 10.0365, -0.00017867949, 0.00014331115, 0.00046530177, 0.00014331115
3.411, -0.0005006701, 0.00014331115, -0.00017867949, -0.00017867949, 10.035212, 0.00046530177, -0.00082266075, -0.00017867949, -0.0005006701
3.412, 0.00014331115, 0.00014331115, -0.00017867949, -0.00017867949, 10.035212, 0.00046530177, -0.00017867949, 0.00014331115, -0.00017867949
3.4130000000000003, 0.00014331115, -0.00017867949, 0.00014331115, 0.00046530177, 10.0342455, 0.00014331115, -0.0005006701, 0.00014331115, -0.0005006701
3.414, -0.0005006701, 0.00014331115, -0.0005006701, -0.0005006701, 10.033602, -0.00017867949, 0.00014331115, -0.00017867949, -0.00017867949
3.415, 0.00078729243, -0.00017867949, -0.00017867949, -0.0005006701, 10.034568, 0.00046530177, -0.00017867949, 0.00014331115, -0.00017867949
3.416, -0.00017867949, 0.00078729243, -0.00082266075, -0.00017867949, 10.032636, -0.00017867949, 0.00046530177, 0.00046530177, -0.0005006701
3.4170000000000003, -0.00017867949, 0.00014331115, -0.00017867949, 0.00014331115, 10.035212, 0.00046530177, -0.00017867949, 0.00014331115, -0.0005006701
3.418, 0.00014331115, 0.00014331115, -0.00017867949, 0.00046530177, 10.034568, -0.0005006701, -0.00017867949, 0.00046530177, 0.00014331115
3.419, -0.0005006701, 0.00078729243, 0.00046530177, 0.00014331115, 10.035534, -0.00017867949, -0.0005006701, 0.00014331115, 0.00014331115
3.42, -0.0005006701, 0.00014331115, -0.00017867949, 0.00014331115, 10.035534, -0.00017867949, -0.00017867949, 0.00046530177, -0.00017867949
3.4210000000000003, 0.00014331115, 0.00078729243, 0.00014331115, 0.00014331115, 10.035534, -0.00017867949, -0.00017867949, -0.00017867949, -0.00017867949
3.422, -0.0005006701, 0.00014331115, 0.00014331115, -0.0005006701, 10.035212, 0.00046530177, 0.00014331115, 0.00046530177, 0.00014331115
3.423, -0.00082266075, 0.00014331115, 0.00046530177, 0.00014331115, 10.0342455, -0.00017867949, 0.00014331115, 0.00014331115, 0.00014331115
3.424, -0.0005006701, 0.00014331115, -0.00017867949, -0.00017867949, 10.033602, -0.00017867949, 0.00014331115, 0.00046530177, -0.0005006701
3.4250000000000003, -0.00017867949, 0.00046530177, -0.00082266075, 0.00014331115, 10.0342455, 0.00014331115, -0.0005006701, 0.00046530177, -0.0005006701
3.426, -0.00017867949, 0.00046530177, 0.00014331115, -0.00017867949, 10.035212, 0.00014331115, 0.00014331115, 0.00014331115, 0.00014331115
3.427, -0.00017867949, 0.00014331115, 0.00014331115, -0.0005006701, 10.035212, -0.0005006701, -0.00017867949, 0.00014331115, 0.00014331115
3.428, -0.0005006701, -0.00017867949, 0.00014331115, -0.0005006701, 10.035212, 0.00014331115, -0.00017867949, 0.00014331115, -0.0005006701
3.4290000000000003, -0.0005006701, 0.00014331115, -0.00017867949, -0.00017867949, 10.034889, -0.00017867949, -0.00017867949, -0.0005006701, 0.00014331115
3.43, 0.00046530177, 0.00014331115, -0.00017867949, 0.00014331115, 10.035855, -0.0005006701, -0.00017867949, 0.00014331115, -0.0005006701
3.431, -0.00082266075, 0.00014331115, 0.00014331115, 0.00046530177, 10.035534, -0.00017867949, -0.00082266075, 0.00014331115, 0.00014331115
3.432, -0.00017867949, 0.00046530177, -0.00017867949, 0.00014331115, 10.035534, 0.00014331115, -0.00017867949, 0.00014331115, -0.0005006701
3.4330000000000003, -0.0005006701, 0.00046530177, 0.00046530177, 0.00014331115, 10.0365, 0.00046530177, 0.00014331115, 0.00046530177, 0.00014331115
3.434, -0.00017867949, 0.00014331115, -0.00017867949, 0.00078729243, 10.035212, -0.00017867949, -0.0005006701, -0.00017867949, 0.00046530177
3.435, 0.00046530177, 0.00014331115, 0.00046530177, 0.00014331115, 10.035855, 0.00014331115, -0.0005006701, -0.00017867949, -0.0005006701
3.436, -0.00017867949, 0.00046530177, 0.00046530177, 0.00046530177, 10.034568, 0.00046530177, -0.00017867949, 0.00014331115, -0.0005006701
3.4370000000000003, 0.00014331115, 0.0014312736, 0.00014331115, 0.00078729243, 10.035855, 0.00046530177, -0.0005006701, 0.00046530177, -0.00017867949
3.438, -0.00017867949, 0.00046530177, -0.0005006701, 0.00014331115, 10.0342455, 0.00014331115, 0.00014331115, -0.00017867949, -0.0005006701
3.439, 0.00014331115, -0.0005006701, -0.0005006701, 0.00046530177, 10.0342455, 0.00014331115, 0.00014331115, -0.00082266075, -0.00017867949
3.44, -0.00082266075, 0.00014331115, -0.00017867949, -0.00017867949, 10.034568, -0.00017867949, -0.0005006701, 0.00046530177, -0.00017867949
3.4410000000000003, -0.0005006701, 0.00014331115, 0.00046530177, -0.00017867949, 10.034889, -0.00017867949, -0.00017867949, -0.00017867949, -0.00017867949
3.442, -0.00017867949, 0.00014331115, -0.00017867949, -0.0005006701, 10.035534, 0.00014331115, 0.00014331115, -0.00017867949, -0.00017867949
3.443, -0.00017867949, -0.00017867949, -0.00017867949, 0.00014331115, 10.035534, -0.00017867949, -0.0005006701, 0.00046530177, -0.0005006701
3.444, -0.0005006701, -0.00017867949, -0.00017867949, -0.00017867949, 10.0365, 0.00014331115, -0.0005006701, 0.00046530177, -0.00017867949
3.4450000000000003, -0.00017867949, 0.00046530177, -0.00017867949, 0.00046530177, 10.034889, 0.00014331115, -0.0005006701, 0.00078729243, 0.00014331115
3.446, -0.0005006701, 0.00078729243, -0.0005006701, 0.00014331115, 10.035212, 0.00014331115, -0.0005006701, 0.00046530177, -0.00017867949
3.447, -0.0005006701, 0.00014331115, 0.00046530177, -0.00017867949, 10.035212, 0.00014331115, -0.0005006701, -0.00017867949, -0.00017867949
3.448, -0.00017867949, 0.00014331115, 0.00078729243, 0.00046530177, 10.034568, 0.00046530177, -0.00017867949, 0.00014331115, 0.00014331115
3.4490000000000003, 0.00046530177, 0.00046530177, 0.00014331115, 0.00014331115, 10.034568, 0.00078729243, -0.0005006701, 0.00078729243, -0.00082266075
3.45, -0.00017867949, -0.0005006701, -0.00017867949, -0.00017867949, 10.033602, 0.00046530177, 0.00014331115, 0.00014331115, -0.0005006701
3.451, 0.00046530177, -0.0005006701, 0.00014331115, 0.00014331115, 10.034568, 0.00046530177, -0.0005006701, 0.00046530177, -0.00017867949
3.452, -0.00017867949, 0.00014331115, 0.00078729243, 0.00014331115, 10.033924, 0.00046530177, -0.00017867949, 0.00014331115, 0.00014331115
3.4530000000000003, -0.0005006701, 0.00046530177, -0.0005006701, 0.00014331115, 10.034889, 0.00014331115, 0.00014331115, 0.00046530177, -0.0005006701
3.454, -0.00017867949, 0.00014331115, 0.00014331115, 0.00046530177, 10.034889, 0.00014331115, -0.00017867949, 0.00014331115, -0.0005006701
3.455, -0.00017867949, -0.00017867949, -0.00017867949, 0.00014331115, 10.034568, -0.0005006701, 0.00078729243, -0.0005006701, -0.00082266075
3.456, -0.00017867949, 0.00046530177, -0.00017867949, 0.00046530177, 10.033924, 0.00046530177, -0.00017867949, 0.00014331115, -0.0005006701
3.457, -0.0005006701, 0.00046530177, 0.00014331115, -0.00017867949, 10.034568, 0.00014331115, 0.00014331115, 0.00046530177, -0.0005006701
3.458, -0.00017867949, 0.00014331115, 0.00014331115, 0.00046530177, 10.035212, -0.00017867949, -0.00017867949, 0.00046530177, -0.0005006701
3.459, 0.00046530177, 0.00046530177, -0.00017867949, 0.00014331115, 10.035212, 0.00014331115, -0.00017867949, 0.00014331115, 0.00046530177
3.46, -0.00017867949, 0.00014331115, 0.00014331115, -0.00017867949, 10.035534, 0.00014331115, -0.00017867949, 0.00046530177, -0.0005006701
3.461, -0.00017867949, -0.00017867949, -0.00017867949, 0.00014331115, 10.034889, -0.00017867949, -0.0005006701, 0.00078729243, -0.0005006701
3.462, -0.0005006701, 0.00014331115, -0.0005006701, -0.00017867949, 10.035212, 0.00014331115, 0.00014331115, 0.00046530177, 0.00046530177
3.463, -0.00017867949, -0.00017867949, 0.0011092831, -0.00017867949, 10.033602, -0.00017867949, 0.00014331115, 0.00078729243, 0.00014331115
3.464, -0.00017867949, -0.00017867949, 0.00014331115, -0.00017867949, 10.034568, -0.00017867949, 0.00014331115, 0.00014331115, -0.0005006701
3.465, 0.00014331115, -0.00017867949, -0.00082266075, 0.00046530177, 10.034889, -0.00017867949, 0.00014331115, 0.00014331115, -0.0005006701
3.466, -0.00017867949, 0.00014331115, 0.00014331115, 0.00014331115, 10.034889, 0.00046530177, -0.00017867949, 0.00014331115, -0.0005006701
3.467, -0.00017867949, 0.00078729243, -0.00017867949, -0.0005006701, 10.036178, -0.00017867949, -0.00017867949, 0.00078729243, -0.0005006701
3.468, -0.00017867949, 0.00046530177, -0.0005006701, 0.00014331115, 10.034568, -0.00017867949, -0.00017867949, 0.00078729243, 0.00014331115
3.469, 0.00014331115, 0.00046530177, -0.00017867949, -0.00017867949, 10.035212, 0.00014331115, -0.00017867949, 0.00014331115, -0.00017867949
3.47, -0.00017867949, 0.00014331115, 0.00014331115, -0.00017867949, 10.033279, 0.00014331115, -0.0005006701, 0.00014331115, 0.00014331115
3.471, 0.00014331115, 0.00046530177, 0.00014331115, -0.00017867949, 10.035212, 0.00014331115, -0.0005006701, 0.00046530177, 0.00046530177
3.472, 0.00014331115, -0.00017867949, -0.00017867949, 0.00014331115, 10.034568, -0.00017867949, -0.00017867949, 0.00014331115, -0.00017867949
3.473, -0.00017867949, -0.00017867949, -0.00017867949, 0.00014331115, 10.034568, 0.00046530177, -0.0005006701, 0.0011092831, -0.00017867949
3.474, 0.00046530177, 0.00014331115, 0.00014331115, 0.00014331115, 10.035534, -0.00082266075, -0.00017867949, 0.00014331115, -0.00017867949
3.475, 0.00014331115, -0.00017867949, 0.00014331115, -0.00017867949, 10.034889, -0.0005006701, -0.0005006701, 0.00014331115, -0.0005006701
3.476, -0.0005006701, 0.00014331115, -0.0005006701, 0.00014331115, 10.035855, 0.00046530177, 0.00046530177, 0.00046530177, -0.00017867949
3.477, -0.00017867949, -0.00017867949, -0.00017867949, 0.00046530177, 10.035212, -0.00017867949, -0.0005006701, 0.00046530177, -0.0005006701
3.478, 0.00014331115, -0.00017867949, -0.00017867949, -0.00017867949, 10.037144, -0.00017867949, -0.00082266075, 0.00014331115, -0.00082266075
3.479, -0.0005006701, 0.00014331115, -0.00017867949, 0.00014331115, 10.035212, 0.00014331115, -0.00017867949, 0.00046530177, -0.0005006701
3.48, -0.00017867949, -0.00017867949, 0.00014331115, 0.00046530177, 10.034889, 0.00014331115, 0.00014331115, 0.00078729243, -0.00017867949
3.481, 0.00014331115, 0.00014331115, 0.00014331115, 0.00014331115, 10.0342455, 0.00014331115, -0.00017867949, 0.00014331115, -0.0005006701
3.482, -0.00082266075, 0.00014331115, 0.00046530177, -0.0005006701, 10.033279, -0.00017867949, -0.00017867949, 0.00014331115, -0.00017867949
3.483, -0.00017867949, -0.00017867949, -0.00082266075, 0.00014331115, 10.033924, 0.00046530177, -0.0005006701, 0.00014331115, -0.00017867949
3.484, -0.00017867949, 0.00046530177, -0.00017867949, -0.00017867949, 10.0342455, 0.00014331115, 0.00014331115, 0.00014331115, -0.0005006701
3.485, -0.0005006701, 0.00014331115, -0.00017867949, -0.00017867949, 10.035855, 0.00046530177, -0.00017867949, 0.00014331115, -0.00017867949
3.486, -0.0005006701, -0.00017867949, 0.00046530177, 0.00014331115, 10.034889, 0.00014331115, 0.00014331115, 0.00014331115, -0.0005006701
3.487, 0.00014331115, 0.00014331115, -0.00017867949, -0.00017867949, 10.035212, 0.00014331115, 0.00014331115, 0.00014331115, -0.00017867949
3.488, -0.0005006701, -0.00017867949, -0.00017867949, 0.00014331115, 10.034889, -0.0005006701, 0.00014331115, 0.00014331115, -0.0005006701
3.489, -0.00017867949, 0.00046530177, -0.00017867949, 0.00014331115, 10.035212, 0.00014331115, 0.00014331115, 0.00046530177, -0.0005006701
3.49, -0.00017867949, 0.00014331115, 0.00014331115, -0.00017867949, 10.033924, 0.00014331115, -0.0005006701, 0.00014331115, -0.00017867949
3.491, -0.0005006701, 0.00046530177, -0.00017867949, 0.00014331115, 10.035534, 0.00014331115, 0.00014331115, -0.00017867949, -0.0005006701
3.492, 0.00046530177, 0.00046530177, -0.00017867949, -0.0005006701, 10.035212, 0.00078729243, -0.00082266075, 0.00046530177, -0.00082266075
3.493, -0.00017867949, 0.00046530177, 0.00014331115, 0.00014331115, 10.035855, 0.00046530177, 0.00014331115, 0.00046530177, -0.00017867949
3.494, -0.00017867949, 0.00078729243, 0.00014331115, -0.00017867949, 10.036178, 0.00014331115, 0.00014331115, -0.0005006701, -0.00017867949
3.495, -0.00017867949, 0.00014331115, -0.0005006701, 0.00014331115, 10.0342455, 0.00014331115, -0.0005006701, 0.00014331115, -0.00017867949
3.496, 0.00014331115, -0.00017867949, 0.00014331115, -0.00017867949, 10.035534, -0.00017867949, -0.0005006701, 0.00078729243, -0.0005006701
3.497, -0.00017867949, 0.00046530177, -0.00017867949, 0.00014331115, 10.033602, -0.00017867949, -0.00082266075, 0.00014331115, -0.00017867949
3.498, -0.00017867949, -0.00017867949, 0.00014331115, -0.00017867949, 10.035534, 0.00014331115, -0.00082266075, 0.00046530177, -0.0005006701
3.499, 0.00046530177, 0.00046530177, -0.00017867949, 0.00014331115, 10.034568, 0.00046530177, 0.00046530177, 0.00014331115, 0.00014331115
3.5, -0.00017867949, 0.00014331115, 0.00014331115, -0.0005006701, 10.034889, 0.00014331115, 0.00014331115, 0.00014331115, 0.00014331115
3.501, -0.00017867949, 0.00046530177, 0.00046530177, 0.00014331115, 10.034889, 0.00014331115, 0.00014331115, 0.00014331115, 0.00014331115
3.5020000000000002, -0.00017867949, 0.00078729243, -0.00017867949, -0.0005006701, 10.034568, -0.00017867949, -0.00017867949, 0.00046530177, -0.0005006701
3.503, -0.00017867949, 0.00014331115, -0.0005006701, -0.00017867949, 10.035534, 0.00014331115, 0.00014331115, 0.00014331115, -0.00017867949
3.504, -0.00017867949, 0.00046530177, 0.00014331115, 0.00046530177, 10.035534, 0.00046530177, 0.00014331115, 0.00046530177, -0.00017867949
3.505, 0.00046530177, 0.00014331115, -0.00017867949, 0.00014331115, 10.035534, 0.00014331115, 0.00014331115, 0.00014331115, -0.00017867949
3.5060000000000002, -0.0005006701, 0.00014331115, 0.00014331115, 0.00046530177, 10.034568, -0.00017867949, -0.00082266075, 0.00014331115, -0.00017867949
3.507, -0.0005006701, -0.00017867949, 0.00046530177, -0.00017867949, 10.0342455, -0.0005006701, -0.00017867949, 0.00046530177, -0.0005006701
3.508, -0.00017867949, 0.00014331115, -0.00017867949, -0.00017867949, 10.0342455, 0.00014331115, -0.00017867949, 0.00046530177, -0.00017867949
3.509, -0.00082266075, 0.00046530177, -0.0005006701, 0.00014331115, 10.034889, -0.00017867949, 0.00046530177, -0.00017867949, -0.00017867949
3.5100000000000002, 0.00014331115, -0.00017867949, 0.00046530177, 0.00014331115, 10.036178, -0.00017867949, -0.00082266075, 0.00046530177, -0.00017867949
3.511, 0.00014331115, 0.00046530177, -0.00017867949, 0.00014331115, 10.035534, -0.00017867949, -0.00017867949, 0.00078729243, -0.00082266075
3.512, 0.00014331115, 0.00078729243, -0.0005006701, 0.00046530177, 10.035212, -0.00017867949, -0.0005006701, 0.00046530177, -0.00017867949
3.513, 0.00046530177, 0.00046530177, 0.00014331115, -0.00017867949, 10.034889, -0.00017867949, -0.00017867949, 0.00078729243, -0.0005006701
3.5140000000000002, -0.00017867949, 0.00014331115, 0.00046530177, 0.00014331115, 10.035855, -0.00017867949, -0.0005006701, 0.00046530177, -0.0005006701
3.515, -0.00017867949, 0.00046530177, -0.00017867949, 0.00046530177, 10.034568, 0.00014331115, -0.00017867949, 0.00046530177, -0.00017867949
3.516, -0.00017867949, -0.00017867949, -0.00017867949, -0.00017867949, 10.035212, 0.00046530177, 0.00014331115, 0.00014331115, -0.00017867949
3.517, -0.00017867949, 0.00014331115, 0.00014331115, 0.00014331115, 10.033924, 0.00014331115, -0.00017867949, -0.00017867949, -0.0005006701
3.5180000000000002, -0.0005006701, 0.00014331115, -0.00017867949, 0.00014331115, 10.033279, -0.0005006701, -0.00017867949, 0.00046530177, 0.00014331115
3.519, 0.00078729243, -0.00017867949, 0.00046530177, 0.00014331115, 10.034568, 0.00046530177, -0.0005006701, 0.00014331115, -0.0005006701
3.52, 0.00014331115, 0.0011092831, -0.00017867949, -0.00017867949, 10.034568, -0.00017867949, -0.00017867949, 0.00014331115, 0.00014331115
3.521, -0.00017867949, 0.00046530177, -0.00082266075, -0.00017867949, 10.0365, 0.00046530177, -0.00017867949, 0.00014331115, 0.00014331115
3.5220000000000002, 0.00014331115, -0.00017867949, 0.00046530177, -0.0005006701, 10.0365, -0.0005006701, -0.0005006701, 0.00046530177, -0.0005006701
3.523, -0.00017867949, -0.00017867949, -0.00017867949, 0.00014331115, 10.034889, -0.00082266075, -0.00082266075, 0.00014331115, -0.00017867949
3.524, -0.0005006701, 0.00014331115, 0.00014331115, -0.00017867949, 10.034568, 0.00014331115, -0.00017867949, 0.00014331115, -0.0005006701
3.525, 0.00078729243, 0.00046530177, -0.00017867949, -0.00017867949, 10.034568, 0.00046530177, -0.0005006701, -0.00017867949, -0.0005006701
3.5260000000000002, -0.00017867949, -0.00017867949, 0.00014331115, 0.00046530177, 10.035212, 0.00014331115, -0.00082266075, 0.00046530177, -0.0005006701
3.527, -0.00017867949, -0.00017867949, 0.00014331115, 0.00046530177, 10.035534, -0.00017867949, 0.00014331115, 0.00014331115, -0.00017867949
3.528, -0.0005006701, 0.00014331115, 0.00014331115, 0.00014331115, 10.035212, -0.0005006701, -0.00017867949, 0.00046530177, 0.00014331115
3.529, -0.00017867949, 0.00014331115, -0.00017867949, 0.00046530177, 10.035212, 0.00014331115, 0.00014331115, 0.0011092831, -0.0005006701
3.5300000000000002, -0.0005006701, 0.00046530177, -0.00017867949, -0.00017867949, 10.036178, -0.00017867949, -0.00017867949, -0.00017867949, -0.00082266075
3.531, -0.0005006701, 0.00046530177, -0.00017867949, 0.00014331115, 10.0342455, 0.00014331115, 0.00014331115, 0.00014331115, -0.0005006701
3.532, 0.00014331115, 0.00014331115, 0.00014331115, 0.00046530177, 10.035212, -0.00017867949, -0.00017867949, 0.00014331115, 0.00014331115
3.533, 0.00014331115, -0.00017867949, -0.0005006701, -0.0005006701, 10.034889, 0.00014331115, -0.0005006701, 0.00014331115, 0.00014331115
3.5340000000000003, 0.00046530177, -0.00017867949, -0.00017867949, 0.00014331115, 10.034568, 0.00014331115, 0.00014331115, 0.00078729243, 0.00014331115
3.535, -0.00017867949, 0.00014331115, 0.00046530177, 0.00014331115, 10.035855, 0.00014331115, -0.00017867949, 0.00014331115, 0.00014331115
3.536, -0.00082266075, 0.00014331115, -0.0005006701, 0.00014331115, 10.035212, 0.00046530177, 0.00014331115, 0.00046530177, 0.00014331115
3.537, 0.00046530177, 0.00046530177, 0.00014331115, 0.00014331115, 10.035534, -0.00017867949, -0.0005006701, 0.00046530177, -0.00017867949
3.5380000000000003, -0.00017867949, 0.00014331115, 0.00046530177, 0.00014331115, 10.033602, -0.00017867949, -0.0005006701, 0.00014331115, 0.00046530177
3.539, -0.00017867949, 0.00014331115, -0.0005006701, 0.00014331115, 10.0342455, 0.00014331115, 0.00014331115, 0.00014331115, -0.00017867949
3.54, -0.00017867949, -0.00017867949, -0.00017867949, 0.00014331115, 10.034568, 0.00014331115, 0.00014331115, 0.00014331115, -0.0005006701
3.541, -0.00017867949, 0.00046530177, -0.00017867949, 0.00014331115, 10.035212, 0.00014331115, -0.0005006701, 0.00046530177, -0.00017867949
3.5420000000000003, -0.0005006701, 0.00078729243, 0.00014331115, -0.00082266075, 10.035855, -0.00017867949, -0.00017867949, 0.00014331115, -0.00017867949
3.543, -0.00017867949, 0.00046530177, -0.00017867949, 0.00014331115, 10.035534, 0.00014331115, -0.0005006701, 0.00046530177, -0.0005006701
3.544, -0.00017867949, -0.00017867949, 0.00014331115, 0.00046530177, 10.035212, -0.0005006701, 0.00014331115, 0.00046530177, -0.0005006701
3.545, 0.00014331115, 0.00078729243, 0.00014331115, 0.00014331115, 10.033602, 0.00014331115, -0.00017867949, 0.00014331115, -0.00017867949
3.5460000000000003, -0.0005006701, -0.00017867949, 0.00014331115, 0.00014331115, 10.034568, 0.00014331115, -0.00082266075, -0.00017867949, -0.00017867949
3.547, -0.00017867949, -0.00017867949, 0.00014331115, 0.00046530177, 10.034889, -0.0005006701, -0.00017867949, -0.00017867949, -0.00017867949
3.548, 0.00014331115, 0.00078729243, -0.00017867949, -0.00017867949, 10.035212, -0.00017867949, -0.00017867949, 0.00046530177, -0.00082266075
3.549, -0.00082266075, -0.00017867949, 0.00014331115, -0.00017867949, 10.034568, 0.00046530177, -0.0005006701, 0.00046530177, -0.0005006701
3.5500000000000003, -0.00017867949, 0.00046530177, -0.00082266075, 0.00014331115, 10.0342455, 0.00046530177, 0.00014331115, 0.00046530177, 0.00014331115
3.551, -0.0005006701, 0.00046530177, 0.00046530177, 0.00014331115, 10.035855, -0.00017867949, -0.00017867949, -0.00017867949, -0.00017867949
3.552, 0.00046530177, -0.00017867949, -0.00017867949, -0.00017867949, 10.035212, 0.00014331115, -0.00017867949, 0.00014331115, -0.00017867949
3.553, 0.00014331115, 0.0011092831, -0.00017867949, -0.00017867949, 10.035534, 0.00078729243, -0.00082266075, 0.00014331115, -0.0005006701
3.5540000000000003, -0.00017867949, 0.00014331115, -0.0005006701, 0.00014331115, 10.035212, 0.00046530177, 0.00014331115, 0.00014331115, -0.00082266075
3.555, 0.00014331115, 0.00046530177, 0.00014331115, 0.00046530177, 10.036821, -0.00017867949, -0.0005006701, 0.00078729243, -0.00017867949
3.556, 0.00046530177, 0.00014331115, 0.00046530177, -0.00017867949, 10.0342455, 0.00046530177, 0.00014331115, 0.00014331115, 0.00014331115
3.557, -0.0005006701, 0.00014331115, 0.00014331115, -0.00017867949, 10.034568, 0.00046530177, -0.0005006701, -0.00017867949, 0.00014331115
3.5580000000000003, 0.00014331115, 0.00078729243, -0.00017867949, -0.00082266075, 10.0342455, 0.00014331115, -0.00017867949, 0.00046530177, -0.00017867949
3.559, -0.0005006701, 0.00046530177, -0.0005006701, 0.00014331115, 10.035855, 0.00046530177, 0.00014331115, 0.00014331115, 0.00014331115
3.56, -0.0005006701, 0.00014331115, -0.00017867949, 0.00078729243, 10.034568, -0.00017867949, 0.00014331115, 0.00014331115, 0.00014331115
3.561, 0.00014331115, 0.00014331115, -0.00017867949, -0.0005006701, 10.0342455, -0.00017867949, -0.0005006701, 0.00014331115, -0.0005006701
3.5620000000000003, -0.0005006701, 0.00014331115, 0.00014331115, 0.00046530177, 10.034889, 0.00046530177, -0.0005006701, 0.00014331115, -0.0005006701
3.563, -0.0005006701, -0.00017867949, -0.00017867949, -0.00017867949, 10.035212, -0.00017867949, 0.00014331115, 0.00078729243, -0.0005006701
3.564, -0.00017867949, 0.00046530177, -0.00017867949, 0.00014331115, 10.0365, 0.00046530177, -0.00017867949, 0.00014331115, -0.0005006701
3.565, -0.0005006701, 0.00046530177, -0.00017867949, -0.00017867949, 10.034568, -0.0005006701, -0.0005006701, 0.00046530177, 0.00014331115
3.5660000000000003, -0.00017867949, 0.00078729243, -0.0005006701, -0.00017867949, 10.035534, 0.00014331115, -0.0005006701, 0.00046530177, 0.00014331115
3.567, -0.0005006701, -0.00017867949, -0.00017867949, -0.00017867949, 10.034568, -0.0005006701, -0.00017867949, -0.00017867949, -0.00017867949
3.568, -0.00082266075, -0.00017867949, 0.00014331115, 0.00014331115, 10.034568, -0.00017867949, -0.00017867949, 0.00014331115, -0.00082266075
3.569, 0.00046530177, 0.00014331115, 0.00014331115, 0.00046530177, 10.0342455, -0.00017867949, 0.00014331115, 0.00014331115, 0.00014331115
3.5700000000000003, -0.00017867949, 0.00014331115, -0.00017867949, 0.00014331115, 10.032958, 0.00046530177, -0.0005006701, 0.00046530177, -0.00017867949
3.571, -0.00082266075, -0.00017867949, 0.00014331115, -0.00017867949, 10.035534, -0.00017867949, -0.00082266075, 0.00014331115, -0.0005006701
3.572, 0.00014331115, 0.00046530177, -0.00017867949, 0.00046530177, 10.035212, 0.00046530177, -0.00017867949, -0.00017867949, -0.00017867949
3.573, -0.00017867949, 0.00014331115, -0.00017867949, 0.00046530177, 10.035212, -0.00017867949, 0.00014331115, 0.00078729243, -0.00082266075
3.5740000000000003, 0.00014331115, 0.00046530177, 0.00046530177, 0.00014331115, 10.035534, -0.00017867949, -0.00017867949, 0.00046530177, -0.0005006701
3.575, 0.00014331115, 0.00014331115, 0.00014331115, 0.00014331115, 10.035855, 0.00046530177, -0.0005006701, 0.00014331115, 0.00014331115
3.576, 0.00014331115, 0.00046530177, 0.00014331115, 0.00046530177, 10.035534, 0.00014331115, -0.00017867949, 0.00046530177, -0.00017867949
3.577, 0.00014331115, 0.00046530177, 0.00078729243, 0.00014331115, 10.034889, -0.0005006701, -0.0005006701, 0.00046530177, -0.00082266075
3.5780000000000003, -0.00017867949, -0.00017867949, 0.00046530177, -0.00017867949, 10.034889, 0.00014331115, 0.00014331115, 0.00046530177, -0.0005006701
3.579, 0.00014331115, 0.00078729243, -0.00017867949, -0.00017867949, 10.034568, 0.00046530177, 0.00014331115, -0.00017867949, -0.00017867949
3.58, -0.00017867949, 0.00014331115, 0.00014331115, -0.00017867949, 10.035855, -0.0005006701, 0.00014331115, 0.00046530177, -0.0005006701
3.581, -0.00017867949, -0.00082266075, -0.00017867949, -0.0005006701, 10.034568, 0.00014331115, -0.00017867949, -0.00017867949, -0.0005006701
3.5820000000000003, -0.0005006701, 0.00014331115, 0.00014331115, 0.00014331115, 10.034889, -0.0005006701, -0.0005006701, 0.00078729243, -0.00017867949
3.583, -0.0005006701, -0.00017867949, 0.00046530177, -0.00017867949, 10.034889, 0.00014331115, 0.00014331115, -0.00017867949, 0.00046530177
3.584, -0.0005006701, -0.00017867949, -0.00017867949, -0.0005006701, 10.035534, 0.00014331115, -0.00017867949, -0.0005006701, 0.00046530177
3.585, 0.00014331115, 0.00014331115, -0.00017867949, 0.00014331115, 10.035534, 0.00014331115, 0.00046530177, 0.00046530177, -0.00017867949
3.586, -0.00017867949, 0.00046530177, -0.00017867949, 0.00014331115, 10.035212, 0.00014331115, -0.0005006701, 0.00078729243, -0.00017867949
3.587, -0.0005006701, 0.00014331115, 0.00014331115, -0.0005006701, 10.035855, 0.00014331115, 0.00046530177, -0.00017867949, -0.0005006701
3.588, -0.00017867949, 0.00014331115, 0.00046530177, -0.0005006701, 10.035534, -0.00017867949, -0.0005006701, 0.00014331115, 0.00046530177
3.589, -0.00017867949, 0.00046530177, -0.00017867949, -0.00017867949, 10.033924, 0.00014331115, -0.00017867949, 0.00014331115, -0.0005006701
3.59, -0.00082266075, -0.00017867949, 0.00014331115, -0.00017867949, 10.033924, 0.00014331115, -0.0005006701, 0.00014331115, -0.00017867949
3.591, -0.00017867949, -0.00017867949, -0.00017867949, -0.00017867949, 10.034568, -0.00017867949, 0.00014331115, 0.00046530177, -0.0005006701
3.592, 0.00046530177, 0.00014331115, -0.00017867949, -0.00017867949, 10.034568, 0.00014331115, -0.00017867949, 0.00014331115, -0.00017867949
3.593, 0.00014331115, 0.00014331115, 0.00014331115, 0.00014331115, 10.035534, 0.00046530177, -0.00017867949, 0.00014331115, 0.00014331115
3.594, -0.0005006701, 0.00014331115, -0.00017867949, 0.00014331115, 10.036178, 0.00014331115, -0.00017867949, 0.00014331115, -0.0005006701
3.595, -0.0005006701, 0.00014331115, 0.00014331115, 0.00046530177, 10.035534, 0.00046530177, -0.00017867949, 0.00046530177, -0.0005006701
3.596, -0.00017867949, -0.00017867949, -0.00017867949, -0.00017867949, 10.035534, -0.00017867949, -0.0005006701, 0.00046530177, 0.00014331115
3.597, -0.00017867949, 0.00078729243, 0.00014331115, 0.00046530177, 10.0342455, 0.00014331115, -0.0005006701, 0.00078729243, -0.00082266075
3.598, -0.0005006701, 0.00046530177, -0.00017867949, 0.00078729243, 10.034889, -0.00017867949, 0.00014331115, 0.00014331115, 0.00014331115
3.599, -0.00017867949, 0.00014331115, -0.00017867949, 0.00046530177, 10.033924, -0.0005006701, -0.00017867949, -0.00017867949, 0.00014331115
3.6, -0.00017867949, -0.00017867949, -0.00017867949, -0.00017867949, 10.035212, 0.00046530177, -0.0005006701, 0.00046530177, -0.00017867949
3.601, -0.00017867949, 0.00014331115, -0.00017867949, -0.00017867949, 10.0342455, 0.00014331115, -0.00017867949, 0.00014331115, -0.0011446514
3.602, -0.00017867949, 0.00014331115, 0.00046530177, 0.00046530177, 10.035212, 0.00014331115, -0.00017867949, 0.00014331115, -0.00017867949
3.603, 0.00078729243, 0.00014331115, 0.00014331115, 0.00014331115, 10.034889, 0.00014331115, -0.00017867949, 0.00014331115, -0.0005006701
3.604, 0.00014331115, 0.00014331115, -0.0005006701, -0.00017867949, 10.034568, -0.00017867949, -0.0005006701, 0.00078729243, -0.00017867949
3.605, -0.00017867949, 0.00046530177, 0.00014331115, -0.00017867949, 10.035212, 0.00014331115, -0.00017867949, 0.00046530177, -0.00082266075
3.606, 0.00014331115, 0.00046530177, 0.00014331115, 0.00014331115, 10.034568, 0.0011092831, -0.0005006701, -0.00017867949, -0.00017867949
3.607, -0.00017867949, 0.00014331115, -0.00017867949, 0.00046530177, 10.035212, 0.00046530177, 0.00014331115, 0.00014331115, -0.0005006701
3.608, 0.00014331115, -0.0005006701, 0.00014331115, -0.0005006701, 10.0342455, 0.00046530177, -0.00017867949, 0.00014331115, -0.0005006701
3.609, 0.00014331115, 0.00014331115, -0.0005006701, 0.00014331115, 10.035212, 0.00046530177, -0.00017867949, 0.00046530177, -0.00017867949
3.61, -0.00017867949, 0.00014331115, -0.00017867949, -0.00017867949, 10.035534, -0.00017867949, -0.00017867949, 0.00046530177, -0.0005006701
3.611, -0.0005006701, 0.00046530177, -0.00017867949, 0.00046530177, 10.035212, 0.00014331115, -0.00017867949, 0.00014331115, -0.00017867949
3.612, 0.00014331115, 0.00014331115, 0.00046530177, 0.00046530177, 10.035534, -0.00017867949, 0.00014331115, -0.00017867949, -0.0005006701
3.613, -0.00017867949, 0.00078729243, 0.00014331115, 0.00046530177, 10.035534, 0.00014331115, -0.0005006701, -0.0005006701, -0.00082266075
3.614, 0.00046530177, 0.00014331115, -0.00082266075, 0.00046530177, 10.034889, 0.00014331115, -0.0005006701, 0.00046530177, -0.00017867949
3.615, -0.00017867949, 0.00014331115, 0.00014331115, -0.00017867949, 10.033602, -0.00017867949, 0.00014331115, 0.00046530177, -0.00082266075
3.616, 0.00046530177, 0.00046530177, 0.00046530177, 0.00014331115, 10.0342455, 0.00014331115, -0.0005006701, -0.00017867949, -0.0005006701
3.617, -0.00017867949, 0.00014331115, 0.00014331115, 0.00046530177, 10.034889, 0.00046530177, 0.00014331115, 0.00046530177, -0.00082266075
3.618, -0.0005006701, -0.00017867949, 0.00014331115, 0.00014331115, 10.035534, 0.00046530177, -0.0005006701, 0.00046530177, -0.0005006701
3.619, 0.00014331115, 0.00014331115, -0.00017867949, 0.00078729243, 10.035212, 0.00014331115, 0.00014331115, 0.00014331115, 0.00014331115
3.62, 0.00014331115, 0.00078729243, 0.00078729243, -0.00017867949, 10.035855, 0.00046530177, 0.00014331115, -0.00017867949, -0.00017867949
3.621, -0.0005006701, 0.00014331115, -0.0005006701, 0.00014331115, 10.035855, 0.00014331115, -0.0005006701, 0.00046530177, -0.0005006701
3.622, 0.00014331115, 0.00014331115, 0.00046530177, -0.00017867949, 10.034889, -0.00017867949, 0.00014331115, 0.00014331115, -0.0005006701
3.623, -0.00017867949, 0.00078729243, 0.00046530177, -0.00017867949, 10.035212, -0.0005006701, -0.00017867949, 0.00014331115, -0.00017867949
3.624, 0.00046530177, 0.00014331115, -0.0005006701, 0.00046530177, 10.033602, 0.00014331115, 0.00014331115, 0.00014331115, -0.00082266075
3.625, 0.00014331115, 0.00014331115, -0.00017867949, -0.0005006701, 10.034889, 0.00014331115, 0.00014331115, 0.00014331115, -0.00017867949
3.626, -0.00017867949, 0.00014331115, -0.0005006701, -0.0005006701, 10.034889, 0.00046530177, 0.00014331115, 0.00046530177, -0.0005006701
3.6270000000000002, -0.00017867949, -0.00017867949, 0.00014331115, 0.00014331115, 10.035855, 0.00014331115, -0.0005006701, 0.00014331115, -0.00017867949
3.628, -0.0005006701, -0.0005006701, -0.00017867949, 0.00014331115, 10.034889, 0.00014331115, -0.0005006701, 0.00046530177, -0.0005006701
3.629, -0.00017867949, 0.00014331115, -0.0005006701, 0.00014331115, 10.035534, 0.00014331115, -0.00017867949, -0.00017867949, -0.0005006701
3.63, -0.0005006701, 0.00014331115, 0.00014331115, 0.00046530177, 10.035212, -0.00017867949, -0.0005006701, -0.00017867949, -0.00017867949
3.6310000000000002, -0.00017867949, 0.00014331115, 0.00014331115, -0.0005006701, 10.035855, -0.0005006701, 0.00014331115, 0.00014331115, 0.00014331115
3.632, 0.00014331115, 0.00046530177, 0.00014331115, -0.00017867949, 10.0365, -0.00017867949, 0.00046530177, -0.00017867949, -0.00017867949
3.633, 0.00014331115, 0.0011092831, 0.00046530177, -0.0005006701, 10.033924, 0.00014331115, -0.00017867949, 0.00046530177, 0.00014331115
3.634, -0.00017867949, -0.00017867949, 0.00046530177, 0.00014331115, 10.033924, -0.00017867949, -0.00017867949, -0.00017867949, -0.00017867949
3.6350000000000002, 0.00014331115, 0.00014331115, -0.00082266075, 0.00014331115, 10.0342455, 0.00014331115, 0.00014331115, 0.00014331115, -0.00017867949
3.636, 0.00014331115, 0.00014331115, 0.00046530177, 0.00046530177, 10.035212, 0.00046530177, -0.00017867949, 0.00046530177, -0.00017867949
3.637, -0.0005006701, 0.00078729243, -0.0005006701, 0.00046530177, 10.035534, -0.0005006701, -0.0005006701, -0.00017867949, -0.00017867949
3.638, 0.00014331115, 0.00046530177, 0.00046530177, 0.00014331115, 10.035212, -0.00017867949, 0.00014331115, -0.00017867949, 0.00014331115
3.6390000000000002, 0.00046530177, 0.00078729243, -0.00017867949, -0.00017867949, 10.034889, 0.00014331115, -0.0005006701, 0.00078729243, -0.00017867949
3.64, 0.00046530177, 0.00014331115, 0.00014331115, -0.00017867949, 10.0342455, -0.0005006701, 0.00014331115, -0.00017867949, -0.00017867949
3.641, -0.0005006701, 0.00046530177, -0.00017867949, 0.00014331115, 10.035534, -0.00017867949, -0.00017867949, -0.00017867949, -0.0005006701
3.642, -0.00017867949, 0.00014331115, -0.0005006701, -0.0005006701, 10.035212, 0.00014331115, -0.00017867949, 0.00078729243, 0.00014331115
3.6430000000000002, -0.00017867949, 0.00046530177, 0.00014331115, 0.00046530177, 10.035855, 0.00046530177, -0.00017867949, 0.00014331115, 0.00014331115
3.644, -0.00017867949, 0.00046530177, -0.0005006701, -0.00017867949, 10.034568, 0.00014331115, 0.00014331115, 0.00014331115, -0.00017867949
3.645, -0.0005006701, 0.00046530177, 0.00046530177, 0.00014331115, 10.033602, 0.00014331115, -0.0005006701, -0.0005006701, -0.00017867949
3.646, 0.00014331115, 0.00078729243, -0.00017867949, -0.00017867949, 10.034568, -0.00017867949, 0.00046530177, -0.00017867949, -0.00082266075
3.6470000000000002, -0.0005006701, 0.00078729243, -0.00017867949, -0.0005006701, 10.035212, -0.00017867949, -0.00017867949, 0.00046530177, -0.0005006701
3.648, -0.0005006701, 0.00046530177, -0.00017867949, -0.00017867949, 10.035534, 0.00014331115, -0.0005006701, -0.00017867949, 0.00014331115
3.649, 0.00014331115, 0.00014331115, 0.00014331115, 0.00046530177, 10.033924, -0.0005006701, -0.00017867949, -0.0005006701, -0.0005006701
3.65, -0.0005006701, 0.00014331115, -0.00082266075, -0.0005006701, 10.034889, -0.00017867949, -0.00017867949, 0.00046530177, -0.00017867949
3.6510000000000002, -0.00017867949, 0.00046530177, -0.00017867949, -0.00017867949, 10.035534, 0.00014331115, -0.0005006701, 0.00014331115, -0.00017867949
3.652, 0.00014331115, 0.00014331115, -0.00017867949, -0.00017867949, 10.036178, 0.00046530177, 0.00046530177, 0.00046530177, -0.0005006701
3.653, -0.00017867949, 0.00014331115, 0.00014331115, -0.00017867949, 10.035534, -0.00017867949, 0.00014331115, 0.00046530177, -0.0005006701
3.654, -0.00017867949, 0.00014331115, 0.00046530177, -0.00017867949, 10.035855, -0.00017867949, -0.00017867949, 0.00046530177, 0.00014331115
3.6550000000000002, 0.00046530177, 0.00014331115, 0.00046530177, 0.00014331115, 10.033924, 0.00014331115, -0.0005006701, 0.00078729243, -0.0005006701
3.656, -0.0005006701, 0.00014331115, 0.00046530177, 0.00014331115, 10.034568, 0.00078729243, -0.00017867949, -0.00017867949, -0.00017867949
3.657, 0.00014331115, 0.00046530177, -0.00017867949, 0.00014331115, 10.035855, 0.00046530177, 0.00046530177, 0.00014331115, -0.00017867949
3.658, -0.00017867949, 0.00046530177, 0.00014331115, 0.00014331115, 10.035212, -0.00017867949, -0.0005006701, -0.00017867949, -0.0005006701
3.6590000000000003, 0.00046530177, 0.00014331115, -0.00017867949, -0.00017867949, 10.035855, 0.00014331115, -0.00017867949, 0.00078729243, -0.00017867949
3.66, -0.00082266075, 0.0011092831, -0.00017867949, -0.00017867949, 10.033924, 0.00046530177, 0.00014331115, 0.00078729243, -0.00017867949
3.661, 0.00014331115, 0.00014331115, 0.00014331115, -0.00017867949, 10.035212, -0.00017867949, -0.00017867949, 0.00046530177, -0.00017867949
3.662, -0.0005006701, 0.00046530177, 0.00014331115, -0.0005006701, 10.034889, 0.00014331115, -0.00017867949, 0.00014331115, -0.0005006701
3.6630000000000003, 0.00014331115, -0.00017867949, -0.00017867949, -0.00017867949, 10.035855, 0.00014331115, -0.00017867949, -0.00017867949, -0.0005006701
3.664, 0.00014331115, -0.00017867949, -0.00017867949, 0.00014331115, 10.0365, 0.00014331115, -0.00082266075, -0.00017867949, -0.00082266075
3.665, 0.00014331115, 0.00046530177, -0.00017867949, 0.00014331115, 10.035212, 0.00014331115, -0.00017867949, 0.00014331115, -0.0005006701
3.666, -0.00082266075, 0.00014331115, 0.00014331115, -0.0005006701, 10.033924, -0.00017867949, -0.00017867949, 0.00014331115, -0.00017867949
3.6670000000000003, 0.00014331115, -0.0005006701, -0.00017867949, 0.00046530177, 10.034568, -0.00017867949, -0.00017867949, 0.00078729243, -0.0005006701
3.668, -0.00017867949, 0.00046530177, -0.00017867949, -0.00017867949, 10.0365, -0.00017867949, -0.0005006701, 0.00014331115, -0.00017867949
3.669, 0.00046530177, 0.00014331115, -0.00017867949, 0.00046530177, 10.034568, 0.00014331115, -0.00017867949, 0.00014331115, -0.0011446514
3.67, 0.00046530177, -0.00017867949, -0.00017867949, 0.00046530177, 10.033924, 0.00014331115, 0.00014331115, -0.0005006701, -0.00017867949
3.6710000000000003, 0.00014331115, 0.00046530177, -0.00017867949, -0.00017867949, 10.035212, 0.00014331115, -0.00017867949, 0.00014331115, 0.00014331115
3.672, 0.00014331115, 0.00046530177, 0.00014331115, -0.00017867949, 10.034568, -0.00017867949, -0.00017867949, 0.00078729243, -0.0005006701
3.673, 0.00014331115, 0.00046530177, 0.00014331115, 0.00046530177, 10.036178, 0.00046530177, -0.00017867949, -0.00017867949, -0.00082266075
3.674, -0.0005006701, 0.00014331115, 0.00014331115, -0.00017867949, 10.035855, 0.00014331115, -0.0005006701, 0.00014331115, 0.00014331115
3.6750000000000003, 0.00046530177, 0.00078729243, 0.00014331115, 0.00046530177, 10.035855, -0.00017867949, 0.00046530177, 0.00014331115, 0.00014331115
3.676, 0.00014331115, 0.00046530177, -0.00017867949, 0.00014331115, 10.034889, -0.00017867949, -0.00017867949, -0.00017867949, 0.00014331115
3.677, 0.00014331115, 0.00014331115, 0.00014331115, 0.00014331115, 10.034568, 0.00046530177, -0.0005006701, 0.00078729243, -0.0005006701
3.678, -0.00017867949, -0.00017867949, 0.00014331115, -0.00017867949, 10.0342455, 0.00046530177, -0.00017867949, 0.00046530177, -0.00017867949
3.6790000000000003, 0.00014331115, 0.00014331115, 0.00046530177, 0.00014331115, 10.033602, -0.00017867949, -0.00017867949, 0.00046530177, -0.0005006701
3.68, -0.0005006701, 0.00078729243, 0.00046530177, -0.0005006701, 10.0342455, 0.00014331115, -0.00017867949, 0.00078729243, -0.00017867949
3.681, 0.00014331115, 0.00014331115, -0.00017867949, 0.00014331115, 10.033924, 0.00014331115, -0.00017867949, 0.00014331115, 0.00014331115
3.682, 0.00014331115, 0.00014331115, 0.00014331115, -0.0005006701, 10.035212, -0.00017867949, -0.00017867949, 0.00046530177, -0.00017867949
3.6830000000000003, -0.0005006701, 0.00046530177, -0.0005006701, -0.00017867949, 10.035212, 0.00046530177, -0.00017867949, 0.00046530177, -0.00017867949
3.684, -0.00017867949, 0.00046530177, -0.0005006701, 0.00014331115, 10.0365, -0.00017867949, 0.00014331115, -0.00017867949, 0.00014331115
3.685, -0.00017867949, 0.00046530177, -0.0005006701, -0.0005006701, 10.034889, 0.00014331115, -0.00017867949, 0.00014331115, -0.00017867949
3.686, 0.00046530177, -0.0005006701, -0.00017867949, -0.0005006701, 10.034568, 0.00014331115, -0.00017867949, 0.00014331115, 0.00014331115
3.6870000000000003, -0.00017867949, -0.00017867949, 0.00014331115, -0.00017867949, 10.035534, 0.00046530177, -0.00082266075, 0.00014331115, -0.0005006701
3.688, 0.00014331115, 0.00014331115, 0.00014331115, -0.0005006701, 10.034568, 0.00078729243, -0.00017867949, 0.00046530177, 0.00014331115
3.689, -0.0005006701, -0.00017867949, 0.00014331115, -0.00017867949, 10.035212, 0.00014331115, 0.00046530177, 0.00014331115, -0.00017867949
3.69, 0.00014331115, 0.00014331115, 0.00078729243, -0.00017867949, 10.034568, 0.00014331115, -0.0005006701, 0.00078729243, -0.0005006701
3.6910000000000003, -0.0005006701, 0.00014331115, 0.00014331115, 0.00014331115, 10.033924, 0.00078729243, -0.0005006701, 0.00046530177, -0.00082266075
3.692, 0.00014331115, 0.00046530177, 0.00014331115, 0.00078729243, 10.033924, -0.00017867949, -0.00082266075, -0.0005006701, 0.00046530177
3.693, -0.0005006701, -0.0005006701, -0.00017867949, -0.0005006701, 10.036178, 0.00014331115, -0.00017867949, 0.00078729243, -0.0005006701
3.694, -0.00017867949, -0.00017867949, -0.00017867949, 0.00014331115, 10.035212, 0.00014331115, 0.00046530177, 0.00046530177, 0.00014331115
3.6950000000000003, 0.00014331115, 0.00046530177, -0.00017867949, -0.00017867949, 10.035534, 0.00078729243, -0.00017867949, 0.00046530177, -0.0005006701
3.696, -0.00017867949, -0.00017867949, 0.00014331115, -0.0005006701, 10.035212, 0.00014331115, -0.0005006701, 0.00046530177, -0.0005006701
3.697, 0.00046530177, -0.00017867949, 0.00078729243, 0.00078729243, 10.034568, 0.00046530177, -0.00082266075, 0.00046530177, -0.00017867949
3.698, 0.00046530177, 0.00078729243, -0.0005006701, -0.00017867949, 10.035534, -0.00082266075, 0.00014331115, 0.00078729243, 0.00014331115
3.6990000000000003, 0.00014331115, 0.00078729243, -0.00017867949, -0.0005006701, 10.034568, -0.00017867949, -0.00017867949, 0.00014331115, -0.0005006701
3.7, -0.0005006701, -0.00017867949, -0.0005006701, -0.00017867949, 10.035855, -0.00017867949, -0.00017867949, 0.00046530177, 0.00014331115
3.701, -0.00017867949, -0.0005006701, 0.00014331115, 0.00046530177, 10.0342455, 0.00014331115, -0.00017867949, 0.00014331115, -0.0005006701
3.702, -0.00017867949, 0.00014331115, -0.00017867949, -0.00017867949, 10.036178, -0.00017867949, -0.0005006701, 0.00014331115, -0.00017867949
3.7030000000000003, 0.00014331115, 0.00014331115, -0.00017867949, 0.00014331115, 10.0342455, 0.00014331115, -0.0005006701, 0.00046530177, -0.00017867949
3.704, 0.00014331115, 0.00014331115, 0.00046530177, -0.0005006701, 10.034568, -0.00017867949, -0.0005006701, 0.00046530177, -0.0005006701
3.705, -0.00017867949, 0.00046530177, -0.00017867949, 0.00014331115, 10.034568, -0.00017867949, -0.0005006701, 0.00014331115, 0.00014331115
3.706, -0.00017867949, 0.00014331115, -0.00017867949, 0.00014331115, 10.035212, -0.00017867949, -0.00017867949, -0.00017867949, -0.0005006701
3.7070000000000003, -0.00017867949, -0.00017867949, 0.00014331115, 0.00014331115, 10.035855, -0.0005006701, -0.00017867949, 0.00046530177, -0.0005006701
3.708, -0.00082266075, 0.00014331115, -0.00017867949, -0.0005006701, 10.035212, 0.00014331115, 0.00046530177, 0.00046530177, -0.0005006701
3.709, 0.00014331115, -0.00017867949, 0.00014331115, -0.00017867949, 10.034889, 0.00014331115, -0.0005006701, 0.00014331115, -0.0005006701
3.71, 0.00046530177, 0.00046530177, 0.00014331115, 0.00014331115, 10.034568, -0.00017867949, -0.0005006701, 0.00014331115, -0.0005006701
3.7110000000000003, 0.00014331115, 0.00014331115, -0.00017867949, 0.00046530177, 10.035212, 0.00014331115, -0.00017867949, 0.00014331115, 0.00014331115
3.712, 0.00014331115, 0.00014331115, 0.00046530177, -0.00017867949, 10.034889, 0.00046530177, 0.00014331115, -0.0005006701, -0.00017867949
3.713, -0.00017867949, 0.00014331115, 0.00014331115, -0.00017867949, 10.034889, 0.00046530177, -0.00017867949, 0.00046530177, -0.00017867949
3.714, 0.00046530177, 0.00014331115, -0.00017867949, -0.00017867949, 10.0342455, -0.00017867949, -0.00017867949, 0.00014331115, -0.00017867949
3.715, 0.00014331115, -0.00017867949, -0.00017867949, -0.0005006701, 10.034889, -0.00017867949, -0.0005006701, 0.00014331115, -0.00017867949
3.716, 0.00014331115, 0.00014331115, 0.00014331115, -0.0005006701, 10.034889, -0.00017867949, -0.00017867949, 0.00046530177, -0.00017867949
3.717, -0.00017867949, 0.00046530177, 0.00046530177, -0.00017867949, 10.0342455, 0.00046530177, -0.00017867949, 0.00014331115, -0.00082266075
3.718, -0.0005006701, 0.00046530177, 0.00014331115, 0.00046530177, 10.035534, 0.00078729243, -0.00017867949, 0.00046530177, 0.00014331115
3.719, -0.00017867949, 0.00046530177, -0.00017867949, -0.00017867949, 10.035855, -0.00017867949, -0.0005006701, 0.00046530177, 0.00046530177
3.72, -0.0005006701, 0.00014331115, 0.00014331115, -0.0005006701, 10.037144, 0.00014331115, -0.0005006701, 0.00078729243, 0.00014331115
3.721, 0.00014331115, 0.00014331115, 0.00014331115, 0.00014331115, 10.033924, 0.00014331115, 0.00014331115, 0.00046530177, -0.00017867949
3.722, 0.00046530177, 0.00014331115, 0.00014331115, 0.00014331115, 10.034889, 0.00014331115, -0.00017867949, -0.00017867949, -0.00017867949
3.723, -0.00017867949, 0.00046530177, 0.00014331115, 0.00046530177, 10.033924, -0.00017867949, 0.00046530177, -0.00017867949, 0.00014331115
3.724, -0.0005006701, 0.00014331115, -0.0005006701, -0.0005006701, 10.034568, 0.00014331115, -0.0005006701, 0.00014331115, -0.00017867949
3.725, -0.0005006701, 0.00046530177, 0.00014331115, -0.0005006701, 10.034889, 0.00046530177, 0.00014331115, 0.00014331115, -0.0005006701
3.726, -0.00017867949, 0.00014331115, -0.0005006701, -0.00017867949, 10.0342455, -0.00017867949, -0.00017867949, 0.00014331115, -0.00017867949
3.727, -0.00017867949, -0.0005006701, 0.00014331115, 0.00014331115, 10.035855, 0.00014331115, -0.00017867949, 0.00014331115, -0.0005006701
3.728, -0.00017867949, 0.00046530177, -0.0005006701, -0.00017867949, 10.035212, -0.0005006701, -0.00017867949, 0.00014331115, -0.00082266075
3.729, 0.00046530177, 0.00014331115, 0.00014331115, 0.00014331115, 10.035212, 0.00046530177, 0.00014331115, -0.00017867949, -0.00082266075
3.73, 0.00014331115, 0.00014331115, 0.00014331115, -0.0005006701, 10.034889, -0.00017867949, -0.0005006701, 0.00014331115, -0.00017867949
3.731, -0.00017867949, 0.00078729243, -0.00017867949, -0.00017867949, 10.035855, 0.00014331115, 0.00046530177, 0.00014331115, -0.00017867949
3.732, 0.00014331115, 0.00014331115, 0.00046530177, 0.00046530177, 10.035534, 0.00046530177, -0.0005006701, 0.00046530177, -0.0005006701
3.733, -0.00017867949, 0.00046530177, -0.00017867949, 0.00014331115, 10.0342455, 0.00014331115, -0.0005006701, 0.00046530177, -0.00017867949
3.734, 0.00014331115, 0.00046530177, 0.00014331115, -0.00017867949, 10.0342455, 0.00014331115, 0.00014331115, 0.00014331115, -0.00082266075
3.735, 0.00014331115, 0.00014331115, -0.00017867949, -0.00017867949, 10.033602, 0.00014331115, -0.00017867949, 0.00046530177, -0.00082266075
3.736, -0.0005006701, 0.00014331115, 0.00046530177, 0.00014331115, 10.035855, 0.00014331115, -0.00017867949, 0.00046530177, 0.00014331115
3.737, 0.00014331115, 0.00046530177, -0.00017867949, 0.00014331115, 10.035212, 0.00014331115, -0.00017867949, 0.00014331115, -0.0005006701
3.738, -0.0005006701, 0.00014331115, 0.00014331115, 0.00014331115, 10.035855, -0.00017867949, -0.00017867949, 0.00014331115, -0.0005006701
3.739, 0.00046530177, 0.00046530177, 0.00014331115, -0.0005006701, 10.035534, 0.00014331115, -0.00017867949, 0.0011092831, -0.00017867949
3.74, -0.00017867949, 0.00046530177, -0.00017867949, 0.00014331115, 10.035212, 0.00014331115, 0.00014331115, 0.00014331115, -0.0005006701
3.741, 0.00014331115, -0.00017867949, 0.00014331115, -0.00017867949, 10.035212, 0.00046530177, -0.00017867949, 0.00014331115, -0.0005006701
3.742, -0.0005006701, -0.00017867949, 0.00014331115, -0.00017867949, 10.034889, 0.00046530177, 0.00014331115, 0.00046530177, -0.00017867949
3.743, -0.0005006701, -0.00017867949, 0.00014331115, -0.00017867949, 10.034568, 0.00014331115, -0.00017867949, 0.00046530177, 0.00014331115
3.744, -0.00017867949, 0.00014331115, -0.00017867949, 0.00046530177, 10.034568, 0.00014331115, -0.00017867949, 0.00014331115, -0.00082266075
3.745, -0.0005006701, 0.00014331115, 0.00046530177, 0.00046530177, 10.035534, 0.00014331115, -0.00017867949, 0.00078729243, -0.00082266075
3.746, -0.00017867949, 0.00014331115, 0.00014331115, -0.00017867949, 10.034889, 0.00014331115, -0.0005006701, 0.00046530177, -0.00082266075
3.747, 0.00014331115, 0.00014331115, -0.00082266075, -0.0005006701, 10.035534, 0.00046530177, -0.0005006701, 0.00046530177, -0.00017867949
3.748, 0.00014331115, 0.00046530177, 0.00014331115, -0.00017867949, 10.035212, -0.0005006701, -0.0005006701, 0.00046530177, -0.00017867949
3.749, -0.0005006701, 0.00046530177, -0.00017867949, -0.0005006701, 10.035212, 0.00014331115, -0.0005006701, 0.00078729243, 0.00014331115
3.75, -0.0005006701, 0.00046530177, 0.00014331115, 0.00046530177, 10.035212, 0.00078729243, -0.00082266075, -0.00017867949, 0.00014331115
3.751, 0.00014331115, 0.00046530177, 0.00014331115, 0.00046530177, 10.034568, 0.00046530177, -0.00017867949, -0.00017867949, -0.00017867949
3.7520000000000002, 0.00046530177, -0.00017867949, -0.0005006701, 0.00014331115, 10.034889, -0.0005006701, -0.00017867949, 0.00014331115, -0.0005006701
3.753, 0.00046530177, 0.00046530177, -0.00017867949, 0.00014331115, 10.035212, 0.00014331115, 0.00014331115, 0.00046530177, -0.0005006701
3.754, 0.00046530177, 0.00014331115, 0.00014331115, -0.00017867949, 10.035855, -0.00017867949, -0.0005006701, 0.00014331115, -0.0005006701
3.755, 0.00014331115, 0.00014331115, 0.00014331115, -0.00017867949, 10.034889, -0.0005006701, -0.0005006701, 0.00046530177, -0.00082266075
3.7560000000000002, 0.00046530177, 0.00078729243, -0.00082266075, 0.00014331115, 10.034889, 0.00014331115, -0.0005006701, -0.00017867949, 0.00046530177
3.757, -0.00017867949, 0.00014331115, -0.00017867949, -0.00017867949, 10.034889, 0.00046530177, 0.00014331115, -0.00017867949, -0.00017867949
3.758, -0.00017867949, 0.00046530177, 0.00014331115, 0.00046530177, 10.034889, 0.00014331115, 0.00014331115, 0.00014331115, -0.00017867949
3.759, -0.0005006701, -0.00017867949, 0.00014331115, -0.00017867949, 10.035212, -0.0005006701, -0.0005006701, 0.00046530177, -0.0005006701
3.7600000000000002, 0.00014331115, 0.00014331115, 0.00014331115, 0.00046530177, 10.034889, -0.00017867949, -0.0005006701, 0.00014331115, -0.00017867949
3.761, 0.00014331115, 0.00014331115, 0.00014331115, -0.00082266075, 10.036178, 0.00014331115, 0.00046530177, 0.00046530177, -0.00017867949
3.762, 0.00014331115, 0.00046530177, -0.0005006701, -0.00017867949, 10.035212, 0.00046530177, -0.00082266075, 0.00014331115, 0.00014331115
3.763, 0.00014331115, 0.00046530177, 0.00046530177, -0.0005006701, 10.036178, -0.00017867949, -0.00017867949, 0.00046530177, -0.00017867949
3.7640000000000002, -0.00017867949, -0.0005006701, -0.00017867949, 0.00046530177, 10.035212, 0.00078729243, -0.00082266075, 0.00046530177, 0.00014331115
3.765, -0.00017867949, 0.00014331115, 0.00014331115, -0.00017867949, 10.035212, 0.00014331115, -0.0005006701, 0.00046530177, -0.00017867949
3.766, 0.00014331115, -0.00017867949, 0.00014331115, -0.00017867949, 10.0342455, -0.00017867949, 0.00046530177, -0.00017867949, -0.00017867949
3.767, -0.00082266075, 0.00014331115, 0.00014331115, -0.00017867949, 10.033924, 0.00014331115, -0.0005006701, 0.00046530177, -0.0005006701
3.7680000000000002, -0.00017867949, 0.00014331115, -0.0005006701, -0.0005006701, 10.035534, 0.00014331115, -0.00017867949, 0.00046530177, -0.00017867949
3.769, 0.00014331115, 0.00014331115, -0.00017867949, -0.00017867949, 10.034889, 0.00014331115, -0.0005006701, 0.00078729243, -0.00017867949
3.77, -0.0005006701, 0.00014331115, -0.00017867949, -0.0005006701, 10.034568, 0.00046530177, -0.00017867949, 0.00014331115, -0.00082266075
3.771, -0.00017867949, 0.00046530177, 0.00014331115, -0.00017867949, 10.0342455, -0.0005006701, -0.00017867949, 0.00078729243, -0.00017867949
3.7720000000000002, 0.00046530177, 0.00046530177, -0.0005006701, -0.0005006701, 10.034568, 0.00046530177, -0.00017867949, -0.00017867949, -0.00017867949
3.773, 0.00046530177, 0.00078729243, 0.00014331115, -0.00017867949, 10.034889, 0.00014331115, -0.00017867949, -0.00017867949, -0.00017867949
3.774, -0.00017867949, -0.00017867949, -0.00017867949, -0.00017867949, 10.035212, 0.00046530177, 0.00014331115, 0.00078729243, -0.00017867949
3.775, 0.00014331115, -0.00017867949, 0.00014331115, -0.00017867949, 10.034889, 0.00046530177, 0.00014331115, 0.00014331115, -0.0005006701
3.7760000000000002, 0.00014331115, 0.00046530177, -0.00017867949, -0.00017867949, 10.034889, 0.00078729243, 0.00014331115, 0.00046530177, 0.00014331115
3.777, -0.00017867949, -0.00017867949, -0.0005006701, 0.00046530177, 10.035212, 0.00046530177, 0.00046530177, 0.00046530177, -0.00017867949
3.778, 0.00014331115, 0.00078729243, 0.00046530177, 0.00014331115, 10.0342455, 0.00014331115, -0.0005006701, 0.00046530177, -0.00017867949
3.779, -0.00017867949, 0.00014331115, 0.00014331115, -0.00017867949, 10.035534, 0.00078729243, -0.0005006701, 0.00014331115, -0.0005006701
3.7800000000000002, -0.00017867949, 0.00046530177, 0.00014331115, 0.00014331115, 10.034889, -0.00017867949, 0.00014331115, 0.00046530177, -0.00017867949
3.781, -0.00017867949, -0.0005006701, 0.00014331115, 0.00046530177, 10.0365, 0.00014331115, -0.0005006701, -0.00017867949, -0.00082266075
3.782, 0.00014331115, -0.00017867949, -0.0005006701, 0.00078729243, 10.034889, -0.00017867949, 0.00046530177, 0.00046530177, -0.0005006701
3.783, -0.0005006701, 0.00046530177, -0.00017867949, 0.00014331115, 10.035212, -0.00017867949, -0.00017867949, 0.00046530177, -0.00082266075
3.7840000000000003, 0.00014331115, 0.00046530177, 0.00014331115, 0.00014331115, 10.034889, 0.00014331115, -0.00017867949, 0.00078729243, 0.00014331115
3.785, 0.00046530177, -0.0005006701, -0.0005006701, 0.00014331115, 10.034889, -0.00017867949, -0.0005006701, 0.00014331115, -0.0005006701
3.786, 0.00014331115, 0.00014331115, -0.00082266075, -0.00017867949, 10.035534, 0.00046530177, -0.00017867949, 0.00046530177, -0.00017867949
3.787, -0.0005006701, 0.00014331115, 0.00014331115, -0.00017867949, 10.033602, -0.00017867949, -0.00017867949, 0.00014331115, -0.0005006701
3.7880000000000003, -0.00017867949, 0.00014331115, 0.00014331115, 0.00014331115, 10.035212, -0.00017867949, -0.00082266075, 0.00046530177, 0.00014331115
3.789, -0.0005006701, 0.00014331115, -0.00017867949, -0.00017867949, 10.035212, 0.00014331115, 0.00014331115, 0.00014331115, -0.00082266075
3.79, -0.00017867949, 0.00046530177, 0.00078729243, 0.00014331115, 10.035212, 0.00014331115, -0.00017867949, 0.00014331115, -0.00017867949
3.791, -0.0005006701, 0.00014331115, 0.00014331115, 0.00014331115, 10.034568, 0.00046530177, 0.00014331115, 0.00014331115, -0.0011446514
3.7920000000000003, 0.00014331115, -0.0005006701, -0.00017867949, 0.00014331115, 10.035212, -0.00017867949, -0.00017867949, 0.00046530177, -0.0005006701
3.793, -0.00017867949, -0.00082266075, 0.00014331115, -0.0005006701, 10.035212, 0.00014331115, -0.0005006701, 0.00046530177, -0.0005006701
3.794, -0.00017867949, -0.00017867949, -0.00017867949, -0.0005006701, 10.034889, 0.00046530177, 0.00014331115, 0.00014331115, -0.0005006701
3.795, -0.0005006701, 0.00046530177, 0.00014331115, -0.00017867949, 10.035212, 0.00014331115, -0.00017867949, 0.00046530177, 0.00014331115
3.7960000000000003, 0.00046530177, 0.00014331115, -0.00017867949, -0.0005006701, 10.035212, 0.00014331115, -0.00017867949, 0.00014331115, -0.00017867949
3.797, -0.00017867949, 0.00014331115, -0.00017867949, -0.00017867949, 10.035212, -0.0005006701, -0.00017867949, 0.00014331115, -0.00017867949
3.798, -0.0005006701, 0.00014331115, -0.00082266075, -0.00017867949, 10.033602, 0.00014331115, -0.00017867949, 0.00014331115, 0.00014331115
3.799, -0.0005006701, 0.00078729243, -0.00017867949, 0.00046530177, 10.034568, 0.00014331115, 0.00014331115, 0.00014331115, -0.0005006701
3.8000000000000003, 0.00046530177, -0.00017867949, 0.00046530177, -0.00017867949, 10.035534, 0.00078729243, -0.00017867949, 0.00014331115, -0.00017867949
3.801, 0.00046530177, -0.00017867949, 0.00014331115, -0.00017867949, 10.035534, 0.00014331115, -0.00017867949, 0.00046530177, 0.00014331115
3.802, -0.0005006701, -0.00017867949, -0.0005006701, 0.00014331115, 10.035534, 0.00014331115, -0.00082266075, 0.00014331115, -0.00017867949
3.803, -0.00017867949, -0.00017867949, 0.00014331115, 0.00014331115, 10.034568, 0.00014331115, -0.00017867949, 0.00046530177, -0.0005006701
3.8040000000000003, -0.00017867949, 0.00014331115, -0.0005006701, 0.00014331115, 10.0342455, -0.00017867949, 0.00014331115, 0.00014331115, -0.00017867949
3.805, -0.0005006701, -0.0005006701, 0.00014331115, -0.00082266075, 10.0342455, -0.00017867949, 0.00014331115, 0.00078729243, -0.00017867949
3.806, 0.00046530177, -0.00017867949, -0.0005006701, -0.00017867949, 10.035212, 0.00014331115, -0.00017867949, 0.00014331115, 0.00014331115
3.807, -0.0005006701, 0.00078729243, 0.00014331115, -0.00017867949, 10.035212, 0.00014331115, -0.00017867949, 0.00046530177, -0.00017867949
3.8080000000000003, 0.00014331115, 0.00014331115, 0.00014331115, 0.00046530177, 10.035534, 0.00046530177, -0.00017867949, 0.00046530177, -0.00017867949
3.809, -0.00082266075, 0.00014331115, 0.00014331115, 0.00014331115, 10.034889, 0.00014331115, -0.0005006701, 0.00046530177, -0.00017867949
3.81, -0.00017867949, 0.00046530177, 0.00014331115, 0.00014331115, 10.034889, 0.00046530177, -0.00017867949, 0.00046530177, -0.00082266075
3.811, -0.00017867949, 0.00046530177, 0.00014331115, 0.00014331115, 10.035212, -0.0005006701, 0.00014331115, -0.00017867949, 0.00046530177
3.8120000000000003, -0.0005006701, 0.00014331115, 0.00014331115, -0.00017867949, 10.0342455, 0.00014331115, 0.00014331115, 0.00046530177, -0.00017867949
3.813, -0.00017867949, 0.00046530177, 0.00014331115, 0.00014331115, 10.0342455, 0.00046530177, -0.00017867949, -0.00017867949, 0.00014331115
3.814, 0.00014331115, -0.0005006701, -0.0005006701, -0.0005006701, 10.033602, 0.00014331115, -0.00017867949, 0.00078729243, -0.00017867949
3.815, -0.00017867949, 0.00014331115, -0.00017867949, 0.00014331115, 10.035212, 0.00046530177, -0.0005006701, 0.00014331115, -0.0005006701
3.8160000000000003, -0.00017867949, 0.00014331115, -0.0005006701, -0.00017867949, 10.033924, -0.00017867949, 0.00046530177, 0.00046530177, -0.00017867949
3.817, -0.00017867949, 0.00014331115, 0.00014331115, 0.00046530177, 10.034568, 0.00046530177, 0.00046530177, 0.00078729243, 0.00046530177
3.818, -0.00017867949, 0.00014331115, -0.0005006701, -0.00017867949, 10.035212, -0.00017867949, 0.00014331115, -0.00017867949, -0.0005006701
3.819, -0.00017867949, 0.00078729243, 0.00014331115, 0.00014331115, 10.0342455, -0.00017867949, 0.00046530177, 0.00014331115, -0.00017867949
3.8200000000000003, 0.00014331115, 0.00046530177, 0.00046530177, -0.00017867949, 10.033924, 0.00014331115, -0.0005006701, 0.00014331115, -0.0005006701
3.821, -0.0005006701, 0.00014331115, -0.0005006701, -0.0005006701, 10.033924, -0.00017867949, 0.00014331115, 0.00046530177, -0.00017867949
3.822, 0.00078729243, -0.0005006701, -0.00017867949, -0.00017867949, 10.0342455, 0.00014331115, -0.00017867949, 0.00046530177, -0.00017867949
3.823, -0.00017867949, 0.00014331115, 0.00014331115, -0.00017867949, 10.033924, 0.00078729243, -0.00017867949, 0.00046530177, 0.00014331115
3.8240000000000003, -0.0005006701, 0.00014331115, 0.00014331115, 0.00046530177, 10.035212, 0.00046530177, 0.00014331115, 0.00014331115, -0.0005006701
3.825, 0.00014331115, 0.00014331115, 0.00046530177, 0.00014331115, 10.035212, 0.00046530177, -0.0005006701, 0.00078729243, 0.00014331115
3.826, -0.0005006701, -0.0005006701, 0.00014331115, 0.00046530177, 10.035212, 0.00078729243, -0.00017867949, 0.00046530177, -0.00017867949
3.827, -0.00082266075, 0.00046530177, 0.00014331115, -0.00017867949, 10.035855, -0.00017867949, -0.00017867949, 0.00046530177, 0.00014331115
3.8280000000000003, -0.0005006701, 0.00046530177, 0.00014331115, -0.00017867949, 10.035534, 0.00046530177, 0.00046530177, 0.00014331115, 0.00046530177
3.829, -0.00017867949, -0.00017867949, -0.00017867949, -0.00017867949, 10.035855, 0.00014331115, -0.00017867949, 0.00014331115, -0.00017867949
3.83, 0.00014331115, -0.00017867949, 0.00014331115, 0.00078729243, 10.034568, 0.00078729243, -0.00017867949, 0.00046530177, -0.0005006701
3.831, -0.00017867949, 0.00014331115, 0.00014331115, 0.00014331115, 10.035855, -0.00017867949, -0.00017867949, 0.00014331115, 0.00046530177
3.8320000000000003, -0.0005006701, -0.00017867949, -0.00017867949, 0.00014331115, 10.035212, -0.0005006701, -0.0005006701, 0.00046530177, -0.00082266075
3.833, -0.00017867949, 0.00046530177, -0.00017867949, 0.00014331115, 10.034889, 0.00014331115, -0.0005006701, 0.00014331115, -0.00017867949
3.834, 0.00014331115, -0.00017867949, 0.00046530177, -0.0005006701, 10.035212, 0.00046530177, -0.0005006701, -0.00017867949, -0.00017867949
3.835, -0.00017867949, 0.00046530177, -0.00017867949, 0.00014331115, 10.034889, -0.0005006701, 0.00014331115, 0.00046530177, 0.00014331115
3.8360000000000003, -0.00017867949, -0.00017867949, 0.00014331115, 0.00014331115, 10.035534, 0.00014331115, 0.00046530177, 0.00014331115, -0.0005006701
3.837, -0.00017867949, 0.00046530177, -0.00017867949, -0.0005006701, 10.035212, 0.00046530177, -0.00017867949, 0.00014331115, -0.0005006701
3.838, -0.0005006701, 0.00014331115, 0.00014331115, 0.00046530177, 10.034889, 0.00014331115, 0.00014331115, 0.00078729243, -0.00017867949
3.839, 0.00014331115, -0.00017867949, 0.00046530177, -0.00017867949, 10.034568, 0.00014331115, 0.00046530177, 0.00046530177, -0.00082266075
3.84, 0.00014331115, 0.00014331115, -0.00017867949, -0.00017867949, 10.035534, -0.00017867949, -0.0005006701, 0.00046530177, 0.00014331115
3.841, -0.00017867949, 0.00014331115, 0.00014331115, -0.0005006701, 10.035534, 0.00046530177, -0.0005006701, 0.00014331115, -0.00017867949
3.842, 0.00046530177, 0.00046530177, 0.00014331115, 0.00014331115, 10.0365, 0.00014331115, -0.00017867949, 0.0011092831, -0.00017867949
3.843, -0.00017867949, -0.00017867949, -0.00017867949, -0.00017867949, 10.035212, -0.00017867949, -0.00017867949, 0.00078729243, -0.0005006701
3.844, -0.0005006701, 0.00014331115, 0.00014331115, -0.00017867949, 10.034568, 0.00014331115, -0.00017867949, 0.00046530177, -0.00017867949
3.845, 0.00046530177, 0.00046530177, 0.00014331115, 0.00014331115, 10.033602, 0.00046530177, 0.00014331115, 0.00046530177, -0.0005006701
3.846, -0.00017867949, 0.00014331115, -0.00017867949, 0.00014331115, 10.034889, 0.00014331115, -0.0005006701, 0.00014331115, 0.00014331115
3.847, -0.00017867949, 0.00046530177, -0.0005006701, -0.0005006701, 10.036178, 0.00046530177, 0.00014331115, 0.00014331115, -0.0005006701
3.848, 0.00014331115, 0.00046530177, -0.0005006701, -0.00017867949, 10.0342455, 0.00014331115, -0.00017867949, 0.00078729243, -0.0005006701
3.849, -0.00017867949, 0.00014331115, -0.00017867949, -0.00017867949, 10.036178, 0.00046530177, 0.00014331115, 0.00014331115, -0.00017867949
3.85, 0.00046530177, 0.00046530177, 0.00014331115, -0.00017867949, 10.0342455, 0.00014331115, -0.0005006701, 0.00046530177, -0.00017867949
3.851, -0.0005006701, -0.00017867949, -0.0005006701, -0.00017867949, 10.034889, -0.00017867949, -0.0005006701, 0.00014331115, -0.00017867949
3.852, 0.00014331115, 0.00046530177, -0.00017867949, 0.00046530177, 10.034889, -0.00017867949, 0.00014331115, 0.00078729243, -0.0005006701
3.853, 0.00014331115, 0.00046530177, 0.00014331115, -0.00017867949, 10.036178, 0.00014331115, 0.00014331115, 0.00078729243, 0.00014331115
3.854, -0.00017867949, 0.00014331115, 0.00014331115, 0.00014331115, 10.035212, 0.00014331115, 0.00014331115, 0.00014331115, 0.00014331115
3.855, -0.00017867949, 0.00014331115, 0.00014331115, 0.00014331115, 10.034889, 0.00014331115, -0.00017867949, 0.00014331115, -0.0005006701
3.856, 0.00014331115, -0.00017867949, 0.00014331115, -0.0005006701, 10.036178, -0.00017867949, 0.00046530177, -0.00017867949, 0.00046530177
3.857, 0.00014331115, 0.00014331115, 0.00046530177, 0.00014331115, 10.034568, 0.00014331115, -0.0005006701, -0.00017867949, -0.00082266075
3.858, -0.0005006701, 0.00078729243, -0.00017867949, 0.00014331115, 10.035212, 0.00014331115, -0.00017867949, -0.00017867949, -0.00017867949
3.859, 0.00014331115, 0.00014331115, -0.00017867949, -0.00017867949, 10.034568, -0.00017867949, 0.00046530177, 0.00078729243, -0.00017867949
3.86, 0.00014331115, -0.0005006701, 0.00014331115, 0.00014331115, 10.035212, 0.00014331115, -0.00082266075, 0.00014331115, -0.0005006701
3.861, 0.00046530177, 0.00046530177, -0.00017867949, -0.0005006701, 10.034568, 0.00046530177, 0.00014331115, 0.00014331115, -0.0005006701
3.862, 0.00046530177, -0.00017867949, -0.00017867949, 0.00046530177, 10.035212, 0.00014331115, 0.00014331115, 0.00014331115, -0.00082266075
3.863, 0.00014331115, -0.0005006701, -0.0005006701, -0.00017867949, 10.035212, -0.00017867949, 0.00014331115, 0.00014331115, -0.00017867949
3.864, 0.00046530177, -0.00017867949, -0.00017867949, 0.00046530177, 10.035855, 0.00046530177, 0.00014331115, 0.00014331115, -0.0005006701
3.865, -0.00017867949, 0.00014331115, -0.00017867949, -0.00017867949, 10.034889, 0.00014331115, -0.00017867949, 0.00046530177, -0.00017867949
3.866, -0.00017867949, 0.00046530177, 0.00046530177, -0.00017867949, 10.034889, 0.00078729243, -0.00017867949, -0.00017867949, -0.0005006701
3.867, -0.00017867949, -0.0005006701, -0.00017867949, 0.00014331115, 10.035534, 0.00046530177, -0.00017867949, 0.00046530177, -0.0005006701
3.868, -0.0005006701, 0.00046530177, 0.00014331115, 0.00014331115, 10.035534, 0.00014331115, -0.00017867949, 0.00014331115, -0.00017867949
3.869, -0.0005006701, -0.00017867949, 0.00014331115, -0.00017867949, 10.034889, -0.00017867949, -0.0005006701, -0.00017867949, -0.00082266075
3.87, 0.00014331115, 0.00014331115, -0.00017867949, -0.00017867949, 10.035534, -0.00017867949, -0.00082266075, -0.00017867949, 0.00046530177
3.871, -0.00017867949, 0.00014331115, -0.0005006701, -0.00082266075, 10.034889, 0.00014331115, -0.00017867949, 0.00014331115, -0.00017867949
3.872, -0.00017867949, 0.00046530177, 0.00046530177, 0.00014331115, 10.035212, 0.00014331115, 0.00014331115, -0.00017867949, -0.0005006701
3.873, -0.00017867949, 0.00014331115, -0.0011446514, 0.00014331115, 10.033924, -0.00017867949, -0.00017867949, 0.00014331115, -0.00017867949
3.874, -0.0005006701, 0.00014331115, 0.00014331115, 0.00046530177, 10.034568, 0.00046530177, 0.00014331115, 0.00014331115, -0.00017867949
3.875, 0.00014331115, 0.00046530177, 0.00014331115, -0.00017867949, 10.035855, -0.00017867949, -0.0005006701, 0.00014331115, -0.00017867949
3.876, 0.00014331115, 0.0011092831, 0.00014331115, 0.00046530177, 10.035855, -0.00017867949, -0.00017867949, 0.00046530177, -0.0005006701
3.8770000000000002, -0.00017867949, 0.00046530177, -0.00017867949, 0.00014331115, 10.035534, 0.00014331115, -0.00017867949, 0.00046530177, -0.00017867949
3.878, -0.0005006701, 0.00046530177, 0.00046530177, -0.0005006701, 10.035855, -0.00017867949, 0.00014331115, 0.00014331115, -0.00017867949
3.879, -0.00017867949, 0.00014331115, 0.00046530177, 0.00014331115, 10.035534, 0.00078729243, -0.0005006701, 0.00078729243, -0.00017867949
3.88, -0.00082266075, -0.00017867949, -0.00017867949, 0.00014331115, 10.034568, 0.00014331115, -0.0005006701, 0.00014331115, -0.00082266075
3.8810000000000002, -0.0005006701, -0.00017867949, -0.0005006701, 0.00014331115, 10.034568, 0.00014331115, -0.00017867949, -0.00017867949, -0.0005006701
3.882, -0.0005006701, 0.00046530177, -0.00017867949, 0.00014331115, 10.034568, 0.00014331115, 0.00046530177, 0.00014331115, -0.00017867949
3.883, 0.00046530177, -0.00017867949, -0.00017867949, 0.00046530177, 10.035855, 0.00078729243, -0.00017867949, 0.00046530177, -0.00017867949
3.884, -0.00017867949, 0.00014331115, 0.00014331115, -0.00017867949, 10.0342455, -0.00017867949, -0.00017867949, -0.00017867949, 0.00014331115
3.8850000000000002, -0.00017867949, 0.00014331115, -0.00017867949, -0.00017867949, 10.036178, -0.0005006701, 0.00014331115, 0.00014331115, -0.00017867949
3.886, 0.00046530177, 0.00014331115, -0.00017867949, 0.00014331115, 10.034889, 0.00014331115, -0.0005006701, 0.00014331115, -0.00017867949
3.887, -0.00017867949, 0.00014331115, -0.00017867949, 0.00046530177, 10.035212, 0.00014331115, 0.00014331115, 0.00046530177, -0.00082266075
3.888, -0.00017867949, -0.0005006701, -0.00017867949, -0.0005006701, 10.035212, 0.00014331115, 0.00014331115, -0.00017867949, -0.0005006701
3.8890000000000002, -0.00017867949, 0.00014331115, 0.00014331115, -0.00017867949, 10.034889, 0.00014331115, -0.0005006701, 0.00046530177, 0.00014331115
3.89, -0.0005006701, -0.00017867949, 0.00014331115, 0.00014331115, 10.035534, -0.0005006701, 0.00046530177, 0.00014331115, -0.0005006701
3.891, 0.00046530177, 0.00014331115, 0.00046530177, -0.0005006701, 10.033602, 0.00046530177, -0.00017867949, 0.00014331115, -0.00082266075
3.892, 0.00014331115, -0.00017867949, -0.00017867949, 0.00014331115, 10.034889, -0.00082266075, -0.0005006701, 0.00046530177, 0.00014331115
3.8930000000000002, 0.00014331115, 0.00014331115, 0.00014331115, 0.00046530177, 10.035212, 0.00014331115, -0.0005006701, 0.00046530177, -0.00017867949
3.894, 0.00014331115, 0.00078729243, 0.00046530177, -0.00017867949, 10.035534, -0.00017867949, -0.0005006701, 0.00078729243, 0.00014331115
3.895, -0.00017867949, 0.00046530177, 0.00046530177, -0.0005006701, 10.035212, -0.00017867949, 0.00014331115, 0.00014331115, -0.00017867949
3.896, 0.00014331115, 0.00014331115, -0.00017867949, 0.00046530177, 10.0342455, 0.00046530177, -0.0005006701, 0.00046530177, -0.00017867949
3.8970000000000002, -0.0005006701, 0.00046530177, -0.00017867949, -0.00017867949, 10.034889, 0.00014331115, -0.0005006701, 0.00014331115, 0.00014331115
3.898, 0.00046530177, 0.00078729243, 0.00014331115, 0.00046530177, 10.034568, -0.00017867949, -0.0005006701, 0.00046530177, -0.00017867949
3.899, 0.00014331115, 0.00014331115, -0.0005006701, -0.00017867949, 10.034568, -0.00017867949, -0.00017867949, 0.00014331115, -0.0005006701
3.9, 0.00014331115, 0.00046530177, -0.00017867949, 0.00014331115, 10.034568, -0.00017867949, -0.0005006701, 0.00014331115, -0.0005006701
3.9010000000000002, -0.0005006701, -0.00017867949, 0.00014331115, -0.0005006701, 10.036178, -0.00017867949, 0.00014331115, 0.00046530177, -0.00082266075
3.902, 0.00014331115, 0.00046530177, -0.00017867949, -0.0005006701, 10.035534, 0.00046530177, 0.00014331115, 0.00046530177, -0.00017867949
3.903, -0.0005006701, 0.00046530177, -0.00017867949, 0.00014331115, 10.035212, 0.00014331115, -0.0005006701, 0.00014331115, -0.00017867949
3.904, -0.0005006701, 0.00046530177, 0.00014331115, -0.00017867949, 10.035212, -0.00017867949, -0.00017867949, 0.00046530177, -0.00017867949
3.9050000000000002, -0.00017867949, 0.00046530177, 0.00014331115, -0.0005006701, 10.035534, 0.00046530177, 0.00014331115, 0.00078729243, 0.00046530177
3.906, -0.0005006701, -0.00017867949, -0.00017867949, -0.00017867949, 10.035534, -0.00017867949, -0.0005006701, 0.00014331115, -0.00082266075
3.907, -0.0011446514, 0.00014331115, -0.00017867949, -0.00017867949, 10.035534, -0.00017867949, -0.00017867949, 0.00046530177, -0.00017867949
3.908, -0.0005006701, 0.00046530177, 0.00014331115, 0.00014331115, 10.037144, 0.00014331115, -0.00017867949, 0.00046530177, -0.0005006701
3.9090000000000003, -0.0005006701, 0.00046530177, -0.0005006701, 0.00014331115, 10.033602, 0.00014331115, -0.00017867949, 0.00078729243, -0.0005006701
3.91, -0.00082266075, 0.00046530177, 0.00014331115, -0.00017867949, 10.034568, -0.00082266075, -0.00017867949, 0.00078729243, 0.00014331115
3.911, 0.00046530177, 0.00046530177, 0.00046530177, -0.00017867949, 10.035212, 0.00014331115, -0.00017867949, 0.00078729243, -0.0005006701
3.912, -0.0005006701, 0.00046530177, -0.0005006701, -0.00017867949, 10.035212, 0.00046530177, 0.00014331115, 0.00046530177, -0.00017867949
3.9130000000000003, 0.00046530177, -0.0005006701, -0.00082266075, 0.00014331115, 10.035212, -0.00017867949, 0.00014331115, 0.00046530177, -0.00017867949
3.914, 0.00014331115, 0.00014331115, -0.00017867949, -0.00082266075, 10.034889, -0.00017867949, 0.00014331115, 0.00046530177, -0.00017867949
3.915, 0.00014331115, -0.00017867949, 0.00014331115, 0.00014331115, 10.035212, 0.00014331115, -0.00017867949, -0.00017867949, -0.0005006701
3.916, -0.00017867949, 0.00046530177, -0.0005006701, 0.00014331115, 10.0342455, 0.00014331115, -0.0005006701, -0.00017867949, -0.00082266075
3.9170000000000003, 0.00014331115, 0.00014331115, 0.00014331115, 0.00014331115, 10.036178, 0.00046530177, 0.00014331115, 0.00014331115, -0.0011446514
3.918, -0.00017867949, 0.00046530177, 0.00014331115, 0.00014331115, 10.035212, 0.00046530177, -0.00082266075, 0.00014331115, 0.00014331115
3.919, 0.00014331115, 0.00014331115, -0.0005006701, -0.0005006701, 10.0365, -0.00017867949, -0.00082266075, 0.0011092831, -0.0005006701
3.92, -0.00017867949, 0.00014331115, 0.00014331115, -0.00017867949, 10.034568, 0.00014331115, -0.00017867949, 0.00014331115, -0.00017867949
3.9210000000000003, -0.00017867949, -0.0005006701, 0.00014331115, 0.00046530177, 10.034568, -0.0005006701, -0.00017867949, 0.00014331115, -0.00017867949
3.922, -0.00017867949, 0.00014331115, 0.00014331115, -0.00017867949, 10.033602, -0.0005006701, 0.00014331115, 0.00014331115, -0.0005006701
3.923, -0.00017867949, 0.00078729243, 0.00014331115, 0.00014331115, 10.033924, 0.00014331115, -0.00017867949, 0.00046530177, -0.00082266075
3.924, 0.00014331115, 0.00046530177, -0.00017867949, -0.00017867949, 10.034889, 0.00014331115, -0.00017867949, 0.00014331115, -0.0005006701
3.9250000000000003, 0.00014331115, 0.00014331115, -0.0005006701, 0.00014331115, 10.0342455, 0.00014331115, 0.00014331115, 0.00046530177, -0.00017867949
3.926, -0.0005006701, -0.00017867949, -0.00017867949, 0.00014331115, 10.036821, 0.00014331115, -0.00017867949, 0.00046530177, -0.00017867949
3.927, 0.00014331115, 0.00078729243, 0.00014331115, -0.00017867949, 10.035212, -0.00017867949, -0.00082266075, -0.00017867949, 0.00014331115
3.928, -0.00017867949, 0.00014331115, 0.00046530177, -0.0005006701, 10.034568, -0.00017867949, -0.0005006701, 0.00046530177, -0.0005006701
3.9290000000000003, 0.00014331115, -0.0005006701, 0.00014331115, 0.00014331115, 10.035855, -0.0005006701, -0.00082266075, 0.00014331115, -0.0005006701
3.93, 0.00014331115, 0.00014331115, 0.00014331115, -0.00017867949, 10.036178, 0.00014331115, -0.00017867949, 0.00046530177, -0.0005006701
3.931, -0.0005006701, 0.00046530177, 0.00014331115, 0.00014331115, 10.035212, -0.00017867949, -0.00017867949, 0.00078729243, -0.00017867949
3.932, 0.00014331115, 0.00046530177, -0.00017867949, 0.00046530177, 10.034568, -0.0005006701, 0.00014331115, 0.00046530177, 0.00014331115
3.9330000000000003, 0.00014331115, 0.00046530177, -0.00017867949, -0.00017867949, 10.033924, 0.00046530177, -0.00017867949, 0.00046530177, -0.00017867949
3.934, -0.00017867949, -0.00017867949, -0.00017867949, 0.00014331115, 10.033924, -0.00017867949, -0.0005006701, 0.00014331115, 0.00046530177
3.935, 0.00014331115, -0.00017867949, -0.00017867949, -0.00017867949, 10.034889, -0.00017867949, -0.00017867949, 0.00046530177, -0.00082266075
3.936, -0.0005006701, 0.00046530177, 0.00014331115, 0.00046530177, 10.035534, 0.00046530177, -0.00017867949, 0.00014331115, 0.00014331115
3.9370000000000003, -0.00017867949, 0.00014331115, 0.00014331115, -0.00017867949, 10.035855, 0.00046530177, -0.00017867949, 0.00046530177, 0.00014331115
3.938, 0.00014331115, -0.00017867949, 0.00014331115, -0.0005006701, 10.035212, 0.00046530177, 0.00014331115, -0.00017867949, -0.00017867949
3.939, -0.0005006701, 0.00014331115, -0.00017867949, -0.00017867949, 10.034568, -0.00017867949, -0.00082266075, 0.00078729243, -0.0005006701
3.94, -0.00017867949, 0.00046530177, 0.00046530177, 0.00014331115, 10.034568, 0.00014331115, -0.00017867949, 0.00014331115, -0.00017867949
3.9410000000000003, -0.0005006701, 0.0011092831, -0.0005006701, -0.0005006701, 10.035212, 0.00014331115, -0.0005006701, 0.00014331115, -0.00017867949
3.942, -0.0005006701, -0.00017867949, -0.00017867949, -0.00017867949, 10.035855, 0.00014331115, 0.00014331115, 0.00014331115, -0.00082266075
3.943, -0.00017867949, -0.00017867949, -0.00017867949, 0.00014331115, 10.034568, 0.00046530177, -0.0005006701, 0.00014331115, -0.00017867949
3.944, 0.00046530177, -0.00017867949, 0.00014331115, 0.00014331115, 10.035534, 0.00014331115, 0.00014331115, -0.00017867949, -0.00017867949
3.9450000000000003, 0.00046530177, 0.00046530177, -0.00017867949, 0.00046530177, 10.0342455, 0.00046530177, -0.0005006701, 0.00078729243, -0.00017867949
3.946, -0.0005006701, 0.00014331115, 0.00046530177, -0.00017867949, 10.035212, 0.00046530177, 0.00014331115, 0.00014331115, -0.00017867949
3.947, -0.00017867949, 0.00046530177, -0.0005006701, -0.0005006701, 10.033924, -0.00017867949, -0.0005006701, 0.00078729243, -0.0005006701
3.948, -0.00017867949, -0.00017867949, -0.0005006701, -0.00017867949, 10.035212, 0.00014331115, -0.00082266075, 0.00046530177, -0.0005006701
3.9490000000000003, -0.00017867949, 0.00046530177, -0.00017867949, 0.00046530177, 10.036178, 0.00046530177, -0.00017867949, 0.00014331115, -0.0005006701
3.95, 0.00014331115, 0.00046530177, -0.0005006701, -0.00017867949, 10.034568, 0.00014331115, 0.00014331115, 0.00046530177, -0.00017867949
3.951, -0.0005006701, 0.00046530177, 0.00046530177, -0.00017867949, 10.035855, -0.0005006701, -0.0005006701, -0.00017867949, -0.0005006701
3.952, 0.00046530177, 0.00014331115, 0.00014331115, 0.00046530177, 10.035534, -0.00017867949, -0.0005006701, 0.00046530177, -0.00017867949
3.9530000000000003, -0.00082266075, 0.00014331115, 0.00046530177, 0.00046530177, 10.035212, 0.00046530177, -0.00082266075, 0.00014331115, -0.00082266075
3.954, -0.00082266075, 0.00014331115, -0.0005006701, -0.00017867949, 10.034889, 0.00078729243, -0.00017867949, 0.00014331115, -0.00082266075
3.955, 0.00014331115, 0.00046530177, -0.00017867949, 0.00014331115, 10.033924, 0.00046530177, -0.00017867949, 0.00014331115, -0.00082266075
3.956, -0.00017867949, 0.00014331115, 0.00014331115, -0.0005006701, 10.034568, -0.00017867949, -0.00017867949, -0.0005006701, -0.00082266075
3.9570000000000003, 0.00014331115, 0.00046530177, 0.00014331115, -0.00017867949, 10.0342455, -0.0005006701, -0.0005006701, -0.00017867949, -0.0005006701
3.958, 0.00014331115, -0.00017867949, 0.00014331115, 0.00014331115, 10.035212, -0.00017867949, -0.00017867949, -0.00017867949, 0.00014331115
3.959, -0.00017867949, 0.00014331115, -0.00017867949, 0.00046530177, 10.035855, -0.00017867949, 0.00014331115, 0.00014331115, -0.00017867949
3.96, 0.00078729243, -0.00017867949, 0.00078729243, -0.00017867949, 10.035855, 0.00046530177, -0.00017867949, 0.00078729243, -0.00017867949
3.9610000000000003, 0.00046530177, 0.00014331115, 0.00014331115, -0.00017867949, 10.0342455, -0.00017867949, -0.0005006701, 0.00014331115, 0.00014331115
3.962, -0.00082266075, 0.00046530177, -0.00017867949, -0.00017867949, 10.034889, 0.00046530177, -0.0005006701, 0.00046530177, -0.0005006701
3.963, 0.00014331115, 0.00078729243, -0.00017867949, 0.00014331115, 10.035212, -0.00017867949, -0.00017867949, 0.00014331115, -0.00017867949
3.964, 0.00014331115, 0.00046530177, 0.00014331115, -0.00017867949, 10.034568, 0.00014331115, -0.00017867949, 0.00046530177, 0.00014331115
3.9650000000000003, -0.00017867949, 0.00014331115, 0.00014331115, -0.00017867949, 10.034568, 0.00046530177, -0.0005006701, 0.00014331115, -0.00082266075
3.966, 0.00046530177, 0.00014331115, 0.00046530177, -0.00017867949, 10.035534, 0.00014331115, 0.00014331115, 0.00014331115, -0.00017867949
3.967, -0.00017867949, -0.00017867949, 0.00014331115, 0.00014331115, 10.034568, 0.00046530177, -0.00017867949, -0.00017867949, 0.00014331115
3.968, -0.0005006701, -0.00017867949, 0.00014331115, 0.00014331115, 10.0342455, -0.00017867949, -0.00017867949, -0.00017867949, -0.00017867949
3.969, -0.00082266075, -0.0005006701, 0.00046530177, 0.00014331115, 10.034568, -0.00017867949, -0.0005006701, 0.00046530177, -0.00017867949
3.97, 0.00014331115, 0.00014331115, -0.00017867949, -0.00017867949, 10.0342455, 0.00014331115, -0.00017867949, 0.00014331115, -0.00017867949
3.971, 0.00014331115, 0.00078729243, 0.00078729243, 0.00046530177, 10.036178, -0.00017867949, -0.00082266075, 0.00014331115, 0.00014331115
3.972, -0.00082266075, -0.00017867949, 0.00046530177, -0.00017867949, 10.035534, -0.00017867949, -0.00017867949, 0.00046530177, -0.00017867949
3.973, -0.0005006701, -0.00017867949, 0.00014331115, -0.0005006701, 10.035212, -0.0005006701, -0.00017867949, 0.00046530177, 0.00014331115
3.974, -0.0005006701, 0.00046530177, -0.00017867949, -0.0005006701, 10.034889, 0.00014331115, -0.00017867949, -0.00017867949, -0.00082266075
3.975, -0.0005006701, -0.0005006701, 0.00014331115, 0.00014331115, 10.034568, 0.00014331115, -0.00017867949, 0.00046530177, -0.00017867949
3.976, 0.00046530177, 0.00046530177, 0.00014331115, -0.0005006701, 10.035212, 0.00046530177, -0.00017867949, 0.00014331115, -0.0005006701
3.977, -0.00017867949, 0.00014331115, 0.00046530177, 0.00078729243, 10.035212, 0.00014331115, 0.00046530177, -0.00017867949, -0.00017867949
3.978, 0.00014331115, 0.00014331115, -0.00017867949, -0.00017867949, 10.035855, -0.00017867949, 0.00014331115, 0.00046530177, -0.0005006701
3.979, 0.00014331115, 0.00014331115, -0.00017867949, -0.0005006701, 10.034889, 0.00014331115, 0.00014331115, -0.00017867949, 0.00014331115
3.98, 0.0011092831, 0.00046530177, -0.00017867949, 0.00014331115, 10.034889, 0.00046530177, -0.0005006701, -0.00017867949, -0.00017867949
3.981, 0.00046530177, -0.00017867949, 0.00014331115, -0.00017867949, 10.034889, 0.00014331115, -0.00017867949, 0.00046530177, -0.00017867949
3.982, -0.00017867949, 0.00046530177, 0.00014331115, 0.00014331115, 10.034568, 0.00014331115, -0.00017867949, 0.00046530177, 0.00014331115
3.983, 0.00014331115, -0.00017867949, 0.00014331115, -0.00017867949, 10.034568, 0.00014331115, -0.0005006701, -0.00017867949, -0.00017867949
3.984, -0.00017867949, -0.00017867949, -0.00017867949, -0.00017867949, 10.0342455, 0.00046530177, -0.0005006701, 0.00046530177, 0.00046530177
3.985, 0.00014331115, -0.00017867949, -0.00017867949, -0.0005006701, 10.035534, 0.00014331115, 0.00014331115, 0.00014331115, -0.00017867949
3.986, 0.00014331115, -0.0005006701, 0.00046530177, 0.00014331115, 10.035855, -0.00017867949, -0.00017867949, -0.00017867949, -0.00082266075
3.987, -0.00017867949, 0.00014331115, -0.00017867949, -0.0005006701, 10.036178, 0.00014331115, -0.00017867949, -0.00017867949, -0.0005006701
3.988, -0.0005006701, -0.00017867949, -0.00017867949, -0.00017867949, 10.033924, 0.00014331115, 0.00046530177, 0.00046530177, -0.0005006701
3.989, -0.0005006701, 0.00014331115, 0.00014331115, 0.00014331115, 10.035212, 0.00014331115, -0.00017867949, 0.00046530177, 0.00014331115
3.99, -0.0005006701, 0.00014331115, 0.00014331115, 0.00014331115, 10.035534, 0.00046530177, -0.0005006701, 0.00046530177, -0.0005006701
3.991, -0.0005006701, 0.0011092831, 0.00014331115, -0.00082266075, 10.0342455, 0.00046530177, 0.00014331115, 0.00046530177, -0.00082266075
3.992, -0.00082266075, -0.00017867949, 0.00014331115, 0.00046530177, 10.035534, 0.00014331115, -0.00082266075, 0.00014331115, -0.0005006701
3.993, -0.0005006701, 0.00046530177, 0.00014331115, -0.0005006701, 10.0342455, -0.00017867949, 0.00046530177, 0.00046530177, -0.00017867949
3.994, -0.00017867949, 0.00014331115, 0.00046530177, -0.00017867949, 10.035212, 0.00046530177, -0.0005006701, 0.00046530177, -0.00017867949
3.995, -0.00017867949, 0.00014331115, 0.00046530177, -0.00082266075, 10.035534, 0.00014331115, -0.00017867949, 0.00046530177, 0.00014331115
3.996, -0.0005006701, 0.00046530177, 0.00014331115, 0.00014331115, 10.036821, 0.00014331115, -0.00017867949, 0.00078729243, -0.00082266075
3.997, -0.00017867949, 0.00014331115, -0.0005006701, -0.00017867949, 10.0365, 0.00014331115, -0.00017867949, 0.00046530177, -0.0005006701
3.998, -0.00017867949, 0.00014331115, 0.00014331115, -0.00017867949, 10.035855, 0.00046530177, -0.0005006701, 0.00046530177, 0.00014331115
3.999, -0.0005006701, 0.00078729243, -0.0005006701, -0.00017867949, 10.035212, -0.00017867949, -0.00017867949, 0.00014331115, -0.00082266075
4.0, 0.00014331115, -0.00017867949, -0.00017867949, -0.00017867949, 10.035534, 0.00014331115, 0.00014331115, 0.00078729243, 0.00014331115
4.001, -0.00017867949, 0.0011092831, -0.00017867949, -0.0005006701, 10.034889, -0.00017867949, 0.00046530177, 0.00014331115, -0.00017867949
4.002, -0.0005006701, -0.00017867949, -0.0005006701, 0.00014331115, 10.033602, -0.0005006701, -0.00082266075, 0.00046530177, -0.00017867949
4.003, -0.0005006701, 0.00014331115, 0.00014331115, -0.00017867949, 10.034568, -0.00082266075, -0.0005006701, 0.00046530177, 0.00014331115
4.0040000000000004, -0.00017867949, 0.00078729243, 0.00014331115, 0.00014331115, 10.033924, 0.00014331115, -0.00082266075, 0.00046530177, 0.00014331115
4.005, -0.00082266075, 0.00014331115, -0.00017867949, -0.0005006701, 10.034889, 0.00014331115, -0.00017867949, 0.00014331115, -0.0005006701
4.006, -0.00017867949, 0.00046530177, -0.00017867949, 0.00046530177, 10.034889, -0.00017867949, -0.0005006701, -0.00017867949, -0.00082266075
4.007, -0.00017867949, -0.00017867949, 0.00014331115, -0.0005006701, 10.035212, 0.00014331115, -0.00017867949, -0.00017867949, -0.00082266075
4.008, -0.0005006701, -0.00017867949, -0.00017867949, -0.00017867949, 10.036178, 0.00014331115, 0.00014331115, 0.00046530177, -0.0005006701
4.009, 0.00014331115, -0.00017867949, -0.00017867949, -0.00017867949, 10.034889, -0.00017867949, -0.00017867949, 0.00046530177, -0.0005006701
4.01, -0.0005006701, 0.00046530177, -0.00017867949, -0.00017867949, 10.035534, 0.00046530177, 0.00014331115, 0.00046530177, -0.00082266075
4.011, 0.00046530177, -0.00017867949, -0.00017867949, -0.00017867949, 10.033602, -0.00017867949, -0.00017867949, 0.00014331115, -0.00017867949
4.0120000000000005, 0.00014331115, 0.00014331115, -0.00017867949, 0.00046530177, 10.034568, 0.00014331115, -0.0005006701, -0.00017867949, -0.0005006701
4.013, -0.0005006701, -0.00017867949, -0.00017867949, -0.00017867949, 10.033602, -0.00017867949, -0.0005006701, 0.00046530177, 0.00046530177
4.014, 0.00014331115, 0.00046530177, 0.00014331115, -0.00017867949, 10.035212, 0.00014331115, -0.00017867949, 0.00046530177, -0.00017867949
4.015, 0.00014331115, 0.00046530177, 0.00046530177, -0.00017867949, 10.036178, 0.00014331115, -0.00017867949, 0.00078729243, -0.00017867949
4.016, 0.00014331115, 0.00046530177, -0.00017867949, 0.00046530177, 10.034889, 0.00014331115, 0.00014331115, -0.00017867949, 0.00014331115
4.017, -0.00017867949, 0.00014331115, -0.00017867949, -0.00017867949, 10.035212, 0.00014331115, -0.0005006701, -0.00017867949, 0.00014331115
4.018, 0.00014331115, -0.00017867949, 0.00014331115, -0.00017867949, 10.034889, -0.0011446514, 0.00046530177, 0.00078729243, -0.00082266075
4.019, -0.00017867949, 0.00014331115, 0.00014331115, 0.00014331115, 10.035855, 0.00014331115, -0.00017867949, 0.00078729243, 0.00078729243
4.0200000000000005, -0.00017867949, -0.00017867949, 0.00046530177, -0.00082266075, 10.033924, -0.00017867949, 0.00014331115, 0.00014331115, 0.00014331115
4.021, -0.00017867949, 0.00046530177, -0.0005006701, -0.0005006701, 10.0342455, 0.00014331115, -0.0005006701, 0.00046530177, -0.0005006701
4.022, -0.00017867949, 0.00014331115, 0.00014331115, 0.00046530177, 10.035212, 0.00014331115, 0.00014331115, 0.00014331115, -0.0005006701
4.023, -0.00017867949, -0.00017867949, -0.00082266075, 0.00014331115, 10.035212, 0.00014331115, -0.0005006701, 0.00046530177, 0.00014331115
4.024, 0.00014331115, 0.00014331115, 0.00014331115, 0.00014331115, 10.034568, -0.00017867949, 0.00014331115, 0.00014331115, -0.0005006701
4.025, -0.0005006701, -0.00017867949, 0.00014331115, -0.00017867949, 10.035212, 0.00014331115, -0.00017867949, -0.00017867949, 0.00014331115
4.026, 0.00014331115, 0.00014331115, -0.00017867949, -0.00017867949, 10.034889, -0.00017867949, 0.00014331115, 0.00014331115, -0.0005006701
4.027, -0.00017867949, 0.00046530177, 0.00014331115, -0.00017867949, 10.034889, 0.00014331115, 0.00014331115, 0.00046530177, -0.00017867949
4.0280000000000005, 0.00014331115, -0.00017867949, 0.00014331115, -0.00017867949, 10.035855, -0.00017867949, -0.00017867949, 0.00078729243, -0.00017867949
4.029, 0.00014331115, 0.00014331115, 0.00014331115, 0.00014331115, 10.035212, 0.00014331115, -0.0011446514, 0.00014331115, -0.0005006701
4.03, 0.00046530177, 0.00014331115, -0.00017867949, 0.00014331115, 10.036821, -0.00017867949, -0.00017867949, 0.00014331115, 0.00014331115
4.031, 0.00078729243, 0.00014331115, 0.00014331115, 0.00046530177, 10.035212, -0.00017867949, -0.0005006701, 0.00046530177, -0.00017867949
4.032, 0.00014331115, 0.00014331115, 0.00014331115, 0.00014331115, 10.035534, 0.00014331115, -0.00082266075, 0.00014331115, -0.0005006701
4.033, 0.00046530177, 0.00014331115, 0.00014331115, 0.00046530177, 10.035212, 0.00014331115, -0.00017867949, 0.00078729243, -0.0005006701
4.034, -0.00017867949, 0.00014331115, 0.00014331115, -0.00082266075, 10.034889, 0.00014331115, -0.00017867949, 0.00014331115, -0.00017867949
4.035, -0.0005006701, 0.00014331115, -0.00017867949, 0.00046530177, 10.034568, 0.00014331115, 0.00014331115, 0.00014331115, -0.00017867949
4.0360000000000005, 0.00014331115, 0.00046530177, 0.00014331115, -0.00017867949, 10.0342455, -0.00017867949, 0.00014331115, 0.00078729243, -0.00017867949
4.037, 0.00014331115, 0.00046530177, 0.00014331115, -0.00017867949, 10.036178, 0.00014331115, -0.0005006701, 0.00046530177, 0.00014331115
4.038, 0.00046530177, 0.00014331115, -0.00017867949, 0.00014331115, 10.034889, 0.00014331115, -0.0005006701, 0.00014331115, -0.00017867949
4.039, -0.00082266075, 0.00014331115, -0.00017867949, -0.00017867949, 10.036178, -0.00017867949, 0.00014331115, 0.00078729243, 0.00014331115
4.04, 0.00046530177, 0.00014331115, 0.00014331115, -0.00017867949, 10.035534, 0.00014331115, -0.00017867949, 0.00014331115, 0.00014331115
4.041, 0.00014331115, 0.00014331115, -0.0005006701, 0.00014331115, 10.035855, 0.00014331115, 0.00014331115, 0.00078729243, -0.00017867949
4.042, 0.00014331115, 0.00046530177, -0.0005006701, 0.00078729243, 10.035212, 0.00014331115, 0.00046530177, 0.00014331115, -0.00017867949
4.043, -0.0005006701, 0.00078729243, -0.00017867949, -0.00017867949, 10.034889, 0.00014331115, -0.0005006701, 0.00014331115, 0.00014331115
4.0440000000000005, -0.00017867949, -0.0005006701, 0.00014331115, 0.00046530177, 10.035534, -0.00082266075, -0.00017867949, 0.00014331115, -0.0005006701
4.045, -0.00017867949, 0.00078729243, -0.0005006701, -0.00017867949, 10.034889, -0.0005006701, -0.00017867949, 0.00014331115, -0.00017867949
4.046, -0.00017867949, 0.00014331115, 0.00014331115, 0.00046530177, 10.034889, -0.0005006701, 0.00014331115, 0.00046530177, -0.00082266075
4.047, -0.0005006701, 0.00014331115, -0.0005006701, -0.00017867949, 10.034889, -0.00017867949, -0.00017867949, 0.00014331115, -0.0011446514
4.048, -0.0005006701, 0.00046530177, -0.00017867949, -0.00017867949, 10.035212, -0.00017867949, -0.00017867949, 0.00078729243, -0.00017867949
4.049, 0.00014331115, 0.00014331115, 0.00046530177, 0.00014331115, 10.035212, -0.00017867949, -0.00017867949, 0.00046530177, 0.00014331115
4.05, -0.0005006701, 0.00014331115, -0.00017867949, 0.00014331115, 10.033924, 0.00046530177, -0.0005006701, 0.0011092831, 0.00014331115
4.051, -0.0005006701, -0.00017867949, -0.00017867949, 0.00078729243, 10.035212, 0.00014331115, -0.0005006701, 0.00078729243, -0.00017867949
4.0520000000000005, 0.00046530177, -0.00017867949, 0.00046530177, 0.00014331115, 10.035212, 0.00014331115, 0.00014331115, 0.00014331115, -0.0005006701
4.053, 0.00046530177, 0.00046530177, 0.00014331115, 0.00046530177, 10.035534, -0.00017867949, -0.0005006701, 0.00046530177, 0.00014331115
4.054, -0.00017867949, 0.00078729243, 0.00046530177, 0.00014331115, 10.035855, -0.00017867949, -0.00017867949, 0.00078729243, -0.0005006701
4.055, -0.0005006701, 0.00046530177, 0.00046530177, -0.00017867949, 10.035855, 0.00014331115, 0.00014331115, 0.00014331115, 0.00014331115
4.056, 0.00014331115, -0.0005006701, 0.00014331115, -0.00017867949, 10.035855, 0.00014331115, -0.00017867949, 0.00014331115, -0.0005006701
4.057, 0.00046530177, 0.00046530177, -0.0005006701, 0.00014331115, 10.034568, -0.0005006701, 0.00046530177, 0.00046530177, 0.00014331115
4.058, -0.00017867949, 0.00014331115, -0.0005006701, -0.00017867949, 10.033924, 0.00014331115, -0.00017867949, 0.00046530177, -0.00017867949
4.059, 0.00014331115, 0.00046530177, 0.00014331115, -0.00017867949, 10.0342455, -0.00017867949, 0.00046530177, 0.00046530177, -0.00017867949
4.0600000000000005, -0.00017867949, 0.00014331115, -0.00017867949, 0.00046530177, 10.035212, -0.00017867949, -0.0005006701, 0.00014331115, -0.0005006701
4.061, -0.00017867949, -0.0005006701, 0.00014331115, -0.00017867949, 10.035855, -0.00017867949, 0.00014331115, 0.00046530177, -0.00082266075
4.062, -0.0005006701, 0.00046530177, 0.00014331115, 0.00014331115, 10.036178, 0.00014331115, -0.00082266075, 0.00014331115, -0.00017867949
4.063, -0.0005006701, 0.00046530177, 0.00046530177, 0.00014331115, 10.036178, 0.00014331115, -0.00017867949, 0.00078729243, -0.0005006701
4.064, 0.00014331115, 0.00014331115, -0.00017867949, -0.0005006701, 10.035534, 0.00014331115, -0.00082266075, 0.00046530177, -0.0005006701
4.065, 0.00014331115, 0.00014331115, 0.00014331115, -0.0005006701, 10.034568, -0.0005006701, -0.0005006701, 0.00078729243, -0.00017867949
4.066, -0.00017867949, -0.00017867949, 0.00014331115, 0.00014331115, 10.035212, 0.00014331115, -0.00017867949, 0.00014331115, -0.00017867949
4.067, 0.00014331115, 0.00046530177, -0.00017867949, 0.00014331115, 10.035212, -0.00017867949, -0.0005006701, 0.00014331115, -0.0005006701
4.0680000000000005, -0.0005006701, 0.00046530177, -0.00017867949, -0.0005006701, 10.035534, -0.00017867949, -0.0005006701, 0.00014331115, -0.0005006701
4.069, -0.0005006701, -0.00017867949, 0.00046530177, 0.00046530177, 10.035212, 0.00014331115, -0.00017867949, 0.00046530177, -0.0005006701
4.07, -0.00017867949, 0.00014331115, -0.00017867949, 0.00014331115, 10.0342455, 0.00014331115, -0.00017867949, 0.00046530177, -0.00017867949
4.071, -0.0005006701, 0.00078729243, -0.00017867949, -0.00082266075, 10.035212, 0.00078729243, -0.00017867949, 0.00014331115, -0.00017867949
4.072, -0.00017867949, -0.00017867949, 0.00046530177, 0.00046530177, 10.034568, -0.00017867949, 0.00014331115, 0.00014331115, -0.0005006701
4.073, 0.00046530177, 0.00078729243, 0.00046530177, 0.00014331115, 10.037144, -0.00082266075, -0.0005006701, -0.00017867949, -0.00017867949
4.074, -0.00082266075, 0.00046530177, -0.00017867949, -0.00017867949, 10.035855, -0.00017867949, -0.00017867949, 0.00014331115, -0.00017867949
4.075, -0.0005006701, 0.00014331115, 0.00014331115, 0.00014331115, 10.034568, 0.00014331115, 0.00046530177, 0.00046530177, -0.0005006701
4.0760000000000005, -0.00017867949, 0.00014331115, 0.00014331115, -0.0005006701, 10.034568, 0.00014331115, -0.00017867949, 0.00014331115, -0.00017867949
4.077, -0.0005006701, 0.00046530177, -0.0005006701, -0.00017867949, 10.033602, 0.00014331115, -0.00017867949, 0.00014331115, -0.00017867949
4.078, 0.00046530177, 0.00014331115, -0.00017867949, -0.00017867949, 10.035212, -0.0005006701, -0.00017867949, -0.00017867949, -0.00017867949
4.079, 0.00014331115, 0.00014331115, 0.00046530177, -0.00017867949, 10.0342455, 0.00014331115, 0.00046530177, 0.00014331115, -0.00017867949
4.08, 0.00046530177, -0.00017867949, -0.00017867949, -0.00017867949, 10.035212, 0.00014331115, -0.0005006701, 0.00014331115, -0.0005006701
4.081, -0.00017867949, 0.00046530177, 0.00014331115, -0.0005006701, 10.035212, 0.00014331115, 0.00014331115, 0.00046530177, -0.0005006701
4.082, 0.00014331115, -0.0005006701, -0.00017867949, 0.00014331115, 10.035534, -0.00017867949, 0.00014331115, 0.00046530177, -0.00082266075
4.083, -0.00017867949, 0.00078729243, 0.00014331115, 0.00014331115, 10.035534, 0.00046530177, -0.00017867949, 0.00046530177, -0.00017867949
4.0840000000000005, -0.0005006701, -0.0005006701, -0.00017867949, -0.00017867949, 10.034889, -0.00017867949, -0.00017867949, 0.00014331115, -0.0005006701
4.085, -0.0005006701, -0.00017867949, -0.0005006701, -0.00017867949, 10.036178, 0.00078729243, -0.00017867949, 0.00014331115, -0.0005006701
4.086, 0.00014331115, -0.0005006701, 0.00014331115, 0.00014331115, 10.033924, 0.00046530177, 0.00046530177, 0.00014331115, -0.0005006701
4.087, -0.00017867949, 0.00046530177, -0.00017867949, -0.00017867949, 10.0342455, 0.00046530177, -0.0005006701, 0.00046530177, -0.00017867949
4.088, -0.0005006701, 0.00046530177, -0.00017867949, -0.00017867949, 10.034568, 0.00046530177, 0.00014331115, 0.00046530177, -0.00017867949
4.089, 0.00014331115, -0.00017867949, 0.00014331115, 0.00014331115, 10.035534, 0.00014331115, -0.0005006701, 0.00046530177, -0.0005006701
4.09, -0.0005006701, 0.00014331115, -0.00082266075, -0.00017867949, 10.034889, 0.00014331115, -0.00017867949, -0.00017867949, -0.0005006701
4.091, 0.00014331115, 0.00078729243, 0.00014331115, 0.00046530177, 10.034889, -0.00017867949, -0.00082266075, 0.00046530177, -0.0005006701
4.0920000000000005, 0.00014331115, 0.00046530177, 0.00014331115, -0.0005006701, 10.0342455, 0.00046530177, -0.00017867949, 0.00046530177, 0.00046530177
4.093, -0.0005006701, 0.00046530177, -0.00017867949, 0.00014331115, 10.035534, 0.00046530177, 0.00014331115, 0.00046530177, -0.0005006701
4.094, -0.00017867949, 0.00014331115, -0.00017867949, 0.00014331115, 10.035855, 0.00014331115, 0.00014331115, 0.00014331115, -0.00017867949
4.095, -0.0005006701, 0.00046530177, -0.0005006701, 0.00014331115, 10.035212, 0.00046530177, -0.00017867949, 0.00014331115, -0.0005006701
4.096, 0.00014331115, 0.00014331115, -0.00017867949, -0.00017867949, 10.035212, -0.00017867949, -0.00017867949, 0.00014331115, 0.00014331115
4.097, 0.00014331115, -0.00017867949, -0.00017867949, -0.00017867949, 10.033924, -0.00017867949, 0.00014331115, 0.00014331115, -0.00017867949
4.098, -0.00017867949, 0.00014331115, -0.0005006701, 0.00014331115, 10.036178, -0.00017867949, -0.00017867949, 0.00014331115, 0.00014331115
4.099, -0.00017867949, 0.00014331115, 0.00046530177, -0.00017867949, 10.0342455, 0.00014331115, -0.00017867949, 0.00014331115, -0.00017867949
4.1, -0.0005006701, 0.00046530177, -0.00017867949, 0.00014331115, 10.035212, 0.00014331115, 0.00014331115, -0.00017867949, -0.0005006701
4.101, -0.00017867949, 0.00014331115, -0.00017867949, 0.00014331115, 10.033924, 0.00014331115, -0.0005006701, 0.00046530177, -0.00017867949
4.102, -0.00082266075, 0.00014331115, 0.00014331115, 0.00014331115, 10.0342455, 0.00014331115, -0.00017867949, 0.00014331115, -0.00082266075
4.103, 0.00078729243, 0.00046530177, -0.0005006701, -0.0005006701, 10.035212, 0.00014331115, 0.00014331115, 0.00046530177, -0.00017867949
4.104, 0.00078729243, -0.00017867949, 0.00046530177, -0.00017867949, 10.035212, -0.0005006701, 0.00014331115, 0.00046530177, -0.00017867949
4.105, -0.00017867949, 0.00014331115, -0.0005006701, -0.00017867949, 10.036178, 0.00014331115, -0.00017867949, 0.00046530177, -0.00017867949
4.106, -0.00017867949, 0.00046530177, -0.00017867949, 0.00014331115, 10.035212, -0.00017867949, -0.0005006701, 0.00014331115, -0.0005006701
4.107, -0.00017867949, -0.00017867949, 0.00046530177, -0.00017867949, 10.036178, 0.00046530177, -0.0005006701, 0.00046530177, 0.00014331115
4.108, 0.00046530177, -0.00017867949, -0.00017867949, -0.00017867949, 10.033924, -0.00017867949, -0.0005006701, 0.00014331115, -0.0005006701
4.109, -0.0005006701, -0.00017867949, 0.00014331115, -0.00017867949, 10.034568, 0.00014331115, -0.00017867949, 0.00014331115, -0.00017867949
4.11, -0.00017867949, 0.00014331115, 0.00046530177, -0.00017867949, 10.035212, 0.00014331115, 0.00014331115, 0.00014331115, -0.0005006701
4.111, -0.0005006701, 0.00014331115, -0.0005006701, -0.00017867949, 10.035212, -0.00017867949, -0.00017867949, 0.00014331115, -0.0005006701
4.112, -0.0005006701, -0.0005006701, 0.00014331115, -0.00017867949, 10.0342455, 0.00014331115, -0.0005006701, 0.00014331115, -0.00082266075
4.113, -0.00017867949, 0.00046530177, 0.00014331115, -0.0005006701, 10.034568, 0.00014331115, 0.00014331115, 0.0011092831, -0.0005006701
4.114, -0.00017867949, 0.00014331115, 0.00014331115, 0.00014331115, 10.035534, -0.00017867949, -0.00017867949, -0.00017867949, -0.00082266075
4.115, -0.00017867949, -0.00017867949, -0.00017867949, -0.0005006701, 10.035212, 0.00014331115, -0.00017867949, -0.00017867949, -0.0005006701
4.116, -0.0005006701, 0.00014331115, 0.00014331115, 0.00046530177, 10.0365, -0.00017867949, -0.00017867949, 0.00046530177, 0.00014331115
4.117, 0.00014331115, -0.00017867949, -0.0005006701, 0.00046530177, 10.034568, 0.00014331115, -0.0005006701, 0.00046530177, -0.00082266075
4.118, -0.00017867949, 0.00014331115, 0.00014331115, 0.00046530177, 10.035212, 0.00046530177, 0.00046530177, 0.00078729243, -0.00017867949
4.119, -0.00017867949, 0.00046530177, -0.0005006701, -0.0005006701, 10.0342455, -0.00017867949, -0.00017867949, -0.00017867949, -0.0005006701
4.12, -0.0005006701, 0.00014331115, 0.00046530177, 0.00014331115, 10.035212, 0.00014331115, -0.00017867949, 0.00078729243, -0.00082266075
4.121, -0.00017867949, 0.00046530177, -0.00017867949, 0.00014331115, 10.0365, 0.00046530177, -0.00017867949, 0.00014331115, -0.00017867949
4.122, 0.00046530177, 0.00014331115, 0.00014331115, -0.00082266075, 10.034889, 0.00014331115, -0.00017867949, -0.00017867949, 0.00014331115
4.123, -0.00017867949, -0.0005006701, 0.00014331115, 0.00014331115, 10.034568, 0.00014331115, -0.0005006701, 0.00046530177, 0.00014331115
4.124, -0.0005006701, 0.00078729243, 0.00014331115, 0.00046530177, 10.0342455, -0.00017867949, -0.0005006701, 0.00078729243, 0.00014331115
4.125, -0.00017867949, 0.00046530177, 0.00014331115, -0.0005006701, 10.035855, 0.00014331115, -0.0005006701, -0.00017867949, -0.0005006701
4.126, -0.0005006701, 0.00078729243, -0.0005006701, -0.0005006701, 10.035534, 0.00046530177, -0.00017867949, 0.00014331115, -0.00017867949
4.127, -0.00017867949, -0.0005006701, -0.00017867949, -0.00017867949, 10.035534, -0.00017867949, -0.0005006701, 0.00046530177, -0.00017867949
4.128, -0.00017867949, 0.00014331115, -0.0005006701, 0.00014331115, 10.035534, 0.00014331115, 0.00046530177, 0.00046530177, -0.00082266075
4.1290000000000004, -0.00017867949, 0.00046530177, 0.00014331115, -0.00017867949, 10.0342455, -0.00082266075, 0.00046530177, 0.00014331115, 0.00014331115
4.13, 0.00014331115, -0.0005006701, -0.00017867949, -0.0005006701, 10.034568, -0.0005006701, -0.0005006701, 0.00046530177, -0.00017867949
4.131, 0.00014331115, 0.00014331115, 0.00014331115, 0.00014331115, 10.035534, 0.00046530177, -0.0005006701, 0.00046530177, -0.0005006701
4.132, -0.0005006701, 0.00046530177, 0.00014331115, -0.00017867949, 10.035855, 0.00046530177, -0.00017867949, 0.00046530177, -0.0005006701
4.133, -0.0005006701, 0.00046530177, 0.00046530177, 0.00046530177, 10.0342455, -0.00017867949, 0.00014331115, -0.00017867949, -0.00017867949
4.134, -0.00017867949, 0.00014331115, -0.00017867949, 0.00014331115, 10.034568, 0.00014331115, -0.0005006701, 0.00014331115, -0.00017867949
4.135, -0.00017867949, -0.00017867949, 0.00014331115, -0.00017867949, 10.034889, 0.00014331115, 0.00014331115, 0.00046530177, 0.00014331115
4.136, -0.0005006701, 0.0011092831, 0.00014331115, -0.0005006701, 10.034889, -0.00017867949, -0.00017867949, -0.00017867949, 0.00014331115
4.1370000000000005, -0.00017867949, -0.00017867949, -0.0005006701, 0.00014331115, 10.035534, 0.00014331115, 0.00046530177, 0.00014331115, -0.0005006701
4.138, 0.00014331115, -0.0005006701, 0.00014331115, -0.0005006701, 10.035212, 0.00078729243, -0.00017867949, -0.00017867949, -0.0005006701
4.139, -0.00017867949, 0.00078729243, -0.0005006701, 0.00046530177, 10.035855, -0.00017867949, 0.00014331115, -0.0005006701, 0.00014331115
4.14, 0.00046530177, 0.00014331115, -0.00017867949, -0.0005006701, 10.034568, 0.00014331115, -0.00017867949, -0.00017867949, -0.00082266075
4.141, 0.00014331115, -0.00017867949, 0.00014331115, 0.00046530177, 10.034568, -0.0005006701, -0.00017867949, 0.00046530177, -0.0005006701
4.142, -0.00017867949, 0.00014331115, -0.00017867949, 0.00014331115, 10.033924, 0.00046530177, -0.00017867949, 0.00014331115, -0.0005006701
4.143, -0.00017867949, -0.00017867949, -0.00017867949, -0.0005006701, 10.034889, -0.00017867949, 0.00014331115, -0.00017867949, -0.0005006701
4.144, -0.0005006701, 0.00046530177, 0.00014331115, 0.00046530177, 10.035212, -0.00017867949, -0.00017867949, -0.00017867949, -0.00017867949
4.1450000000000005, 0.00014331115, 0.00014331115, 0.00046530177, 0.00014331115, 10.034568, 0.00046530177, -0.00017867949, 0.00014331115, 0.00046530177
4.146, -0.0005006701, 0.00014331115, -0.00017867949, 0.00014331115, 10.035855, 0.00046530177, -0.00082266075, -0.00017867949, 0.00014331115
4.147, -0.00082266075, -0.00017867949, 0.00046530177, 0.00014331115, 10.034889, 0.00046530177, -0.00017867949, 0.00078729243, -0.0005006701
4.148, -0.00017867949, 0.00014331115, 0.00014331115, -0.00017867949, 10.036178, 0.00014331115, -0.00017867949, 0.00046530177, -0.0005006701
4.149, 0.00014331115, -0.00017867949, 0.00014331115, -0.00017867949, 10.033602, 0.00046530177, 0.00014331115, 0.00014331115, 0.00014331115
4.15, -0.00017867949, 0.00014331115, -0.00017867949, 0.00014331115, 10.035534, 0.00014331115, -0.00017867949, -0.00017867949, -0.00017867949
4.151, -0.00017867949, -0.00017867949, 0.00014331115, -0.0005006701, 10.035534, -0.00017867949, -0.00082266075, 0.00078729243, -0.0005006701
4.152, 0.00014331115, 0.00046530177, 0.00014331115, 0.00014331115, 10.034568, -0.00017867949, 0.00046530177, 0.00014331115, 0.00014331115
4.1530000000000005, 0.00014331115, 0.00078729243, 0.00014331115, 0.00014331115, 10.035212, -0.0005006701, 0.00014331115, 0.00046530177, 0.00014331115
4.154, 0.00014331115, 0.00014331115, 0.00014331115, 0.00014331115, 10.035534, -0.00017867949, -0.0005006701, 0.00046530177, 0.00014331115
4.155, 0.00014331115, 0.00014331115, -0.00017867949, 0.00014331115, 10.0342455, 0.00014331115, -0.0005006701, 0.00014331115, -0.00017867949
4.156, -0.00017867949, 0.00014331115, -0.00017867949, 0.00046530177, 10.033924, 0.00014331115, -0.00017867949, 0.00046530177, -0.00082266075
4.157, 0.00014331115, 0.00014331115, -0.00017867949, 0.00014331115, 10.0342455, -0.00017867949, 0.00014331115, 0.00014331115, 0.00046530177
4.158, -0.00017867949, 0.00046530177, -0.00017867949, 0.00046530177, 10.033924, 0.00046530177, -0.0005006701, 0.00046530177, 0.00014331115
4.159, 0.00014331115, 0.00014331115, -0.00017867949, -0.00017867949, 10.0365, 0.00046530177, 0.00014331115, 0.00014331115, 0.00014331115
4.16, 0.00014331115, 0.00014331115, -0.00017867949, 0.00078729243, 10.035855, 0.00014331115, 0.00014331115, 0.00078729243, -0.00017867949
4.1610000000000005, 0.00014331115, 0.00014331115, -0.00017867949, 0.00046530177, 10.035212, 0.00014331115, 0.00014331115, -0.00017867949, -0.0005006701
4.162, -0.00017867949, -0.00017867949, 0.00046530177, 0.00014331115, 10.034889, 0.00014331115, 0.00014331115, 0.00014331115, 0.00014331115
4.163, -0.00017867949, -0.0005006701, -0.00017867949, 0.00014331115, 10.033602, 0.00046530177, 0.00014331115, 0.00014331115, -0.0005006701
4.164, 0.00014331115, -0.00017867949, -0.00017867949, -0.00017867949, 10.034568, 0.00014331115, -0.0005006701, 0.00046530177, -0.0005006701
4.165, -0.00017867949, 0.00014331115, -0.00017867949, 0.00014331115, 10.033924, -0.0005006701, 0.00014331115, -0.00017867949, 0.00014331115
4.166, -0.00017867949, 0.00014331115, -0.00017867949, 0.00014331115, 10.035855, -0.00017867949, -0.00017867949, 0.00046530177, -0.00017867949
4.167, -0.0005006701, 0.00014331115, 0.00014331115, -0.0005006701, 10.034568, 0.00014331115, 0.00014331115, -0.00017867949, -0.0005006701
4.168, -0.00017867949, -0.00017867949, 0.00014331115, -0.00017867949, 10.035855, 0.00014331115, -0.00017867949, 0.00078729243, 0.00014331115
4.1690000000000005, -0.00017867949, 0.00014331115, -0.00017867949, 0.00046530177, 10.034889, 0.00014331115, -0.0005006701, 0.00014331115, -0.0005006701
4.17, -0.00082266075, 0.00046530177, 0.00046530177, -0.0005006701, 10.034889, 0.00014331115, 0.00014331115, 0.00078729243, -0.00017867949
4.171, 0.00014331115, 0.00078729243, 0.00014331115, -0.0005006701, 10.035855, -0.00017867949, -0.00017867949, 0.00046530177, -0.00017867949
4.172, 0.00046530177, 0.00014331115, 0.00014331115, -0.00017867949, 10.035855, 0.00014331115, -0.00017867949, 0.00014331115, 0.00046530177
4.173, 0.00014331115, 0.00046530177, -0.00017867949, 0.00046530177, 10.035534, 0.00014331115, 0.00014331115, 0.00014331115, -0.00017867949
4.174, -0.00017867949, -0.0005006701, 0.00014331115, -0.00017867949, 10.033924, -0.00082266075, -0.00017867949, 0.00046530177, -0.00017867949
4.175, 0.00014331115, 0.00046530177, -0.0005006701, -0.00082266075, 10.035212, -0.00017867949, -0.0005006701, -0.00017867949, -0.0005006701
4.176, 0.00046530177, 0.00014331115, 0.00014331115, -0.0005006701, 10.035212, -0.00017867949, -0.00017867949, 0.0011092831, -0.00017867949
4.1770000000000005, -0.00017867949, 0.00014331115, -0.00017867949, -0.00017867949, 10.034889, -0.00017867949, -0.0005006701, 0.00014331115, -0.0005006701
4.178, -0.0005006701, 0.00046530177, 0.00046530177, -0.00017867949, 10.034889, -0.00017867949, 0.00014331115, 0.00014331115, -0.00017867949
4.179, 0.00014331115, 0.00014331115, -0.00017867949, -0.00017867949, 10.035212, -0.00017867949, -0.0005006701, 0.00014331115, -0.00017867949
4.18, 0.00014331115, 0.00078729243, -0.00017867949, -0.0005006701, 10.036178, 0.00046530177, -0.0005006701, 0.00014331115, -0.0005006701
4.181, -0.00017867949, -0.00017867949, -0.0005006701, -0.00017867949, 10.034889, -0.00017867949, -0.00017867949, 0.00046530177, -0.00082266075
4.182, -0.00017867949, 0.00046530177, -0.0005006701, -0.00017867949, 10.035212, -0.00017867949, 0.00014331115, 0.00078729243, -0.00082266075
4.183, -0.0005006701, 0.00014331115, 0.00014331115, 0.00046530177, 10.033924, 0.00014331115, -0.00017867949, 0.00046530177, 0.00014331115
4.184, -0.00017867949, 0.00014331115, -0.0005006701, -0.00017867949, 10.035534, -0.0005006701, -0.00017867949, 0.00046530177, 0.00014331115
4.1850000000000005, 0.00014331115, 0.00046530177, 0.00014331115, -0.00017867949, 10.033924, 0.00014331115, -0.00017867949, 0.00014331115, -0.0005006701
4.186, 0.00014331115, 0.00014331115, 0.00014331115, -0.00017867949, 10.035534, 0.00014331115, 0.00014331115, 0.00014331115, 0.00014331115
4.187, -0.0005006701, 0.00014331115, -0.0005006701, -0.00017867949, 10.034889, -0.00017867949, 0.00014331115, 0.00078729243, -0.00017867949
4.188, -0.00017867949, 0.00014331115, 0.00078729243, -0.0005006701, 10.034568, 0.00014331115, -0.00082266075, 0.00046530177, -0.00082266075
4.189, -0.00017867949, 0.00046530177, 0.00014331115, -0.00017867949, 10.033924, 0.00014331115, -0.00017867949, -0.00017867949, -0.0005006701
4.19, 0.00014331115, 0.00046530177, -0.00017867949, -0.00082266075, 10.034568, -0.00017867949, 0.00014331115, 0.00046530177, -0.0005006701
4.191, 0.00014331115, 0.00014331115, -0.00017867949, -0.00017867949, 10.035855, 0.00046530177, -0.00017867949, -0.0005006701, -0.00082266075
4.192, -0.00082266075, -0.00017867949, -0.00017867949, -0.00017867949, 10.035212, 0.00014331115, -0.0005006701, 0.00014331115, -0.0005006701
4.1930000000000005, -0.0005006701, -0.00017867949, -0.0005006701, -0.00017867949, 10.036178, 0.00014331115, -0.00017867949, 0.00014331115, 0.00014331115
4.194, -0.00017867949, 0.00014331115, -0.0005006701, -0.00017867949, 10.034568, 0.00014331115, -0.00017867949, 0.00046530177, -0.00017867949
4.195, 0.00014331115, 0.00014331115, -0.00017867949, 0.00014331115, 10.035212, 0.00014331115, -0.00017867949, 0.00014331115, -0.00017867949
4.196, 0.00014331115, 0.00046530177, -0.0005006701, -0.00017867949, 10.033602, -0.00017867949, -0.0005006701, 0.00078729243, -0.00017867949
4.197, 0.00014331115, 0.00046530177, -0.0005006701, 0.00078729243, 10.034889, -0.00082266075, -0.0005006701, 0.00046530177, 0.00014331115
4.198, -0.0005006701, 0.00078729243, -0.00017867949, -0.0005006701, 10.035212, 0.00046530177, -0.00017867949, 0.00014331115, -0.00017867949
4.199, 0.00014331115, 0.00014331115, -0.00017867949, 0.00014331115, 10.035212, 0.00046530177, -0.0005006701, 0.00014331115, -0.00017867949
4.2, -0.00017867949, 0.00014331115, 0.00078729243, 0.00014331115, 10.035855, 0.00014331115, 0.00046530177, -0.0005006701, -0.0005006701
4.2010000000000005, 0.00014331115, 0.00014331115, -0.00017867949, 0.00046530177, 10.034889, 0.00014331115, 0.00014331115, 0.00046530177, 0.00014331115
4.202, -0.00082266075, -0.00017867949, 0.00014331115, -0.0005006701, 10.035855, 0.00014331115, 0.00014331115, 0.00014331115, -0.00017867949
4.203, -0.00017867949, 0.00014331115, -0.00017867949, -0.00017867949, 10.034568, 0.00014331115, -0.0005006701, 0.00046530177, -0.0005006701
4.204, 0.00046530177, 0.00014331115, 0.00046530177, 0.00014331115, 10.034568, 0.00046530177, -0.00017867949, 0.00046530177, -0.0005006701
4.205, 0.00014331115, 0.00078729243, 0.00014331115, -0.0005006701, 10.0342455, 0.00014331115, 0.00046530177, 0.00014331115, -0.00017867949
4.206, -0.0005006701, 0.00046530177, -0.00017867949, -0.00017867949, 10.034568, -0.0005006701, -0.0005006701, 0.00046530177, -0.00017867949
4.207, -0.00017867949, -0.00017867949, -0.00017867949, -0.00017867949, 10.034568, -0.00017867949, 0.00014331115, 0.00014331115, -0.00017867949
4.208, -0.00017867949, 0.00046530177, 0.00014331115, -0.00017867949, 10.034889, 0.00014331115, -0.0005006701, 0.00078729243, 0.00014331115
4.2090000000000005, 0.00014331115, 0.00014331115, 0.00014331115, 0.00014331115, 10.035855, 0.00046530177, 0.00014331115, 0.00078729243, 0.00014331115
4.21, -0.0005006701, 0.00046530177, -0.0005006701, 0.00014331115, 10.034889, -0.00017867949, 0.00014331115, 0.00078729243, 0.00014331115
4.211, -0.00017867949, 0.00014331115, 0.00014331115, -0.00017867949, 10.035534, -0.00017867949, 0.00046530177, 0.00014331115, -0.0005006701
4.212, -0.00017867949, 0.00014331115, -0.00017867949, -0.00017867949, 10.035212, -0.00017867949, -0.0005006701, -0.0005006701, -0.00082266075
4.213, 0.00014331115, 0.00014331115, -0.00017867949, -0.0005006701, 10.035534, 0.00046530177, -0.0005006701, 0.00014331115, -0.00017867949
4.214, -0.00017867949, 0.00014331115, -0.0005006701, 0.00046530177, 10.034568, 0.00046530177, -0.00017867949, 0.00014331115, -0.0005006701
4.215, 0.00014331115, 0.00014331115, -0.0005006701, 0.00014331115, 10.0342455, 0.00014331115, -0.0005006701, 0.00014331115, -0.00017867949
4.216, 0.00046530177, 0.00046530177, 0.00046530177, -0.00017867949, 10.035855, -0.00017867949, -0.0005006701, 0.00046530177, -0.0005006701
4.2170000000000005, 0.00014331115, -0.00017867949, 0.00014331115, -0.00017867949, 10.035534, 0.00014331115, -0.0005006701, -0.00017867949, -0.00017867949
4.218, -0.00017867949, 0.00014331115, 0.00014331115, 0.00014331115, 10.035855, 0.00046530177, 0.00014331115, 0.00046530177, -0.00017867949
4.219, 0.00014331115, 0.00078729243, 0.00014331115, 0.00014331115, 10.034889, 0.00046530177, -0.00017867949, 0.00014331115, -0.00017867949
4.22, 0.00014331115, 0.00046530177, -0.0005006701, 0.00014331115, 10.036178, -0.00017867949, 0.00014331115, 0.00046530177, -0.00082266075
4.221, -0.00017867949, 0.00014331115, 0.00014331115, 0.00014331115, 10.035212, 0.00046530177, -0.0005006701, 0.00014331115, -0.00017867949
4.222, -0.00017867949, 0.00046530177, 0.00046530177, 0.00014331115, 10.035212, -0.0005006701, -0.00082266075, 0.00014331115, -0.00082266075
4.223, -0.00017867949, 0.00014331115, -0.00082266075, 0.00014331115, 10.035212, -0.00017867949, -0.0005006701, 0.00014331115, -0.0011446514
4.224, 0.00014331115, -0.00017867949, -0.00017867949, -0.00017867949, 10.035534, -0.00017867949, -0.00017867949, 0.00046530177, -0.0011446514
4.225, -0.0005006701, -0.00017867949, 0.00046530177, 0.00046530177, 10.035212, -0.00017867949, -0.0005006701, -0.00017867949, -0.00017867949
4.226, -0.0005006701, 0.00046530177, 0.00014331115, -0.00017867949, 10.034568, 0.00014331115, -0.00082266075, 0.00014331115, -0.0005006701
4.227, 0.00078729243, -0.0005006701, -0.00017867949, -0.00017867949, 10.035855, 0.00014331115, 0.00014331115, 0.00014331115, -0.00017867949
4.228, -0.0005006701, -0.00017867949, -0.00017867949, -0.00017867949, 10.034889, -0.00017867949, -0.00017867949, -0.00017867949, 0.00046530177
4.229, -0.00017867949, -0.00017867949, 0.00046530177, -0.00017867949, 10.0342455, 0.00014331115, -0.0005006701, -0.00017867949, -0.00082266075
4.23, -0.0005006701, 0.00014331115, -0.00017867949, -0.00017867949, 10.0342455, -0.0005006701, -0.00017867949, 0.00046530177, -0.0005006701
4.231, -0.00017867949, 0.00046530177, 0.00014331115, 0.00046530177, 10.033924, 0.00046530177, 0.00078729243, 0.00014331115, -0.0005006701
4.232, -0.00017867949, 0.00078729243, -0.0005006701, -0.00017867949, 10.034889, 0.00046530177, -0.0005006701, -0.00017867949, -0.00017867949
4.233, -0.00017867949, 0.00014331115, 0.00014331115, 0.00046530177, 10.034568, 0.00046530177, -0.00017867949, 0.00078729243, -0.00082266075
4.234, 0.00014331115, 0.00014331115, 0.00046530177, -0.00017867949, 10.035534, -0.00017867949, -0.00017867949, 0.00046530177, 0.00014331115
4.235, -0.0005006701, -0.00017867949, -0.00017867949, 0.00014331115, 10.035212, -0.00017867949, -0.00017867949, 0.00046530177, -0.0005006701
4.236, -0.0005006701, 0.00046530177, 0.00014331115, 0.00046530177, 10.035855, -0.00017867949, -0.0005006701, 0.00046530177, -0.00017867949
4.237, -0.00017867949, 0.00046530177, -0.00017867949, -0.0005006701, 10.034889, 0.00014331115, -0.00017867949, 0.00046530177, -0.00017867949
4.238, -0.0005006701, 0.00078729243, -0.0005006701, -0.00017867949, 10.034568, 0.00046530177, -0.0005006701, 0.00046530177, -0.0005006701
4.239, -0.0005006701, 0.00014331115, -0.0005006701, 0.00014331115, 10.035212, 0.00078729243, -0.00017867949, 0.00046530177, -0.0005006701
4.24, 0.00014331115, -0.00017867949, 0.00014331115, 0.00014331115, 10.034568, 0.00014331115, -0.00017867949, 0.00046530177, -0.0005006701
4.241, -0.0005006701, -0.00017867949, 0.00014331115, -0.00017867949, 10.034568, 0.00046530177, -0.00017867949, 0.00046530177, -0.00017867949
4.242, -0.0005006701, -0.00017867949, -0.00017867949, 0.00046530177, 10.034568, -0.00017867949, 0.00014331115, 0.00014331115, 0.00014331115
4.243, 0.00014331115, 0.00046530177, 0.00014331115, 0.00014331115, 10.036178, -0.00017867949, -0.00017867949, 0.00078729243, -0.0005006701
4.244, -0.00017867949, 0.00014331115, 0.00014331115, -0.00082266075, 10.035212, 0.00014331115, -0.00017867949, 0.00014331115, -0.00017867949
4.245, -0.0005006701, 0.00014331115, -0.00017867949, -0.00017867949, 10.035855, 0.00046530177, -0.00017867949, 0.00014331115, -0.00017867949
4.246, 0.00014331115, 0.00014331115, 0.00046530177, 0.00046530177, 10.035534, -0.00017867949, -0.00017867949, 0.00014331115, 0.00014331115
4.247, -0.00017867949, 0.00014331115, -0.00017867949, 0.00014331115, 10.035212, -0.00017867949, -0.00017867949, 0.00046530177, -0.0005006701
4.248, -0.00017867949, 0.00046530177, -0.00017867949, -0.00017867949, 10.0342455, 0.00014331115, 0.00014331115, 0.00046530177, 0.00014331115
4.249, 0.00046530177, 0.00014331115, -0.00017867949, 0.00014331115, 10.034568, 0.00046530177, -0.00017867949, 0.00014331115, -0.0005006701
4.25, -0.00017867949, 0.00014331115, 0.00014331115, 0.00014331115, 10.035534, 0.00014331115, -0.00017867949, 0.00046530177, -0.0005006701
4.251, 0.00046530177, 0.00014331115, 0.00014331115, 0.00014331115, 10.033924, 0.00014331115, 0.00014331115, -0.00017867949, -0.00017867949
4.252, -0.0005006701, 0.00014331115, 0.00014331115, 0.00046530177, 10.035534, 0.00014331115, 0.00014331115, 0.00014331115, -0.00082266075
4.253, 0.00046530177, 0.00014331115, -0.0005006701, -0.00017867949, 10.035212, -0.00017867949, -0.00017867949, 0.00046530177, -0.0005006701
4.2540000000000004, -0.0005006701, 0.00046530177, 0.00046530177, 0.00046530177, 10.035534, 0.00014331115, 0.00014331115, 0.00046530177, -0.00017867949
4.255, 0.00046530177, 0.00014331115, -0.00017867949, 0.00014331115, 10.035212, 0.00078729243, 0.00014331115, 0.00014331115, -0.00017867949
4.256, 0.00014331115, 0.00046530177, 0.00014331115, -0.00017867949, 10.034568, 0.00078729243, -0.00017867949, 0.00014331115, -0.0005006701
4.257, -0.00017867949, 0.00046530177, -0.00017867949, -0.0005006701, 10.035212, 0.00046530177, -0.00017867949, 0.00014331115, -0.00017867949
4.258, -0.0005006701, 0.00046530177, 0.00046530177, -0.00017867949, 10.033924, 0.00046530177, 0.00014331115, 0.00014331115, -0.00017867949
4.259, -0.00017867949, 0.00046530177, 0.00046530177, -0.00017867949, 10.035212, 0.00014331115, -0.00017867949, 0.00014331115, 0.00014331115
4.26, -0.00017867949, -0.00017867949, 0.00046530177, -0.00017867949, 10.035212, 0.00014331115, 0.00046530177, 0.00046530177, -0.0005006701
4.261, 0.00046530177, 0.00014331115, 0.00046530177, -0.00017867949, 10.035855, 0.00046530177, -0.0005006701, -0.00017867949, -0.00082266075
4.2620000000000005, -0.0005006701, -0.0005006701, -0.00082266075, -0.00017867949, 10.035534, 0.00014331115, -0.00017867949, 0.00014331115, -0.0005006701
4.263, 0.00046530177, 0.00014331115, 0.00014331115, -0.00017867949, 10.036178, -0.00017867949, -0.0005006701, 0.00078729243, -0.0005006701
4.264, -0.0005006701, 0.00014331115, -0.00017867949, 0.00014331115, 10.034889, -0.00017867949, -0.00017867949, 0.00014331115, -0.0005006701
4.265, -0.00017867949, -0.00017867949, -0.00017867949, 0.00046530177, 10.034889, -0.00017867949, -0.00017867949, 0.00014331115, 0.00014331115
4.266, -0.0005006701, 0.00014331115, 0.00014331115, -0.00017867949, 10.034889, 0.00014331115, 0.00014331115, 0.00014331115, -0.0005006701
4.267, -0.00017867949, 0.00046530177, -0.0005006701, 0.00014331115, 10.033602, -0.00017867949, -0.00017867949, 0.00014331115, -0.00017867949
4.268, -0.0005006701, 0.00078729243, -0.0005006701, 0.00014331115, 10.035534, 0.00014331115, 0.00046530177, -0.00017867949, 0.00046530177
4.269, -0.0005006701, -0.00017867949, -0.00017867949, 0.00046530177, 10.035534, -0.00017867949, -0.00017867949, 0.00078729243, -0.00017867949
4.2700000000000005, -0.0005006701, -0.0005006701, -0.00017867949, 0.00014331115, 10.036178, -0.00017867949, 0.00014331115, 0.00046530177, -0.00017867949
4.271, 0.00014331115, 0.00078729243, -0.00017867949, -0.0005006701, 10.034889, 0.00014331115, -0.00017867949, 0.00046530177, -0.00017867949
4.272, -0.00017867949, 0.00014331115, 0.00014331115, -0.0005006701, 10.035534, 0.00046530177, 0.00014331115, 0.00014331115, -0.0005006701
4.273, -0.00017867949, 0.00046530177, -0.00017867949, -0.00017867949, 10.0342455, 0.00046530177, -0.00017867949, -0.0005006701, -0.0005006701
4.274, -0.00017867949, 0.00014331115, -0.00017867949, -0.00017867949, 10.0342455, 0.00014331115, -0.00017867949, 0.00046530177, -0.0005006701
4.275, -0.0005006701, -0.00017867949, -0.00017867949, -0.00082266075, 10.035855, -0.00017867949, 0.00014331115, 0.00014331115, -0.0005006701
4.276, 0.00046530177, -0.00017867949, 0.00014331115, -0.0005006701, 10.035212, 0.00046530177, -0.0005006701, 0.00014331115, -0.0005006701
4.277, -0.00017867949, -0.00017867949, 0.00046530177, -0.00017867949, 10.034889, -0.00017867949, -0.00017867949, 0.00046530177, -0.00082266075
4.2780000000000005, 0.00014331115, 0.00014331115, 0.00014331115, -0.00017867949, 10.033279, -0.0005006701, -0.00017867949, 0.00046530177, -0.0005006701
4.279, 0.00046530177, 0.0011092831, -0.00082266075, 0.00014331115, 10.036178, -0.00017867949, 0.00014331115, -0.0005006701, -0.00017867949
4.28, -0.00017867949, -0.00017867949, -0.00017867949, 0.00046530177, 10.035534, 0.00014331115, -0.00017867949, 0.00078729243, -0.0005006701
4.281, 0.00046530177, -0.0005006701, -0.00017867949, 0.00014331115, 10.035855, 0.00014331115, 0.00014331115, 0.00078729243, -0.00017867949
4.282, -0.00017867949, 0.00014331115, 0.00078729243, -0.0005006701, 10.035534, 0.00046530177, -0.00082266075, 0.00014331115, -0.00017867949
4.283, 0.00014331115, 0.00046530177, -0.0005006701, -0.00017867949, 10.0365, 0.00046530177, 0.00014331115, 0.00078729243, -0.0005006701
4.284, -0.00017867949, -0.00017867949, 0.00014331115, -0.00017867949, 10.035534, -0.00017867949, -0.0005006701, 0.00046530177, -0.00017867949
4.285, 0.00014331115, 0.00046530177, -0.0005006701, -0.00017867949, 10.034568, -0.00017867949, 0.00014331115, 0.00046530177, -0.0005006701
4.2860000000000005, -0.0005006701, 0.00046530177, 0.00014331115, -0.0005006701, 10.035855, 0.00078729243, 0.00014331115, 0.00014331115, -0.0005006701
4.287, 0.00014331115, -0.00017867949, -0.0005006701, -0.00017867949, 10.034568, -0.00017867949, 0.00014331115, -0.00017867949, -0.00082266075
4.288, -0.00017867949, -0.00017867949, 0.00014331115, -0.00017867949, 10.035855, -0.0005006701, -0.00082266075, 0.00014331115, -0.0005006701
4.289, -0.0005006701, 0.00014331115, 0.00046530177, 0.00014331115, 10.035212, 0.00014331115, 0.00014331115, 0.00046530177, 0.00014331115
4.29, -0.00017867949, -0.00017867949, -0.00017867949, 0.00014331115, 10.034568, 0.00046530177, -0.0011446514, 0.00046530177, -0.0005006701
4.291, -0.00017867949, -0.00017867949, 0.00014331115, -0.00017867949, 10.034568, -0.00017867949, 0.00014331115, 0.00046530177, -0.00017867949
4.292, -0.00017867949, -0.00017867949, -0.00017867949, 0.00014331115, 10.035534, 0.00014331115, -0.00082266075, 0.00014331115, -0.0005006701
4.293, -0.00017867949, 0.00078729243, 0.00014331115, -0.0005006701, 10.036178, 0.00046530177, -0.0005006701, 0.00014331115, -0.00082266075
4.2940000000000005, -0.00017867949, 0.00046530177, 0.00046530177, 0.00046530177, 10.035855, 0.00014331115, -0.00017867949, 0.00046530177, -0.0005006701
4.295, -0.00017867949, 0.00014331115, -0.0005006701, 0.00014331115, 10.035855, 0.00046530177, -0.00017867949, 0.00014331115, -0.00082266075
4.296, -0.00017867949, -0.00017867949, -0.00017867949, 0.00046530177, 10.033602, -0.00017867949, 0.00014331115, 0.00046530177, -0.0005006701
4.297, -0.00017867949, 0.00014331115, -0.00017867949, -0.00017867949, 10.034568, 0.00014331115, 0.00046530177, 0.00046530177, 0.00014331115
4.298, -0.00017867949, 0.00046530177, 0.00014331115, -0.0005006701, 10.034889, -0.00017867949, 0.00014331115, 0.00046530177, -0.00017867949
4.299, -0.00017867949, 0.00014331115, -0.00017867949, -0.00017867949, 10.035534, -0.0005006701, 0.00014331115, 0.00046530177, 0.00014331115
4.3, -0.00017867949, -0.00017867949, 0.00014331115, 0.00014331115, 10.034889, 0.00078729243, -0.0005006701, 0.00014331115, -0.00017867949
4.301, 0.00014331115, 0.00014331115, 0.00014331115, 0.00014331115, 10.034889, 0.00014331115, 0.00014331115, 0.00014331115, 0.00014331115
4.3020000000000005, -0.00017867949, 0.00046530177, 0.00046530177, -0.00017867949, 10.035212, 0.00014331115, -0.00017867949, 0.00046530177, -0.00017867949
4.303, 0.00046530177, 0.00014331115, 0.00014331115, 0.00046530177, 10.034889, -0.00017867949, -0.0005006701, 0.00046530177, 0.00014331115
4.304, 0.00046530177, 0.00014331115, 0.00046530177, 0.00014331115, 10.035212, 0.00014331115, 0.00014331115, 0.00014331115, -0.0005006701
4.305, -0.00017867949, 0.00046530177, 0.00046530177, 0.00014331115, 10.0342455, 0.00014331115, -0.0005006701, 0.00046530177, -0.00017867949
4.306, -0.00017867949, 0.00046530177, 0.00014331115, 0.00014331115, 10.0342455, -0.00017867949, 0.00046530177, 0.00046530177, -0.00082266075
4.307, -0.0005006701, 0.00014331115, 0.00014331115, 0.00014331115, 10.0342455, 0.00014331115, -0.00017867949, 0.00046530177, -0.0011446514
4.308, -0.00017867949, 0.00014331115, 0.00014331115, -0.0005006701, 10.034889, -0.0005006701, -0.0005006701, 0.00014331115, 0.00014331115
4.309, -0.0005006701, 0.00046530177, 0.00014331115, 0.00046530177, 10.035855, -0.00017867949, -0.0005006701, 0.0011092831, -0.00082266075
4.3100000000000005, 0.00046530177, -0.00017867949, -0.00017867949, -0.00017867949, 10.034889, -0.00017867949, 0.00014331115, 0.00014331115, -0.0005006701
4.311, -0.00017867949, 0.00014331115, -0.0005006701, -0.00017867949, 10.034568, -0.0005006701, -0.00017867949, 0.00014331115, -0.00017867949
4.312, 0.00046530177, 0.00078729243, -0.00017867949, 0.00014331115, 10.033924, -0.00017867949, 0.00014331115, 0.00078729243, -0.0005006701
4.313, -0.00017867949, 0.00046530177, 0.00046530177, 0.00014331115, 10.035855, -0.0005006701, -0.00017867949, -0.00017867949, 0.00014331115
4.314, 0.00014331115, -0.00017867949, 0.00046530177, -0.00017867949, 10.035212, 0.00014331115, 0.00014331115, 0.00046530177, -0.00082266075
4.315, 0.00014331115, 0.00046530177, 0.00014331115, -0.00017867949, 10.035534, 0.00014331115, -0.00017867949, -0.00017867949, -0.00082266075
4.316, -0.00017867949, -0.00017867949, 0.00014331115, -0.00017867949, 10.035212, 0.00046530177, -0.0005006701, 0.00078729243, -0.00017867949
4.317, -0.00017867949, 0.00014331115, 0.00078729243, -0.00017867949, 10.0342455, 0.00014331115, -0.00017867949, -0.00017867949, 0.00014331115
4.3180000000000005, 0.00046530177, -0.00017867949, -0.0005006701, 0.00014331115, 10.035212, -0.00017867949, -0.00017867949, 0.00046530177, -0.00017867949
4.319, 0.00014331115, -0.00017867949, -0.00017867949, 0.00014331115, 10.034568, -0.00017867949, -0.0005006701, 0.00014331115, -0.00017867949
4.32, -0.00017867949, -0.00017867949, -0.00017867949, 0.00014331115, 10.0342455, -0.0005006701, -0.00017867949, 0.00014331115, -0.0005006701
4.321, 0.00014331115, -0.00017867949, 0.00014331115, 0.00014331115, 10.033602, 0.00046530177, -0.0005006701, 0.00014331115, 0.00014331115
4.322, 0.00014331115, -0.0005006701, -0.00017867949, 0.00014331115, 10.034889, -0.0005006701, 0.00014331115, 0.00014331115, -0.0005006701
4.323, 0.00046530177, 0.00014331115, 0.00046530177, -0.00017867949, 10.034568, -0.00017867949, -0.0005006701, -0.00017867949, -0.0005006701
4.324, 0.00014331115, 0.00014331115, -0.0005006701, -0.00017867949, 10.035534, 0.00014331115, 0.00014331115, -0.00017867949, 0.00014331115
4.325, 0.00014331115, 0.00078729243, 0.00046530177, 0.00014331115, 10.035534, 0.00014331115, -0.0005006701, 0.00078729243, -0.0005006701
4.3260000000000005, -0.0005006701, 0.00014331115, -0.00017867949, 0.00014331115, 10.035212, 0.00014331115, -0.00017867949, 0.00014331115, 0.00014331115
4.327, -0.0005006701, -0.00017867949, -0.0005006701, 0.00014331115, 10.035855, 0.00046530177, 0.00014331115, 0.00046530177, 0.00014331115
4.328, 0.00014331115, 0.00078729243, 0.00014331115, -0.00017867949, 10.034889, -0.00082266075, -0.0005006701, -0.00017867949, 0.00014331115
4.329, -0.00017867949, 0.00014331115, 0.00014331115, -0.00017867949, 10.036178, -0.00017867949, -0.00017867949, -0.00017867949, 0.00014331115
4.33, -0.00017867949, 0.00014331115, -0.0005006701, 0.00046530177, 10.034568, -0.00017867949, 0.00014331115, 0.00046530177, -0.0005006701
4.331, -0.00082266075, 0.00046530177, 0.00014331115, 0.00014331115, 10.035855, 0.00014331115, -0.00017867949, 0.00014331115, -0.00082266075
4.332, -0.00082266075, 0.00014331115, -0.00017867949, 0.00046530177, 10.034889, -0.00017867949, 0.00014331115, 0.00046530177, -0.00017867949
4.333, -0.00017867949, 0.00046530177, 0.00046530177, 0.00014331115, 10.033924, 0.00014331115, 0.00014331115, 0.00014331115, 0.00014331115
4.3340000000000005, 0.00014331115, 0.00046530177, -0.00017867949, 0.00078729243, 10.0342455, -0.00017867949, 0.00014331115, 0.00046530177, -0.00017867949
4.335, -0.0005006701, -0.00017867949, 0.00014331115, -0.00017867949, 10.035212, 0.00046530177, -0.00082266075, -0.00017867949, -0.00082266075
4.336, 0.00014331115, 0.00014331115, 0.00014331115, 0.00014331115, 10.035855, -0.00017867949, -0.00017867949, 0.00046530177, 0.00014331115
4.337, 0.00014331115, 0.00046530177, 0.00046530177, 0.00046530177, 10.035534, 0.00014331115, -0.0005006701, 0.00014331115, 0.00014331115
4.338, 0.00014331115, 0.00014331115, -0.00017867949, 0.00014331115, 10.035534, 0.00014331115, -0.00017867949, 0.00046530177, 0.00014331115
4.339, 0.00014331115, 0.00014331115, -0.00017867949, 0.00014331115, 10.033602, 0.00014331115, -0.00017867949, 0.00078729243, -0.00017867949
4.34, -0.0005006701, 0.00014331115, -0.0005006701, -0.00017867949, 10.0342455, 0.00014331115, -0.00017867949, 0.00014331115, -0.0005006701
4.341, -0.00017867949, -0.00017867949, -0.00017867949, -0.0005006701, 10.034889, -0.0005006701, -0.00017867949, -0.00017867949, 0.00014331115
4.3420000000000005, -0.00017867949, -0.00017867949, -0.00017867949, 0.00014331115, 10.034889, -0.0005006701, -0.00017867949, 0.00014331115, -0.00017867949
4.343, 0.00014331115, 0.00046530177, 0.00014331115, 0.00014331115, 10.035212, -0.00017867949, -0.00017867949, 0.0011092831, -0.0005006701
4.344, -0.00017867949, -0.00017867949, -0.00017867949, 0.00014331115, 10.034568, 0.00014331115, -0.00017867949, 0.00046530177, -0.00082266075
4.345, -0.00017867949, -0.00017867949, 0.00014331115, 0.00014331115, 10.036178, -0.0005006701, -0.00017867949, 0.00046530177, 0.00014331115
4.346, 0.00046530177, 0.00046530177, -0.0005006701, 0.00014331115, 10.034889, -0.00017867949, -0.00017867949, 0.00014331115, -0.00017867949
4.347, 0.00014331115, -0.00017867949, -0.00017867949, 0.00014331115, 10.035855, 0.00014331115, -0.0005006701, -0.0005006701, -0.00017867949
4.348, -0.0005006701, 0.00046530177, -0.00017867949, -0.00017867949, 10.033924, 0.00014331115, -0.0005006701, 0.00046530177, -0.00017867949
4.349, -0.00017867949, 0.00046530177, 0.00014331115, -0.00017867949, 10.035534, 0.00014331115, -0.00017867949, 0.00046530177, -0.0005006701
4.3500000000000005, 0.00014331115, -0.00017867949, -0.00017867949, 0.00014331115, 10.033924, -0.00017867949, 0.00046530177, -0.00017867949, -0.00082266075
4.351, 0.00014331115, -0.00017867949, -0.00017867949, -0.00017867949, 10.0342455, 0.00014331115, -0.0005006701, 0.00046530177, -0.00017867949
4.352, -0.00017867949, 0.00046530177, 0.00014331115, -0.0005006701, 10.034568, 0.00014331115, -0.00017867949, 0.00046530177, -0.0005006701
4.353, 0.00014331115, 0.00046530177, -0.00017867949, -0.00017867949, 10.035212, 0.00046530177, 0.00014331115, 0.00014331115, 0.00014331115
4.354, -0.00017867949, 0.00014331115, -0.00017867949, -0.00017867949, 10.035855, 0.00014331115, -0.0005006701, 0.00014331115, -0.0005006701
4.355, -0.00017867949, 0.00046530177, 0.00046530177, -0.0005006701, 10.034889, -0.00017867949, -0.0005006701, 0.00078729243, -0.0005006701
4.356, -0.0005006701, -0.00017867949, -0.00017867949, -0.00017867949, 10.035212, 0.00014331115, -0.00017867949, 0.00014331115, -0.00017867949
4.357, -0.0005006701, -0.0005006701, -0.0005006701, -0.00017867949, 10.033924, -0.00017867949, -0.00017867949, 0.00078729243, -0.00017867949
4.358, -0.0005006701, 0.00078729243, 0.00014331115, 0.00014331115, 10.035212, 0.00014331115, -0.0011446514, 0.00046530177, -0.00082266075
4.359, 0.00014331115, -0.00017867949, 0.00014331115, -0.00017867949, 10.034889, -0.0005006701, -0.0005006701, 0.00014331115, -0.00082266075
4.36, -0.0005006701, 0.00046530177, -0.00017867949, -0.00017867949, 10.035855, -0.00017867949, 0.00014331115, 0.00046530177, -0.0005006701
4.361, 0.00014331115, 0.00046530177, -0.00017867949, -0.00017867949, 10.035534, 0.00014331115, -0.0005006701, -0.00017867949, -0.0005006701
4.362, -0.00017867949, 0.00014331115, 0.00014331115, -0.00017867949, 10.034568, -0.00017867949, 0.00014331115, 0.00046530177, -0.0005006701
4.363, 0.00014331115, 0.00014331115, 0.00014331115, 0.00014331115, 10.035855, -0.0005006701, 0.00014331115, 0.00046530177, -0.0005006701
4.364, -0.00017867949, 0.00046530177, 0.00046530177, -0.00017867949, 10.034568, 0.00078729243, -0.00017867949, 0.00046530177, 0.00014331115
4.365, -0.0005006701, 0.00014331115, 0.00046530177, 0.00014331115, 10.035855, 0.00014331115, 0.00014331115, 0.00078729243, -0.0005006701
4.366, 0.00014331115, 0.00078729243, -0.00082266075, -0.00082266075, 10.0342455, 0.00014331115, -0.00017867949, 0.00014331115, -0.00017867949
4.367, 0.00014331115, 0.00046530177, 0.00014331115, 0.00014331115, 10.034568, 0.00014331115, -0.00017867949, 0.00046530177, -0.00017867949
4.368, 0.00014331115, 0.00046530177, -0.00017867949, 0.00014331115, 10.034568, -0.00017867949, -0.0005006701, 0.00014331115, -0.0005006701
4.369, -0.00017867949, 0.00046530177, 0.00046530177, -0.00017867949, 10.035212, -0.00017867949, 0.00014331115, 0.00014331115, -0.00017867949
4.37, -0.00017867949, -0.00017867949, 0.00046530177, -0.00017867949, 10.035855, 0.00046530177, -0.00017867949, 0.00046530177, -0.00017867949
4.371, -0.00017867949, -0.0005006701, -0.00017867949, 0.00014331115, 10.035212, 0.00014331115, -0.00017867949, 0.00014331115, 0.00046530177
4.372, -0.00017867949, 0.00046530177, 0.00014331115, 0.00014331115, 10.0342455, -0.0005006701, -0.00017867949, 0.00014331115, -0.00082266075
4.373, -0.0005006701, -0.00017867949, -0.00017867949, -0.0005006701, 10.0342455, 0.00014331115, -0.00082266075, 0.00014331115, 0.00014331115
4.374, 0.00014331115, 0.00078729243, 0.00046530177, -0.00017867949, 10.035534, -0.0005006701, -0.00017867949, 0.00078729243, -0.00017867949
4.375, 0.00014331115, 0.00046530177, -0.00017867949, -0.00017867949, 10.034889, 0.00046530177, -0.00082266075, -0.00017867949, -0.00082266075
4.376, -0.00017867949, 0.00014331115, -0.00017867949, -0.0005006701, 10.035212, -0.00017867949, 0.00014331115, 0.00046530177, -0.0005006701
4.377, -0.00017867949, 0.00014331115, -0.00017867949, -0.0005006701, 10.033924, 0.00014331115, -0.00017867949, 0.00014331115, -0.0005006701
4.378, -0.0005006701, 0.00014331115, 0.00046530177, 0.00046530177, 10.033924, 0.00046530177, -0.00082266075, 0.00014331115, 0.00014331115
4.3790000000000004, 0.00014331115, 0.00046530177, 0.00014331115, 0.00046530177, 10.035212, 0.00014331115, 0.00014331115, 0.00046530177, -0.0005006701
4.38, -0.00017867949, 0.00046530177, -0.0005006701, -0.00017867949, 10.035534, 0.00014331115, -0.00017867949, 0.00014331115, 0.00014331115
4.381, 0.00014331115, 0.00046530177, 0.00014331115, -0.0005006701, 10.035855, -0.00017867949, -0.00017867949, -0.00017867949, -0.00017867949
4.382, 0.00014331115, -0.00017867949, 0.00014331115, 0.00014331115, 10.035855, -0.00017867949, -0.00082266075, 0.00014331115, -0.0005006701
4.383, -0.00017867949, -0.0005006701, -0.00017867949, 0.00014331115, 10.035534, -0.0005006701, -0.00017867949, 0.00014331115, -0.00017867949
4.384, -0.00017867949, 0.00014331115, -0.00017867949, 0.00014331115, 10.034889, 0.00014331115, -0.00017867949, 0.00046530177, 0.00014331115
4.385, -0.00017867949, 0.00046530177, 0.00046530177, -0.00017867949, 10.035212, 0.00078729243, -0.00017867949, 0.00046530177, -0.00017867949
4.386, 0.00014331115, 0.00014331115, 0.00014331115, 0.00014331115, 10.034889, 0.00014331115, -0.00017867949, 0.00046530177, -0.0005006701
4.3870000000000005, -0.0005006701, 0.00014331115, 0.00014331115, -0.00082266075, 10.0342455, 0.00046530177, -0.0005006701, 0.00014331115, 0.00014331115
4.388, -0.00082266075, -0.00017867949, 0.00014331115, -0.0005006701, 10.035534, 0.00046530177, -0.0005006701, 0.00014331115, -0.00082266075
4.389, 0.00014331115, 0.00046530177, 0.00046530177, -0.00017867949, 10.034568, 0.00014331115, -0.0005006701, 0.00046530177, -0.00082266075
4.39, -0.00017867949, 0.00014331115, 0.00046530177, 0.00046530177, 10.036178, 0.00014331115, -0.0005006701, 0.00046530177, -0.0005006701
4.391, 0.00014331115, 0.00046530177, -0.00017867949, 0.00014331115, 10.035212, 0.00014331115, -0.00017867949, 0.00014331115, -0.00017867949
4.392, -0.0005006701, -0.0005006701, -0.00017867949, 0.00046530177, 10.035212, -0.00017867949, 0.00014331115, 0.00014331115, -0.00017867949
4.393, -0.00017867949, -0.0005006701, 0.00014331115, -0.00017867949, 10.035855, 0.00014331115, 0.00014331115, 0.00014331115, -0.00017867949
4.394, -0.00017867949, 0.00046530177, -0.00017867949, -0.00017867949, 10.035212, -0.00017867949, -0.00017867949, 0.00046530177, 0.00014331115
4.3950000000000005, 0.00014331115, 0.00014331115, -0.00017867949, 0.00046530177, 10.0342455, 0.00078729243, -0.00017867949, 0.00046530177, 0.00014331115
4.396, -0.00017867949, 0.00046530177, -0.0005006701, 0.00046530177, 10.033924, -0.0005006701, -0.00017867949, 0.00014331115, 0.00014331115
4.397, 0.00014331115, 0.00046530177, 0.00014331115, -0.00017867949, 10.035855, 0.00014331115, -0.00017867949, -0.00017867949, -0.0005006701
4.398, -0.00017867949, 0.00014331115, 0.00014331115, 0.00014331115, 10.0342455, -0.0005006701, -0.00017867949, 0.00046530177, 0.00014331115
4.399, 0.00014331115, 0.00014331115, 0.00046530177, 0.00046530177, 10.035212, -0.00017867949, -0.00017867949, 0.00046530177, -0.00017867949
4.4, -0.00017867949, 0.00046530177, -0.00017867949, 0.00014331115, 10.034568, -0.00017867949, -0.00017867949, 0.00046530177, 0.00014331115
4.401, -0.00017867949, 0.00014331115, 0.00014331115, -0.00017867949, 10.0342455, 0.00014331115, -0.00082266075, 0.00014331115, -0.0005006701
4.402, -0.0005006701, 0.00046530177, 0.00046530177, -0.00017867949, 10.034889, 0.00046530177, 0.00014331115, 0.00014331115, -0.0005006701
4.4030000000000005, 0.00014331115, -0.0005006701, 0.00046530177, -0.0005006701, 10.036178, 0.0011092831, 0.00014331115, 0.00078729243, -0.00082266075
4.404, -0.00017867949, -0.00017867949, -0.00017867949, -0.00017867949, 10.036178, -0.00017867949, -0.0005006701, -0.00017867949, -0.0005006701
4.405, -0.00017867949, -0.00017867949, -0.00017867949, 0.00014331115, 10.0342455, 0.00014331115, -0.0005006701, 0.00014331115, -0.00082266075
4.406, -0.0005006701, 0.00014331115, 0.00046530177, -0.00017867949, 10.034568, -0.00017867949, -0.00082266075, 0.00014331115, -0.0005006701
4.407, -0.00017867949, 0.00014331115, -0.0005006701, -0.00017867949, 10.034889, -0.00017867949, -0.0005006701, -0.00017867949, 0.00014331115
4.408, 0.00014331115, -0.00017867949, 0.00014331115, -0.0005006701, 10.035534, -0.0005006701, 0.00014331115, 0.00014331115, -0.00017867949
4.409, 0.00014331115, -0.00017867949, -0.0005006701, -0.00017867949, 10.0342455, -0.00017867949, -0.00017867949, -0.00017867949, -0.0005006701
4.41, -0.0005006701, 0.00046530177, -0.00017867949, -0.00017867949, 10.035534, 0.00014331115, -0.00082266075, 0.00046530177, -0.0005006701
4.4110000000000005, -0.00082266075, 0.00046530177, -0.00017867949, -0.00082266075, 10.035212, -0.00017867949, 0.00014331115, -0.00017867949, -0.0005006701
4.412, 0.00014331115, 0.00046530177, 0.00046530177, 0.00014331115, 10.033279, 0.00014331115, -0.00017867949, 0.00014331115, 0.00014331115
4.413, -0.00082266075, 0.00078729243, 0.00046530177, 0.00014331115, 10.035212, -0.0005006701, -0.0005006701, 0.00078729243, -0.00017867949
4.414, -0.00017867949, -0.00017867949, -0.00017867949, -0.0005006701, 10.036178, 0.00014331115, 0.00014331115, -0.00017867949, -0.0005006701
4.415, 0.00014331115, 0.00014331115, 0.00014331115, -0.0005006701, 10.0365, 0.00046530177, 0.00014331115, 0.00014331115, -0.00017867949
4.416, 0.00014331115, 0.00046530177, 0.00014331115, 0.00014331115, 10.033924, -0.0005006701, -0.0005006701, 0.00046530177, 0.00046530177
4.417, 0.00014331115, 0.00014331115, 0.00014331115, -0.00017867949, 10.034568, -0.0005006701, -0.0005006701, 0.00014331115, -0.00017867949
4.418, 0.00014331115, 0.00014331115, -0.0005006701, 0.00078729243, 10.033924, 0.00014331115, 0.00014331115, 0.00078729243, -0.00017867949
4.4190000000000005, -0.00017867949, 0.00046530177, 0.00014331115, -0.00017867949, 10.0342455, 0.00014331115, -0.00017867949, 0.00014331115, -0.00017867949
4.42, 0.00046530177, -0.00017867949, -0.00017867949, -0.00017867949, 10.035534, 0.00014331115, -0.0005006701, 0.00046530177, -0.00017867949
4.421, -0.00017867949, 0.00046530177, -0.00017867949, 0.00014331115, 10.035212, -0.00017867949, -0.0005006701, 0.00014331115, 0.00014331115
4.422, 0.00014331115, -0.00017867949, -0.00017867949, 0.00014331115, 10.035855, 0.00014331115, 0.00014331115, 0.00046530177, -0.0005006701
4.423, 0.00046530177, -0.00017867949, -0.00017867949, 0.00014331115, 10.035212, 0.00046530177, 0.00014331115, -0.00017867949, -0.00082266075
4.424, -0.00082266075, 0.00014331115, 0.00014331115, 0.00046530177, 10.0365, 0.00014331115, -0.0005006701, 0.00078729243, -0.00017867949
4.425, -0.0005006701, 0.00046530177, -0.00017867949, -0.00017867949, 10.034889, 0.00014331115, -0.0005006701, 0.00046530177, -0.00082266075
4.426, 0.00014331115, 0.00046530177, -0.00017867949, -0.00017867949, 10.0365, 0.00046530177, -0.0005006701, 0.00014331115, 0.00046530177
4.4270000000000005, -0.00017867949, 0.00046530177, -0.00017867949, 0.00046530177, 10.034568, 0.00014331115, -0.0005006701, 0.00078729243, -0.00017867949
4.428, 0.00078729243, 0.00046530177, 0.00046530177, -0.00017867949, 10.035212, -0.00017867949, -0.00017867949, 0.00046530177, -0.0005006701
4.429, -0.0005006701, 0.00014331115, -0.0011446514, 0.00014331115, 10.0342455, 0.00046530177, -0.0011446514, 0.00014331115, -0.0005006701
4.43, 0.00014331115, 0.00014331115, 0.00014331115, -0.00017867949, 10.033602, -0.00017867949, 0.00014331115, 0.00014331115, -0.00017867949
4.431, -0.00017867949, -0.00017867949, 0.00014331115, -0.0005006701, 10.0342455, -0.00017867949, -0.00082266075, 0.00046530177, 0.00014331115
4.432, 0.00014331115, -0.00017867949, 0.00046530177, -0.00017867949, 10.0342455, -0.0005006701, 0.00014331115, 0.0011092831, -0.00017867949
4.433, 0.00046530177, 0.00014331115, -0.00017867949, -0.0005006701, 10.0365, 0.00014331115, -0.00017867949, 0.00014331115, -0.00017867949
4.434, -0.00017867949, 0.00014331115, -0.0005006701, -0.0005006701, 10.035855, 0.00014331115, -0.00017867949, -0.0005006701, -0.0005006701
4.4350000000000005, 0.00014331115, 0.00046530177, -0.0005006701, -0.00017867949, 10.036178, -0.00017867949, 0.00014331115, 0.00046530177, -0.0005006701
4.436, 0.00014331115, 0.00078729243, 0.00014331115, -0.00017867949, 10.034889, -0.00017867949, -0.00017867949, -0.00017867949, 0.00014331115
4.437, -0.0005006701, 0.00014331115, 0.00014331115, 0.00014331115, 10.035212, 0.00014331115, -0.00017867949, 0.00046530177, -0.00017867949
4.438, 0.00014331115, 0.00014331115, 0.00014331115, -0.0005006701, 10.034889, -0.0005006701, 0.00014331115, 0.00078729243, 0.00014331115
4.439, -0.00017867949, 0.00014331115, 0.00014331115, -0.00017867949, 10.034568, 0.00014331115, -0.00082266075, 0.00014331115, 0.00046530177
4.44, 0.00014331115, 0.00014331115, -0.0005006701, 0.00014331115, 10.035212, 0.00014331115, 0.00014331115, 0.00014331115, -0.00017867949
4.441, -0.0005006701, 0.00046530177, -0.0005006701, 0.00014331115, 10.035212, 0.00014331115, -0.00017867949, 0.00046530177, -0.0011446514
4.442, 0.00014331115, -0.0005006701, 0.00014331115, 0.00046530177, 10.035212, 0.00014331115, -0.0005006701, 0.00046530177, -0.0005006701
4.4430000000000005, 0.00014331115, -0.00017867949, 0.00014331115, -0.00017867949, 10.034889, -0.00017867949, 0.00046530177, 0.00014331115, -0.00017867949
4.444, 0.00046530177, 0.00014331115, 0.00014331115, 0.00014331115, 10.035212, -0.0005006701, 0.00014331115, 0.00046530177, 0.00014331115
4.445, -0.00017867949, -0.0005006701, -0.0005006701, 0.00014331115, 10.035534, 0.00046530177, -0.0005006701, 0.00078729243, -0.0005006701
4.446, -0.00017867949, 0.00078729243, -0.00017867949, -0.00017867949, 10.035855, 0.00014331115, -0.00017867949, 0.00014331115, -0.00017867949
4.447, -0.00017867949, 0.00014331115, -0.00017867949, -0.00017867949, 10.035855, 0.00014331115, 0.00046530177, 0.00046530177, -0.00017867949
4.448, -0.00017867949, -0.00017867949, 0.00014331115, 0.00014331115, 10.035855, -0.00017867949, 0.00014331115, 0.00046530177, -0.00017867949
4.449, -0.0005006701, 0.00078729243, 0.00014331115, 0.00014331115, 10.035212, -0.00017867949, 0.00014331115, -0.0005006701, -0.00017867949
4.45, -0.0005006701, -0.00017867949, -0.00017867949, 0.00014331115, 10.0342455, 0.00014331115, -0.00082266075, -0.00017867949, -0.00017867949
4.4510000000000005, 0.00046530177, 0.00046530177, 0.00014331115, 0.00014331115, 10.034568, -0.00017867949, -0.00082266075, -0.00017867949, 0.00014331115
4.452, 0.00046530177, 0.00014331115, -0.0005006701, -0.0005006701, 10.0342455, 0.00046530177, -0.0005006701, 0.00014331115, -0.00017867949
4.453, 0.00014331115, 0.00014331115, 0.00014331115, -0.00017867949, 10.034568, -0.00017867949, -0.00017867949, 0.00046530177, -0.00082266075
4.454, -0.0005006701, 0.00014331115, -0.00017867949, 0.00014331115, 10.035212, 0.00014331115, -0.0005006701, 0.00014331115, 0.00014331115
4.455, -0.00017867949, 0.00078729243, -0.0005006701, 0.00014331115, 10.035855, -0.0005006701, 0.00014331115, 0.00046530177, -0.0005006701
4.456, 0.00014331115, 0.00014331115, 0.00014331115, -0.00017867949, 10.036178, 0.00078729243, -0.0005006701, -0.0005006701, -0.00017867949
4.457, 0.00014331115, 0.00014331115, 0.00046530177, 0.00046530177, 10.034889, 0.00046530177, -0.0005006701, 0.00014331115, -0.00017867949
4.458, -0.00017867949, 0.00046530177, -0.00017867949, -0.00017867949, 10.035212, 0.00046530177, -0.0005006701, 0.00014331115, 0.00014331115
4.4590000000000005, -0.00017867949, 0.00046530177, 0.00046530177, -0.0005006701, 10.035534, -0.00082266075, 0.00014331115, 0.00046530177, -0.0005006701
4.46, 0.00014331115, -0.0005006701, -0.00017867949, -0.0005006701, 10.034889, -0.00017867949, -0.0005006701, -0.00017867949, -0.00082266075
4.461, -0.0005006701, 0.00046530177, 0.00046530177, -0.00017867949, 10.034568, 0.00014331115, -0.0005006701, 0.00078729243, -0.0005006701
4.462, 0.00046530177, 0.00046530177, -0.00017867949, 0.00014331115, 10.035212, -0.00017867949, -0.00017867949, 0.00046530177, -0.00017867949
4.463, -0.00017867949, 0.00014331115, 0.00014331115, -0.0005006701, 10.034568, 0.00014331115, -0.0005006701, 0.00046530177, -0.0005006701
4.464, 0.00046530177, 0.00014331115, 0.00014331115, -0.0005006701, 10.034568, -0.0005006701, -0.00017867949, -0.00017867949, -0.0005006701
4.465, 0.00014331115, -0.00017867949, 0.00046530177, -0.00017867949, 10.035212, 0.00014331115, -0.0005006701, -0.00017867949, -0.0005006701
4.466, -0.00017867949, 0.00046530177, -0.0005006701, 0.00014331115, 10.0342455, 0.00014331115, -0.00017867949, 0.00014331115, -0.00082266075
4.4670000000000005, -0.00082266075, 0.00014331115, -0.00017867949, -0.00017867949, 10.034889, 0.00046530177, -0.00017867949, 0.00014331115, -0.00017867949
4.468, -0.00017867949, 0.00014331115, 0.00014331115, 0.00046530177, 10.0342455, -0.00017867949, 0.00014331115, 0.00046530177, -0.00017867949
4.469, -0.00017867949, 0.00046530177, -0.00017867949, -0.00017867949, 10.034889, -0.0005006701, -0.00017867949, 0.00046530177, -0.00017867949
4.47, -0.0005006701, -0.00017867949, 0.00014331115, 0.00046530177, 10.033924, -0.00017867949, -0.0005006701, 0.00046530177, -0.0005006701
4.471, 0.00046530177, 0.00014331115, -0.00017867949, 0.00046530177, 10.034568, 0.00046530177, 0.00014331115, 0.00014331115, 0.00014331115
4.472, -0.00017867949, 0.00014331115, -0.00017867949, 0.00046530177, 10.035855, 0.00014331115, -0.00082266075, 0.00014331115, 0.00014331115
4.473, 0.00014331115, 0.00046530177, 0.00014331115, 0.00014331115, 10.034889, -0.00017867949, -0.0005006701, 0.00046530177, 0.00014331115
4.474, -0.00017867949, 0.00014331115, 0.00014331115, -0.0005006701, 10.034568, -0.00017867949, -0.00017867949, 0.00014331115, -0.00082266075
4.4750000000000005, -0.00017867949, 0.00014331115, -0.00082266075, 0.00014331115, 10.033602, 0.00014331115, -0.0005006701, 0.00078729243, -0.0005006701
4.476, -0.0005006701, 0.00014331115, 0.00078729243, -0.00017867949, 10.035212, 0.00046530177, -0.00017867949, 0.00046530177, -0.0005006701
4.477, -0.0005006701, 0.00046530177, 0.00014331115, -0.00017867949, 10.035212, 0.00046530177, -0.00017867949, 0.00014331115, -0.00082266075
4.478, 0.00014331115, 0.00046530177, 0.00014331115, 0.00014331115, 10.035855, 0.00046530177, 0.00046530177, 0.00046530177, -0.00017867949
4.479, -0.0005006701, 0.0011092831, 0.00014331115, 0.00014331115, 10.035855, 0.00014331115, 0.00014331115, -0.00017867949, -0.0005006701
4.48, -0.00017867949, -0.0005006701, -0.0005006701, -0.00082266075, 10.035212, 0.00014331115, -0.00017867949, 0.00046530177, -0.00017867949
4.481, -0.0005006701, 0.00078729243, -0.0005006701, -0.00017867949, 10.035212, -0.00017867949, -0.00017867949, 0.00078729243, -0.00017867949
4.482, -0.00017867949, 0.00046530177, 0.00014331115, 0.00014331115, 10.035212, -0.00017867949, -0.00017867949, 0.00078729243, 0.00014331115
4.483, 0.00014331115, 0.00014331115, 0.00014331115, -0.00017867949, 10.034568, -0.00017867949, -0.0005006701, -0.00017867949, -0.0005006701
4.484, -0.00017867949, 0.00014331115, 0.00014331115, 0.00046530177, 10.033602, 0.00014331115, -0.00017867949, 0.00046530177, -0.0005006701
4.485, 0.00014331115, -0.00017867949, -0.00017867949, 0.00014331115, 10.034568, -0.0005006701, 0.00014331115, 0.00046530177, -0.0005006701
4.486, -0.00017867949, 0.00014331115, -0.00017867949, 0.00014331115, 10.034568, 0.00014331115, -0.00017867949, 0.00014331115, -0.00017867949
4.487, 0.00046530177, -0.00082266075, -0.00017867949, 0.00014331115, 10.035212, -0.00017867949, -0.00017867949, 0.00046530177, -0.00017867949
4.488, -0.00017867949, 0.00014331115, 0.00014331115, -0.00017867949, 10.033924, -0.00017867949, -0.00017867949, 0.00046530177, -0.00017867949
4.489, 0.00014331115, -0.00017867949, -0.00017867949, -0.00017867949, 10.033924, 0.00046530177, -0.00082266075, 0.00014331115, -0.0005006701
4.49, -0.0005006701, 0.00014331115, -0.00017867949, 0.00014331115, 10.0342455, -0.0005006701, -0.0005006701, 0.00046530177, 0.00046530177
4.491, -0.0005006701, -0.00017867949, -0.00017867949, 0.00014331115, 10.035855, -0.00017867949, 0.00078729243, 0.00014331115, -0.0005006701
4.492, -0.0005006701, 0.00078729243, -0.0005006701, -0.00017867949, 10.035855, 0.00014331115, 0.00014331115, 0.00014331115, -0.00082266075
4.493, -0.00017867949, 0.00046530177, 0.00046530177, -0.0005006701, 10.036178, -0.00017867949, -0.0005006701, 0.00014331115, -0.0011446514
4.494, -0.00017867949, 0.00014331115, -0.0005006701, 0.00014331115, 10.035855, 0.00046530177, 0.00014331115, 0.00014331115, 0.00014331115
4.495, -0.0005006701, 0.00046530177, -0.00017867949, 0.00014331115, 10.0342455, -0.0005006701, -0.0005006701, 0.00046530177, -0.00017867949
4.496, -0.00082266075, 0.00014331115, -0.00017867949, -0.0005006701, 10.033924, 0.00014331115, -0.00017867949, 0.00046530177, 0.00014331115
4.497, 0.00014331115, 0.00046530177, 0.00014331115, 0.00014331115, 10.034889, -0.00017867949, -0.00017867949, 0.00046530177, -0.00017867949
4.498, 0.00014331115, 0.00014331115, 0.00014331115, 0.00014331115, 10.036178, 0.00014331115, 0.00014331115, -0.0005006701, -0.00017867949
4.499, -0.0011446514, 0.00014331115, 0.00014331115, 0.00014331115, 10.035212, -0.00017867949, -0.00017867949, 0.00014331115, -0.00017867949
4.5, -0.0005006701, 0.00014331115, -0.00082266075, 0.00014331115, 10.033279, 0.00014331115, -0.00082266075, 0.00078729243, -0.00017867949
4.501, 0.00014331115, 0.00014331115, -0.0005006701, 0.00046530177, 10.036178, 0.00046530177, -0.0005006701, 0.00014331115, -0.00017867949
4.502, 0.00046530177, -0.00017867949, -0.00017867949, 0.00014331115, 10.034568, -0.00017867949, -0.0005006701, 0.00046530177, -0.00017867949
4.503, -0.0005006701, -0.00017867949, 0.00014331115, -0.00017867949, 10.035212, 0.00014331115, -0.0005006701, 0.00046530177, 0.00046530177
4.5040000000000004, 0.00014331115, 0.00046530177, -0.00017867949, -0.00017867949, 10.035855, -0.0005006701, 0.00046530177, 0.00014331115, -0.0005006701
4.505, 0.00046530177, -0.0005006701, 0.00046530177, -0.00017867949, 10.034568, -0.0005006701, -0.00017867949, 0.00014331115, -0.00017867949
4.506, -0.00017867949, 0.00046530177, -0.00017867949, 0.00046530177, 10.033602, 0.00046530177, -0.00017867949, 0.00014331115, -0.00017867949
4.507, -0.00017867949, 0.00046530177, 0.00014331115, -0.0005006701, 10.034889, -0.00017867949, -0.00017867949, 0.00014331115, -0.00082266075
4.508, -0.0005006701, 0.00014331115, -0.00017867949, -0.0005006701, 10.035534, 0.00014331115, 0.00014331115, 0.00014331115, -0.0005006701
4.509, -0.00017867949, 0.00046530177, -0.0005006701, -0.00017867949, 10.035212, 0.00014331115, -0.0005006701, 0.00078729243, -0.0005006701
4.51, 0.00014331115, 0.00014331115, 0.00014331115, 0.00014331115, 10.036178, 0.00014331115, -0.00017867949, 0.00014331115, -0.0005006701
4.511, 0.00046530177, 0.00014331115, 0.00014331115, 0.00046530177, 10.034568, 0.00046530177, 0.00014331115, -0.00017867949, -0.0005006701
4.5120000000000005, -0.00017867949, 0.00046530177, -0.0005006701, 0.00014331115, 10.035855, 0.00046530177, -0.0005006701, 0.00014331115, -0.00017867949
4.513, 0.00014331115, 0.00014331115, -0.0005006701, 0.00014331115, 10.034568, 0.00014331115, -0.00017867949, 0.00046530177, -0.00017867949
4.514, 0.00078729243, 0.00014331115, 0.00014331115, -0.00017867949, 10.035534, -0.00017867949, 0.00014331115, 0.00078729243, -0.00017867949
4.515, 0.00014331115, 0.00014331115, -0.00017867949, -0.0005006701, 10.035534, -0.00017867949, -0.0005006701, 0.00046530177, -0.00017867949
4.516, -0.00017867949, 0.00078729243, 0.00014331115, -0.00017867949, 10.033279, -0.0005006701, 0.00014331115, 0.00014331115, -0.0005006701
4.517, 0.00014331115, 0.00014331115, -0.0005006701, -0.0005006701, 10.0342455, 0.00014331115, -0.0005006701, 0.00014331115, -0.00082266075
4.518, -0.00017867949, 0.00014331115, -0.00017867949, -0.00017867949, 10.035212, 0.00014331115, 0.00014331115, 0.00014331115, -0.0005006701
4.519, -0.00017867949, 0.00046530177, 0.00014331115, 0.00014331115, 10.036178, 0.00014331115, -0.0005006701, -0.00017867949, -0.0005006701
4.5200000000000005, -0.0005006701, 0.00046530177, -0.0005006701, 0.00014331115, 10.034568, 0.00046530177, -0.00082266075, 0.00046530177, -0.00017867949
4.521, -0.0005006701, 0.00078729243, -0.0005006701, -0.00017867949, 10.033924, 0.00046530177, -0.00017867949, 0.00046530177, -0.00017867949
4.522, 0.00014331115, 0.00078729243, -0.0005006701, -0.00017867949, 10.034568, 0.00014331115, -0.00082266075, 0.00014331115, -0.00017867949
4.523, -0.00082266075, -0.00017867949, 0.00014331115, 0.00014331115, 10.035212, 0.00014331115, -0.00017867949, -0.00017867949, -0.00082266075
4.524, -0.00017867949, 0.00014331115, -0.00017867949, -0.00017867949, 10.035212, -0.00017867949, -0.00017867949, 0.00046530177, 0.00014331115
4.525, -0.00017867949, 0.00014331115, 0.00014331115, 0.00014331115, 10.034889, 0.00046530177, 0.00014331115, -0.00017867949, -0.0005006701
4.526, -0.00017867949, 0.00014331115, -0.00017867949, 0.00046530177, 10.0365, -0.0005006701, -0.00017867949, 0.00046530177, 0.00014331115
4.527, 0.00014331115, 0.00014331115, -0.00017867949, -0.00017867949, 10.035212, 0.00014331115, -0.00017867949, 0.00014331115, -0.00082266075
4.5280000000000005, 0.00014331115, -0.00017867949, -0.00017867949, 0.00046530177, 10.035212, -0.00017867949, -0.00017867949, 0.00014331115, 0.00014331115
4.529, -0.00017867949, 0.00014331115, -0.00017867949, 0.00078729243, 10.034568, -0.00017867949, -0.0005006701, 0.00014331115, 0.00046530177
4.53, -0.00082266075, 0.00014331115, 0.00046530177, 0.00014331115, 10.034568, 0.00046530177, -0.00017867949, 0.00046530177, 0.00014331115
4.531, 0.00014331115, 0.00046530177, 0.00046530177, 0.00014331115, 10.035212, 0.00014331115, -0.00017867949, -0.00017867949, -0.0005006701
4.532, 0.00014331115, -0.00017867949, -0.00017867949, 0.00014331115, 10.034889, 0.00046530177, -0.00082266075, 0.00014331115, -0.00017867949
4.533, 0.00014331115, 0.00014331115, -0.00082266075, 0.00014331115, 10.035212, 0.00014331115, 0.00014331115, 0.00046530177, -0.0005006701
4.534, -0.00017867949, 0.00014331115, 0.00046530177, -0.00017867949, 10.034568, -0.00017867949, -0.0005006701, 0.00078729243, -0.0005006701
4.535, -0.00017867949, 0.00046530177, -0.00017867949, 0.00014331115, 10.035855, -0.0005006701, -0.00017867949, 0.00078729243, -0.00017867949
4.5360000000000005, -0.0005006701, -0.00017867949, 0.00046530177, -0.00017867949, 10.035534, -0.00017867949, 0.00014331115, 0.00046530177, -0.00017867949
4.537, 0.00046530177, 0.00014331115, 0.00014331115, 0.00046530177, 10.035212, 0.00014331115, -0.00017867949, -0.00017867949, -0.00017867949
4.538, 0.00014331115, 0.00014331115, 0.00014331115, -0.0005006701, 10.034568, 0.00014331115, 0.00014331115, 0.00014331115, -0.00017867949
4.539, -0.00017867949, 0.00046530177, -0.00017867949, 0.00014331115, 10.034889, 0.00014331115, 0.00014331115, 0.00046530177, -0.00017867949
4.54, -0.0005006701, -0.00017867949, -0.00017867949, 0.00014331115, 10.034568, 0.00014331115, -0.00017867949, 0.00014331115, -0.00017867949
4.541, -0.00017867949, 0.00046530177, -0.00017867949, 0.00014331115, 10.034889, -0.00017867949, -0.0005006701, 0.00014331115, -0.00017867949
4.542, -0.00082266075, 0.00046530177, 0.00014331115, 0.00014331115, 10.035212, 0.00046530177, -0.0005006701, -0.00017867949, -0.00017867949
4.543, 0.00014331115, 0.00014331115, 0.00014331115, -0.00017867949, 10.035212, 0.00046530177, 0.00014331115, 0.0011092831, -0.00082266075
4.5440000000000005, 0.00014331115, 0.00078729243, -0.00017867949, -0.00017867949, 10.035212, 0.00014331115, -0.00017867949, 0.00046530177, -0.00017867949
4.545, -0.00082266075, 0.00078729243, 0.00046530177, 0.00046530177, 10.0342455, 0.00046530177, -0.00017867949, 0.00046530177, -0.0005006701
4.546, -0.00017867949, 0.00014331115, 0.00014331115, 0.00014331115, 10.034889, 0.00046530177, -0.0005006701, -0.00017867949, -0.00017867949
4.547, -0.0005006701, 0.00014331115, 0.00014331115, -0.0005006701, 10.034889, 0.00014331115, 0.00014331115, 0.00046530177, -0.0005006701
4.548, -0.0005006701, 0.00014331115, -0.00017867949, -0.0005006701, 10.035212, -0.0005006701, -0.0005006701, 0.00046530177, -0.00082266075
4.549, -0.0005006701, 0.00014331115, -0.00017867949, -0.00017867949, 10.034889, -0.00017867949, 0.00014331115, 0.00078729243, -0.00017867949
4.55, -0.00017867949, 0.00046530177, -0.00017867949, 0.00046530177, 10.035534, 0.00014331115, 0.00014331115, -0.00017867949, -0.00082266075
4.551, -0.00017867949, 0.00014331115, 0.00014331115, 0.00046530177, 10.034889, -0.00017867949, -0.0005006701, 0.00014331115, -0.00017867949
4.5520000000000005, -0.00017867949, 0.00014331115, 0.00046530177, 0.00046530177, 10.033924, 0.00014331115, -0.00017867949, 0.00046530177, -0.00017867949
4.553, 0.00014331115, 0.00014331115, 0.00014331115, -0.0005006701, 10.034568, 0.00046530177, -0.0005006701, 0.00078729243, -0.00017867949
4.554, 0.00014331115, 0.00046530177, -0.00017867949, -0.0005006701, 10.033924, 0.00014331115, 0.00014331115, 0.00046530177, -0.0005006701
4.555, 0.00014331115, 0.00014331115, -0.00017867949, 0.00014331115, 10.034568, 0.00014331115, 0.00014331115, 0.00014331115, -0.0005006701
4.556, -0.00082266075, 0.00014331115, -0.00017867949, -0.00017867949, 10.035212, 0.00046530177, -0.00017867949, 0.00046530177, -0.0005006701
4.557, -0.0005006701, -0.00017867949, -0.0005006701, 0.00014331115, 10.035855, 0.00014331115, -0.0005006701, 0.00046530177, -0.0005006701
4.558, -0.00017867949, -0.00017867949, 0.00014331115, 0.00014331115, 10.035855, 0.00014331115, -0.0005006701, 0.0014312736, -0.00017867949
4.559, 0.00078729243, 0.00014331115, 0.00014331115, -0.0005006701, 10.035855, 0.00014331115, -0.00082266075, 0.00014331115, -0.00017867949
4.5600000000000005, -0.0005006701, -0.0005006701, -0.0005006701, 0.00014331115, 10.033602, -0.00017867949, 0.00014331115, 0.00014331115, -0.0005006701
4.561, -0.00017867949, -0.00017867949, 0.00078729243, -0.0005006701, 10.033602, -0.00017867949, 0.00014331115, 0.00078729243, -0.00017867949
4.562, -0.00082266075, 0.00046530177, -0.0005006701, -0.00017867949, 10.034568, 0.00014331115, -0.00017867949, 0.00046530177, -0.0005006701
4.563, -0.0005006701, 0.00014331115, -0.00017867949, -0.00017867949, 10.033924, 0.00014331115, 0.00014331115, 0.00014331115, -0.00017867949
4.564, -0.00017867949, 0.00046530177, 0.00014331115, 0.00046530177, 10.034889, 0.00014331115, -0.0005006701, 0.00014331115, -0.00017867949
4.565, 0.00014331115, 0.00014331115, 0.00078729243, 0.00014331115, 10.034568, 0.00046530177, -0.00017867949, 0.00046530177, -0.00082266075
4.566, 0.00014331115, 0.00078729243, 0.00014331115, 0.00014331115, 10.035212, 0.00014331115, -0.00017867949, -0.00017867949, -0.00017867949
4.567, -0.00017867949, 0.00078729243, -0.00017867949, -0.00017867949, 10.035212, 0.00046530177, -0.00017867949, 0.00078729243, -0.0005006701
4.5680000000000005, -0.00017867949, 0.00046530177, -0.0005006701, -0.00017867949, 10.035534, -0.00017867949, -0.0005006701, 0.00014331115, -0.00017867949
4.569, 0.00014331115, -0.00017867949, 0.00014331115, -0.00017867949, 10.036178, 0.00014331115, -0.0005006701, 0.00046530177, -0.00017867949
4.57, 0.00014331115, 0.00014331115, -0.00017867949, 0.00046530177, 10.035212, 0.00014331115, -0.00017867949, 0.00046530177, -0.00017867949
4.571, -0.00017867949, 0.00014331115, -0.00017867949, 0.00046530177, 10.0342455, 0.00014331115, -0.0005006701, 0.00046530177, -0.00017867949
4.572, 0.00014331115, 0.00046530177, 0.00046530177, -0.00017867949, 10.033924, 0.00014331115, -0.00017867949, 0.00046530177, -0.0005006701
4.573, 0.00014331115, 0.00046530177, -0.0005006701, -0.0005006701, 10.035212, -0.00017867949, -0.00017867949, 0.00014331115, -0.0005006701
4.574, 0.00046530177, 0.00046530177, -0.00017867949, -0.00017867949, 10.0342455, -0.00017867949, 0.00014331115, 0.00046530177, -0.00017867949
4.575, -0.00017867949, 0.00014331115, 0.00014331115, 0.00014331115, 10.035212, -0.00017867949, -0.00082266075, 0.00078729243, -0.0005006701
4.5760000000000005, -0.00082266075, 0.00014331115, 0.00046530177, -0.00017867949, 10.035855, 0.00014331115, 0.00014331115, 0.00046530177, -0.0005006701
4.577, -0.00017867949, 0.00046530177, -0.00017867949, -0.00017867949, 10.035855, 0.00014331115, -0.00017867949, 0.00078729243, -0.00017867949
4.578, 0.00014331115, 0.00078729243, 0.00014331115, 0.00014331115, 10.035855, 0.00046530177, -0.0005006701, -0.0005006701, -0.00017867949
4.579, -0.0005006701, 0.00014331115, -0.00017867949, -0.0005006701, 10.034889, 0.00014331115, 0.00014331115, 0.00078729243, -0.00082266075
4.58, -0.0005006701, -0.00017867949, 0.00014331115, 0.00014331115, 10.034889, -0.00017867949, -0.0005006701, 0.00014331115, -0.00017867949
4.581, -0.00017867949, 0.00046530177, 0.00014331115, 0.00014331115, 10.035212, 0.00014331115, -0.00082266075, 0.00046530177, -0.0005006701
4.582, -0.00017867949, 0.00014331115, -0.00017867949, 0.00014331115, 10.035855, 0.00014331115, -0.0005006701, 0.00046530177, -0.00017867949
4.583, 0.00014331115, -0.0005006701, 0.00014331115, -0.00017867949, 10.034568, 0.00014331115, -0.00017867949, -0.00017867949, -0.0005006701
4.5840000000000005, 0.0011092831, 0.00046530177, -0.00082266075, 0.00014331115, 10.034568, 0.00014331115, -0.00082266075, 0.00046530177, 0.00014331115
4.585, 0.00014331115, 0.00046530177, 0.00046530177, -0.0005006701, 10.034568, 0.00046530177, -0.00017867949, 0.00014331115, -0.0005006701
4.586, -0.00017867949, 0.00046530177, -0.0005006701, 0.00014331115, 10.033602, 0.00014331115, -0.0005006701, 0.00014331115, -0.00017867949
4.587, -0.00017867949, 0.00078729243, 0.00014331115, -0.0005006701, 10.035212, 0.00014331115, -0.00017867949, 0.00014331115, -0.00017867949
4.588, -0.00017867949, 0.00014331115, -0.00017867949, 0.00046530177, 10.034889, 0.00014331115, -0.00017867949, 0.00046530177, -0.0005006701
4.589, -0.0005006701, 0.00014331115, 0.00046530177, 0.00046530177, 10.036178, 0.00014331115, -0.00017867949, 0.00014331115, -0.0005006701
4.59, -0.00017867949, 0.00046530177, -0.00017867949, -0.00017867949, 10.035855, 0.00014331115, -0.00017867949, 0.00078729243, -0.00017867949
4.591, 0.00014331115, 0.00046530177, -0.00017867949, 0.00014331115, 10.035534, 0.00046530177, -0.00082266075, 0.00046530177, -0.0005006701
4.5920000000000005, -0.00017867949, 0.00014331115, 0.00014331115, -0.0005006701, 10.035855, -0.00017867949, -0.00017867949, -0.00017867949, -0.00017867949
4.593, -0.00017867949, 0.00046530177, -0.00017867949, 0.00014331115, 10.034889, -0.0005006701, -0.00082266075, 0.00014331115, 0.00046530177
4.594, -0.00017867949, 0.00046530177, 0.00014331115, -0.00017867949, 10.035212, 0.00014331115, -0.0005006701, 0.00078729243, -0.00017867949
4.595, -0.0005006701, 0.00014331115, -0.00017867949, 0.00014331115, 10.0342455, 0.00046530177, -0.0005006701, 0.00046530177, -0.0005006701
4.596, -0.00017867949, 0.00078729243, 0.00014331115, 0.00014331115, 10.035212, 0.00046530177, -0.00017867949, -0.00017867949, -0.00017867949
4.597, 0.00046530177, 0.00014331115, -0.00017867949, 0.00014331115, 10.034568, -0.00017867949, -0.0005006701, 0.00014331115, -0.00017867949
4.598, -0.00017867949, 0.00014331115, 0.00014331115, 0.00014331115, 10.035855, 0.00014331115, 0.00014331115, 0.00014331115, -0.0005006701
4.599, -0.0005006701, 0.00014331115, 0.00014331115, 0.00046530177, 10.035534, -0.00017867949, 0.00014331115, -0.00017867949, -0.00017867949
4.6000000000000005, 0.00046530177, 0.00046530177, 0.00014331115, -0.00017867949, 10.034889, 0.00014331115, -0.0005006701, 0.00014331115, -0.0005006701
4.601, -0.00017867949, -0.00017867949, 0.00014331115, -0.00017867949, 10.033924, 0.00046530177, -0.0005006701, 0.00014331115, 0.00014331115
4.602, -0.00017867949, 0.00014331115, -0.00017867949, -0.0005006701, 10.034889, -0.00017867949, -0.0005006701, -0.00017867949, 0.00046530177
4.603, -0.00082266075, 0.00014331115, 0.00014331115, 0.00046530177, 10.035855, -0.00017867949, 0.00014331115, 0.00014331115, -0.0005006701
4.604, -0.00017867949, 0.00014331115, 0.00014331115, -0.0005006701, 10.035212, 0.00014331115, -0.00017867949, 0.00046530177, -0.00082266075
4.605, 0.00014331115, 0.00078729243, -0.00017867949, -0.00017867949, 10.035855, -0.00017867949, -0.00082266075, 0.00046530177, -0.0005006701
4.606, -0.0005006701, 0.00014331115, -0.0005006701, -0.00082266075, 10.034568, 0.00014331115, 0.00014331115, 0.00046530177, -0.0005006701
4.607, 0.00014331115, -0.00017867949, 0.00014331115, 0.00046530177, 10.035212, 0.00014331115, -0.0005006701, 0.00078729243, -0.0011446514
4.6080000000000005, -0.0005006701, -0.00017867949, -0.00017867949, 0.00014331115, 10.034889, -0.00017867949, -0.00017867949, 0.00014331115, -0.00017867949
4.609, 0.00014331115, 0.00046530177, 0.00014331115, 0.00014331115, 10.034568, -0.0005006701, 0.00014331115, 0.00014331115, -0.0005006701
4.61, -0.00017867949, -0.00017867949, 0.00014331115, -0.00017867949, 10.0342455, 0.00046530177, -0.00082266075, 0.00078729243, -0.0005006701
4.611, 0.00014331115, -0.0005006701, -0.00017867949, 0.00014331115, 10.033924, 0.00046530177, 0.00014331115, 0.00014331115, -0.00017867949
4.612, 0.00014331115, 0.00014331115, -0.00017867949, 0.00014331115, 10.035855, 0.00046530177, -0.00017867949, 0.00014331115, -0.00017867949
4.613, 0.00046530177, -0.00017867949, 0.00014331115, -0.00017867949, 10.035212, 0.00014331115, -0.00082266075, 0.00046530177, -0.0005006701
4.614, 0.00046530177, 0.00046530177, -0.00017867949, -0.00017867949, 10.036178, 0.00014331115, -0.00017867949, 0.00014331115, -0.0005006701
4.615, -0.00082266075, 0.00014331115, 0.00014331115, -0.00017867949, 10.0342455, 0.00014331115, -0.00082266075, 0.00014331115, 0.00014331115
4.616, -0.00082266075, -0.00017867949, 0.00046530177, -0.00017867949, 10.033924, -0.00017867949, -0.0005006701, 0.00046530177, -0.00017867949
4.617, -0.0005006701, 0.00046530177, 0.00014331115, -0.00017867949, 10.034568, 0.00046530177, 0.00014331115, 0.00078729243, -0.00017867949
4.618, -0.0005006701, -0.00017867949, 0.00046530177, 0.00014331115, 10.034889, 0.00014331115, -0.0005006701, 0.00014331115, 0.00014331115
4.619, 0.00014331115, 0.00014331115, 0.00014331115, -0.00017867949, 10.035534, 0.00014331115, -0.00082266075, 0.00014331115, -0.0005006701
4.62, 0.00014331115, 0.00014331115, 0.00046530177, -0.0005006701, 10.0342455, 0.00046530177, 0.00046530177, 0.00046530177, 0.00014331115
4.621, 0.00014331115, -0.0005006701, -0.00017867949, -0.0005006701, 10.035534, -0.00017867949, -0.0005006701, 0.0011092831, -0.00017867949
4.622, -0.00017867949, -0.00017867949, -0.00017867949, -0.0005006701, 10.035212, 0.00046530177, -0.00017867949, -0.00017867949, -0.00082266075
4.623, -0.0005006701, 0.00046530177, -0.00082266075, -0.00017867949, 10.035855, 0.00046530177, 0.00014331115, 0.00014331115, -0.00017867949
4.624, -0.00017867949, 0.00014331115, -0.00017867949, -0.0005006701, 10.0342455, 0.00014331115, 0.00014331115, 0.00046530177, -0.0005006701
4.625, 0.00014331115, 0.00046530177, 0.00046530177, 0.00046530177, 10.034889, 0.00046530177, 0.00014331115, -0.00017867949, -0.00082266075
4.626, 0.00014331115, -0.00017867949, -0.0005006701, -0.00017867949, 10.033924, 0.00014331115, -0.00017867949, -0.00017867949, 0.00014331115
4.627, -0.0005006701, 0.00014331115, -0.0005006701, -0.00017867949, 10.033924, -0.00017867949, -0.0005006701, 0.00046530177, 0.00014331115
4.628, -0.0005006701, 0.00014331115, 0.00014331115, -0.00017867949, 10.034568, 0.00014331115, -0.0005006701, 0.00014331115, -0.0005006701
4.6290000000000004, -0.00082266075, 0.00046530177, -0.00017867949, -0.00017867949, 10.034568, -0.00082266075, 0.00014331115, 0.00046530177, 0.00014331115
4.63, -0.00017867949, 0.00014331115, -0.00017867949, 0.00014331115, 10.036178, 0.00014331115, 0.00014331115, 0.00078729243, -0.0005006701
4.631, -0.00017867949, 0.00046530177, -0.00017867949, 0.00078729243, 10.035212, 0.00014331115, -0.00017867949, 0.00046530177, -0.0005006701
4.632, -0.00017867949, 0.00014331115, 0.00014331115, -0.0005006701, 10.036821, -0.00017867949, -0.00082266075, -0.00017867949, 0.00014331115
4.633, 0.00046530177, 0.00014331115, 0.00014331115, 0.00078729243, 10.0342455, 0.00014331115, 0.00046530177, 0.00046530177, -0.00017867949
4.634, -0.00017867949, 0.00014331115, -0.00017867949, -0.0005006701, 10.034889, 0.00014331115, -0.00017867949, 0.00014331115, -0.00082266075
4.635, 0.00014331115, 0.00046530177, 0.00014331115, 0.00014331115, 10.035534, -0.00017867949, -0.0005006701, 0.00078729243, -0.00082266075
4.636, 0.00014331115, 0.00046530177, -0.00017867949, 0.00014331115, 10.035212, 0.00046530177, -0.00017867949, 0.00046530177, -0.0005006701
4.6370000000000005, -0.00017867949, -0.00017867949, 0.00014331115, -0.0005006701, 10.035212, 0.00014331115, -0.00017867949, 0.00014331115, 0.00046530177
4.638, -0.00017867949, 0.00046530177, -0.00017867949, -0.00017867949, 10.035212, 0.00014331115, -0.0005006701, 0.00014331115, -0.0005006701
4.639, 0.00014331115, 0.00046530177, 0.00014331115, -0.00017867949, 10.035855, 0.00046530177, -0.00017867949, 0.00078729243, -0.0005006701
4.64, -0.00017867949, 0.00014331115, -0.00017867949, -0.00017867949, 10.0342455, -0.00017867949, -0.00017867949, 0.00046530177, -0.00082266075
4.641, -0.00017867949, 0.00014331115, 0.00014331115, -0.00017867949, 10.035212, 0.00046530177, -0.0005006701, 0.00014331115, -0.0005006701
4.642, 0.00014331115, 0.00046530177, -0.00017867949, -0.00017867949, 10.034889, 0.00078729243, -0.00017867949, -0.00017867949, -0.00017867949
4.643, 0.00014331115, 0.00046530177, -0.00017867949, -0.00017867949, 10.035212, 0.00014331115, -0.00017867949, 0.00078729243, -0.0005006701
4.644, 0.00046530177, 0.00046530177, -0.0005006701, -0.0005006701, 10.035534, 0.00046530177, -0.00017867949, 0.00014331115, -0.0005006701
4.6450000000000005, 0.00014331115, -0.00017867949, 0.00014331115, -0.0005006701, 10.034568, -0.0005006701, -0.00082266075, 0.00014331115, -0.0005006701
4.646, -0.00017867949, 0.00046530177, -0.0005006701, 0.00046530177, 10.035212, -0.00017867949, -0.0005006701, -0.00017867949, 0.00014331115
4.647, 0.00014331115, -0.00017867949, -0.00017867949, -0.00017867949, 10.034568, 0.00014331115, -0.0005006701, 0.00046530177, -0.0005006701
4.648, -0.0005006701, -0.00017867949, 0.00014331115, -0.00017867949, 10.035212, 0.00046530177, -0.00017867949, 0.00046530177, -0.0005006701
4.649, 0.00014331115, 0.00078729243, 0.00046530177, 0.00014331115, 10.033602, -0.00017867949, -0.00017867949, 0.00046530177, 0.00014331115
4.65, -0.00017867949, 0.00014331115, 0.00014331115, 0.00046530177, 10.034568, 0.00014331115, -0.0005006701, -0.00017867949, -0.00082266075
4.651, 0.00014331115, 0.00046530177, 0.00046530177, -0.00017867949, 10.034568, 0.00014331115, -0.00017867949, 0.00014331115, -0.0005006701
4.652, -0.0005006701, 0.00046530177, 0.00014331115, -0.00017867949, 10.034568, 0.00014331115, -0.00082266075, 0.00014331115, -0.00017867949
4.6530000000000005, 0.00046530177, -0.00017867949, -0.00017867949, -0.00017867949, 10.035534, 0.00046530177, -0.00082266075, 0.00014331115, -0.00017867949
4.654, -0.0005006701, 0.00014331115, 0.00046530177, -0.00017867949, 10.035855, 0.00014331115, 0.00014331115, 0.00046530177, -0.0005006701
4.655, -0.00017867949, 0.00014331115, -0.00017867949, 0.00014331115, 10.036178, 0.00046530177, -0.00017867949, 0.00014331115, -0.00082266075
4.656, 0.00046530177, -0.00017867949, 0.00014331115, 0.00014331115, 10.035534, 0.00014331115, -0.0005006701, 0.00014331115, 0.00014331115
4.657, -0.0005006701, 0.00078729243, -0.00017867949, -0.00017867949, 10.036178, -0.00017867949, -0.0005006701, 0.00014331115, 0.00078729243
4.658, 0.00046530177, 0.00014331115, -0.0005006701, -0.00017867949, 10.034889, 0.00014331115, -0.00017867949, -0.00017867949, -0.00017867949
4.659, -0.00017867949, 0.00014331115, -0.00017867949, -0.00017867949, 10.033924, -0.00017867949, -0.00017867949, 0.00046530177, -0.00017867949
4.66, 0.00014331115, 0.00014331115, -0.00017867949, -0.00017867949, 10.0342455, 0.00014331115, 0.00014331115, -0.00082266075, -0.00017867949
4.6610000000000005, 0.00014331115, 0.00014331115, 0.00046530177, 0.00014331115, 10.033279, -0.00017867949, -0.00017867949, -0.00017867949, 0.00014331115
4.662, -0.00082266075, 0.00046530177, -0.0005006701, -0.0005006701, 10.034568, -0.00017867949, -0.00017867949, 0.00014331115, -0.0005006701
4.663, -0.0005006701, -0.00017867949, -0.00082266075, 0.00046530177, 10.0342455, 0.00014331115, -0.0005006701, -0.00017867949, -0.0005006701
4.664, -0.00017867949, 0.00014331115, 0.00046530177, 0.00046530177, 10.036178, 0.00046530177, -0.00082266075, 0.00014331115, -0.00017867949
4.665, -0.00017867949, 0.00046530177, 0.00014331115, -0.0005006701, 10.034889, 0.00014331115, -0.0005006701, -0.00017867949, -0.00082266075
4.666, 0.00046530177, -0.00017867949, 0.00046530177, 0.00014331115, 10.035212, -0.00017867949, -0.00017867949, 0.00014331115, -0.00017867949
4.667, -0.00017867949, -0.0005006701, 0.00046530177, -0.00017867949, 10.035212, 0.00046530177, 0.00014331115, -0.00017867949, -0.0005006701
4.668, -0.00017867949, 0.00046530177, -0.00082266075, -0.00017867949, 10.035534, -0.00017867949, -0.0005006701, 0.0011092831, -0.0005006701
4.6690000000000005, 0.00046530177, 0.00014331115, 0.00014331115, -0.00017867949, 10.035534, -0.0005006701, -0.00017867949, 0.00014331115, -0.00017867949
4.67, -0.00017867949, -0.00017867949, -0.00017867949, 0.00014331115, 10.034568, 0.00014331115, -0.0005006701, 0.0011092831, 0.00014331115
4.671, -0.0005006701, 0.00014331115, -0.00017867949, 0.00046530177, 10.035855, -0.00017867949, -0.00082266075, -0.00017867949, -0.00082266075
4.672, -0.00017867949, 0.00046530177, 0.00014331115, -0.00017867949, 10.0342455, 0.00014331115, 0.00014331115, 0.00078729243, -0.0005006701
4.673, -0.00017867949, 0.00014331115, -0.0005006701, -0.00017867949, 10.035534, 0.00046530177, -0.00017867949, 0.00014331115, -0.0005006701
4.674, 0.00014331115, 0.00014331115, 0.00046530177, -0.0005006701, 10.034568, -0.00017867949, -0.00017867949, 0.00078729243, -0.00017867949
4.675, 0.00014331115, -0.00017867949, -0.00017867949, -0.0005006701, 10.035212, -0.00017867949, 0.00046530177, 0.00046530177, 0.00014331115
4.676, 0.00014331115, 0.00014331115, -0.00017867949, -0.00017867949, 10.0342455, -0.00017867949, -0.00017867949, 0.00046530177, -0.00017867949
4.6770000000000005, 0.00014331115, 0.00014331115, -0.0005006701, -0.00017867949, 10.033924, 0.00046530177, 0.00014331115, 0.00046530177, -0.00017867949
4.678, -0.00017867949, 0.00046530177, 0.00014331115, -0.00017867949, 10.034568, -0.00017867949, 0.00014331115, 0.00046530177, -0.0005006701
4.679, 0.00014331115, 0.00014331115, 0.00014331115, -0.00017867949, 10.034889, 0.00014331115, 0.00046530177, -0.00017867949, -0.00017867949
4.68, 0.00046530177, 0.00078729243, 0.00046530177, 0.00014331115, 10.036178, 0.00014331115, -0.00017867949, 0.00014331115, -0.00082266075
4.681, 0.00014331115, 0.00014331115, -0.00017867949, -0.00017867949, 10.035534, -0.00017867949, -0.00017867949, 0.00046530177, -0.00082266075
4.682, -0.00017867949, 0.00014331115, -0.00017867949, 0.00046530177, 10.035855, 0.00014331115, -0.00017867949, -0.00017867949, -0.0005006701
4.683, -0.00017867949, -0.0005006701, -0.00017867949, 0.00046530177, 10.035212, -0.00017867949, -0.00017867949, 0.00046530177, -0.00017867949
4.684, 0.00014331115, 0.00014331115, -0.00082266075, 0.00014331115, 10.035855, 0.00046530177, 0.00014331115, -0.00017867949, -0.0005006701
4.6850000000000005, -0.0005006701, 0.00014331115, -0.00017867949, -0.00017867949, 10.035212, 0.00014331115, 0.00014331115, 0.00046530177, 0.00014331115
4.686, 0.00014331115, 0.00014331115, 0.00014331115, -0.00082266075, 10.034889, 0.00046530177, -0.00017867949, 0.00046530177, -0.0005006701
4.687, 0.00014331115, 0.00014331115, -0.00017867949, 0.00014331115, 10.034568, 0.00046530177, -0.00017867949, 0.00046530177, -0.00082266075
4.688, -0.0005006701, -0.00017867949, 0.00014331115, 0.00014331115, 10.034568, 0.00046530177, -0.00017867949, 0.00014331115, -0.0005006701
4.689, -0.00017867949, 0.00014331115, -0.0005006701, -0.00017867949, 10.0342455, 0.00046530177, 0.00014331115, 0.00078729243, -0.00017867949
4.69, 0.00014331115, -0.0005006701, -0.0005006701, -0.00017867949, 10.033924, -0.00017867949, -0.0005006701, 0.00014331115, -0.0005006701
4.691, -0.0005006701, -0.00017867949, -0.00082266075, -0.00017867949, 10.035212, 0.00078729243, 0.00078729243, 0.00046530177, -0.00082266075
4.692, 0.00014331115, 0.00014331115, -0.00017867949, 0.00046530177, 10.0342455, 0.00014331115, -0.0005006701, 0.00046530177, -0.00017867949
4.6930000000000005, 0.00014331115, 0.00014331115, -0.00017867949, -0.00017867949, 10.035212, 0.00014331115, 0.00046530177, 0.00046530177, -0.00017867949
4.694, -0.0005006701, 0.00046530177, -0.0005006701, -0.00017867949, 10.035534, 0.00046530177, -0.00017867949, 0.00014331115, 0.00014331115
4.695, -0.0005006701, -0.00017867949, 0.00046530177, -0.00017867949, 10.035212, -0.0005006701, 0.00014331115, 0.00014331115, -0.0005006701
4.696, -0.00017867949, 0.00046530177, 0.00046530177, -0.00017867949, 10.034889, 0.00014331115, 0.00046530177, 0.00046530177, -0.00017867949
4.697, 0.00014331115, -0.00017867949, 0.00078729243, 0.00046530177, 10.034889, 0.00046530177, 0.00014331115, 0.00046530177, -0.0005006701
4.698, -0.0005006701, 0.00014331115, -0.0005006701, 0.00014331115, 10.035212, 0.00014331115, -0.00017867949, 0.00046530177, -0.00017867949
4.699, 0.00014331115, 0.00046530177, -0.00017867949, 0.00014331115, 10.033924, 0.00014331115, 0.00014331115, 0.00046530177, -0.00017867949
4.7, -0.00017867949, 0.00078729243, -0.00017867949, -0.00017867949, 10.034889, -0.00017867949, 0.00014331115, -0.00017867949, -0.00017867949
4.7010000000000005, -0.00017867949, 0.00014331115, 0.00014331115, 0.00014331115, 10.034568, 0.00014331115, -0.0005006701, 0.00046530177, -0.00017867949
4.702, 0.00014331115, -0.00017867949, 0.00046530177, -0.00017867949, 10.035534, 0.00014331115, -0.00017867949, 0.00046530177, -0.00017867949
4.703, -0.00017867949, -0.00017867949, -0.00017867949, -0.00017867949, 10.0365, 0.00046530177, 0.00014331115, 0.00014331115, -0.0005006701
4.704, 0.00046530177, -0.00017867949, -0.00017867949, -0.00082266075, 10.035212, -0.00017867949, -0.00017867949, 0.00014331115, -0.00082266075
4.705, -0.00017867949, 0.00014331115, 0.00014331115, -0.00017867949, 10.035855, 0.00014331115, 0.00014331115, 0.00014331115, -0.00017867949
4.706, -0.00017867949, 0.00014331115, -0.00017867949, 0.00046530177, 10.0342455, 0.00078729243, -0.0005006701, 0.00014331115, -0.0005006701
4.707, -0.00017867949, -0.00017867949, 0.00014331115, 0.00046530177, 10.035212, -0.00017867949, -0.0005006701, -0.00017867949, -0.00017867949
4.708, 0.00014331115, 0.00046530177, 0.00046530177, 0.00014331115, 10.034889, 0.00014331115, -0.00017867949, 0.00014331115, -0.00017867949
4.7090000000000005, -0.00017867949, -0.00017867949, -0.00017867949, -0.00017867949, 10.035855, -0.00017867949, -0.0005006701, 0.00046530177, -0.0005006701
4.71, -0.0005006701, 0.00046530177, -0.0005006701, -0.0005006701, 10.035534, 0.00014331115, 0.00014331115, 0.00078729243, 0.00014331115
4.711, 0.00014331115, 0.00014331115, -0.0005006701, 0.00046530177, 10.035212, 0.00046530177, 0.00046530177, 0.00078729243, 0.00014331115
4.712, -0.00017867949, 0.00014331115, -0.00017867949, 0.00046530177, 10.035212, -0.00017867949, -0.00017867949, 0.00078729243, -0.00017867949
4.713, -0.00017867949, -0.00017867949, -0.00017867949, -0.0005006701, 10.035212, -0.00017867949, -0.00017867949, 0.00014331115, -0.00082266075
4.714, -0.00017867949, 0.00014331115, 0.00014331115, 0.00014331115, 10.034889, -0.0005006701, 0.00014331115, 0.00046530177, -0.00017867949
4.715, -0.00017867949, 0.00078729243, 0.00014331115, 0.00014331115, 10.033602, 0.00014331115, -0.00017867949, 0.00014331115, -0.00082266075
4.716, 0.00014331115, -0.00017867949, -0.0005006701, 0.00014331115, 10.035855, -0.00017867949, 0.00046530177, 0.00014331115, 0.00078729243
4.7170000000000005, -0.00017867949, 0.00014331115, 0.00046530177, 0.00014331115, 10.034568, -0.0005006701, -0.00017867949, 0.00046530177, -0.0005006701
4.718, 0.00014331115, 0.00014331115, -0.0005006701, 0.00046530177, 10.035212, 0.00014331115, -0.00017867949, 0.00014331115, -0.0005006701
4.719, 0.00014331115, 0.00046530177, 0.00014331115, 0.00014331115, 10.035212, -0.00017867949, -0.00017867949, 0.00046530177, -0.0005006701
4.72, -0.0005006701, -0.0005006701, 0.00014331115, 0.00014331115, 10.035212, 0.00014331115, -0.00017867949, 0.00046530177, -0.0011446514
4.721, -0.0005006701, 0.00014331115, 0.00014331115, -0.00017867949, 10.034889, -0.00017867949, -0.00017867949, 0.00046530177, 0.00014331115
4.722, -0.00017867949, 0.00014331115, -0.0005006701, 0.00046530177, 10.033602, 0.00014331115, 0.00046530177, -0.00017867949, -0.0005006701
4.723, 0.00046530177, 0.00046530177, 0.00046530177, 0.00014331115, 10.033924, 0.00014331115, -0.0005006701, 0.00046530177, -0.00082266075
4.724, 0.00014331115, -0.0005006701, 0.00046530177, 0.00078729243, 10.035855, 0.00046530177, -0.00017867949, 0.00014331115, -0.00017867949
4.7250000000000005, -0.0005006701, -0.00017867949, 0.00046530177, -0.0005006701, 10.037144, 0.00014331115, 0.00046530177, 0.00046530177, -0.00082266075
4.726, -0.00017867949, -0.0005006701, -0.00017867949, 0.00014331115, 10.034889, 0.00046530177, -0.00017867949, 0.00014331115, -0.0005006701
4.727, -0.00017867949, -0.00017867949, -0.0005006701, -0.0005006701, 10.035855, -0.00017867949, -0.0005006701, 0.00014331115, -0.0005006701
4.728, -0.00082266075, 0.00014331115, -0.00017867949, 0.00078729243, 10.033924, 0.00014331115, -0.00082266075, 0.00014331115, -0.00082266075
4.729, -0.00017867949, 0.00046530177, -0.0005006701, -0.0005006701, 10.033924, 0.00014331115, -0.0005006701, 0.00014331115, 0.00014331115
4.73, 0.00014331115, 0.00046530177, 0.00014331115, -0.0005006701, 10.0342455, 0.00014331115, -0.00082266075, 0.00014331115, 0.00014331115
4.731, -0.00017867949, 0.00046530177, -0.0005006701, 0.00014331115, 10.0342455, 0.00014331115, -0.00082266075, 0.00046530177, 0.00014331115
4.732, -0.00017867949, -0.00017867949, -0.00017867949, 0.00014331115, 10.035212, 0.00078729243, -0.00017867949, 0.00014331115, 0.00014331115
4.7330000000000005, -0.0005006701, -0.00017867949, 0.00014331115, 0.00014331115, 10.033602, -0.00017867949, -0.00017867949, 0.00046530177, 0.00014331115
4.734, 0.00014331115, 0.00078729243, 0.00046530177, 0.00046530177, 10.035534, 0.00046530177, -0.00017867949, 0.00078729243, 0.00014331115
4.735, -0.00017867949, -0.00017867949, 0.00014331115, 0.00014331115, 10.035855, -0.00017867949, -0.00017867949, -0.00017867949, -0.00017867949
4.736, 0.00046530177, 0.00046530177, -0.00017867949, 0.00014331115, 10.035855, 0.00014331115, -0.00017867949, -0.00017867949, -0.00017867949
4.737, 0.00046530177, 0.00046530177, 0.00014331115, 0.00014331115, 10.034568, -0.0005006701, -0.0005006701, -0.00017867949, 0.00014331115
4.738, -0.0005006701, 0.00014331115, -0.00017867949, 0.00014331115, 10.034889, 0.00078729243, -0.00017867949, 0.00046530177, -0.0005006701
4.739, 0.00014331115, -0.0005006701, 0.00046530177, 0.00014331115, 10.033924, -0.0005006701, 0.00014331115, -0.00017867949, -0.00082266075
4.74, -0.0005006701, -0.00017867949, -0.00017867949, 0.00046530177, 10.034568, -0.00017867949, -0.0005006701, 0.00078729243, -0.0005006701
4.741, -0.00017867949, 0.00046530177, -0.00082266075, 0.00014331115, 10.036178, 0.00014331115, -0.00017867949, 0.00046530177, 0.00014331115
4.742, -0.0005006701, 0.00014331115, -0.00017867949, -0.00082266075, 10.035855, 0.00014331115, -0.00017867949, 0.00014331115, -0.0005006701
4.743, -0.00017867949, -0.00017867949, -0.00017867949, -0.0005006701, 10.034568, -0.00017867949, 0.00046530177, 0.00078729243, -0.00017867949
4.744, -0.0005006701, -0.00017867949, -0.0005006701, -0.00017867949, 10.033924, -0.00082266075, -0.0005006701, -0.00017867949, -0.0005006701
4.745, -0.00017867949, -0.0005006701, 0.00014331115, 0.00046530177, 10.0342455, 0.00046530177, 0.00014331115, 0.00046530177, -0.0005006701
4.746, -0.00017867949, -0.00017867949, 0.00014331115, -0.00082266075, 10.035212, 0.00014331115, -0.00017867949, 0.00046530177, -0.0005006701
4.747, -0.0005006701, 0.00014331115, 0.00014331115, -0.0005006701, 10.035212, 0.00014331115, -0.0005006701, 0.00046530177, -0.00017867949
4.748, -0.00017867949, 0.00046530177, -0.0005006701, 0.00014331115, 10.035212, -0.00017867949, 0.00014331115, 0.00046530177, -0.0005006701
4.749, -0.0005006701, -0.00017867949, 0.00014331115, 0.00014331115, 10.035212, 0.00046530177, 0.00014331115, 0.00046530177, -0.00017867949
4.75, 0.00014331115, -0.00082266075, -0.0005006701, 0.00014331115, 10.035534, -0.00017867949, -0.0005006701, 0.00046530177, 0.00046530177
4.751, -0.0005006701, -0.00017867949, -0.00017867949, -0.00017867949, 10.034568, -0.0005006701, -0.00017867949, 0.00046530177, 0.00014331115
4.752, -0.00017867949, 0.00014331115, -0.00017867949, -0.00017867949, 10.036178, 0.00046530177, -0.00017867949, 0.00046530177, -0.0005006701
4.753, -0.00017867949, 0.00046530177, 0.00046530177, 0.00046530177, 10.034889, 0.00014331115, -0.00082266075, 0.00014331115, -0.0005006701
4.7540000000000004, 0.00046530177, 0.00046530177, -0.00017867949, -0.00017867949, 10.034889, -0.00017867949, 0.00014331115, -0.00017867949, -0.00017867949
4.755, -0.0005006701, 0.00046530177, 0.00014331115, 0.00014331115, 10.034889, -0.00017867949, 0.00014331115, 0.00046530177, -0.00017867949
4.756, -0.00017867949, -0.0005006701, 0.00046530177, 0.00014331115, 10.035855, 0.00014331115, 0.00014331115, 0.00014331115, -0.0005006701
4.757, -0.00017867949, 0.00014331115, 0.00014331115, -0.00017867949, 10.0365, 0.00078729243, 0.00078729243, 0.00014331115, -0.00017867949
4.758, 0.00014331115, -0.00017867949, 0.00046530177, -0.00017867949, 10.035534, 0.00014331115, -0.00017867949, -0.00017867949, -0.0005006701
4.759, -0.00017867949, 0.00046530177, 0.00014331115, 0.00014331115, 10.035212, 0.00014331115, -0.00017867949, 0.00014331115, -0.0005006701
4.76, 0.00014331115, 0.00046530177, 0.00014331115, -0.00017867949, 10.033924, 0.00046530177, 0.00014331115, 0.00046530177, 0.00046530177
4.761, 0.00014331115, 0.00078729243, -0.0005006701, 0.00014331115, 10.035212, 0.00014331115, -0.00017867949, 0.00046530177, -0.00017867949
4.7620000000000005, -0.00017867949, -0.00017867949, 0.00014331115, -0.00017867949, 10.034568, -0.0005006701, 0.00014331115, 0.00046530177, -0.00017867949
4.763, 0.00014331115, 0.00046530177, 0.00014331115, -0.0005006701, 10.035212, 0.00046530177, -0.00082266075, -0.00017867949, -0.00017867949
4.764, 0.00014331115, 0.00078729243, 0.00014331115, -0.00017867949, 10.035855, -0.00017867949, -0.00082266075, -0.00017867949, -0.00017867949
4.765, -0.00017867949, -0.00017867949, 0.00014331115, 0.00014331115, 10.034889, 0.00046530177, -0.00017867949, 0.00014331115, -0.0005006701
4.766, -0.00017867949, -0.00017867949, -0.00017867949, 0.00014331115, 10.035855, -0.00017867949, -0.00017867949, 0.00014331115, -0.00017867949
4.767, -0.00017867949, -0.00017867949, 0.00014331115, -0.00082266075, 10.035212, -0.00017867949, -0.00082266075, 0.00014331115, -0.0005006701
4.768, 0.00014331115, -0.00017867949, -0.00017867949, 0.00014331115, 10.036178, 0.00014331115, 0.00014331115, 0.00014331115, -0.0005006701
4.769, -0.0005006701, 0.00014331115, 0.00014331115, 0.00046530177, 10.0342455, 0.00014331115, -0.0005006701, 0.00046530177, -0.0005006701
4.7700000000000005, 0.00014331115, 0.00014331115, 0.00014331115, 0.00046530177, 10.033924, -0.00017867949, -0.0005006701, 0.00046530177, -0.00017867949
4.771, -0.00017867949, 0.00046530177, 0.00014331115, 0.00078729243, 10.033924, 0.00078729243, 0.00014331115, 0.00078729243, -0.00017867949
4.772, -0.00017867949, -0.00017867949, -0.0005006701, -0.00017867949, 10.034889, 0.00014331115, 0.00014331115, 0.00046530177, -0.0005006701
4.773, -0.00017867949, 0.00046530177, -0.00017867949, 0.00014331115, 10.034889, 0.00014331115, -0.00017867949, 0.00014331115, -0.0005006701
4.774, 0.00014331115, 0.00046530177, 0.00014331115, -0.00017867949, 10.035212, -0.00017867949, -0.00017867949, 0.00046530177, -0.0005006701
4.775, -0.00017867949, 0.00078729243, 0.00014331115, 0.00046530177, 10.035212, 0.00014331115, -0.00017867949, -0.00017867949, -0.00017867949
4.776, -0.00082266075, 0.00014331115, -0.00017867949, 0.00014331115, 10.035855, 0.00046530177, 0.00014331115, 0.0011092831, -0.00017867949
4.777, -0.0005006701, -0.00017867949, -0.0005006701, -0.0005006701, 10.035534, -0.00017867949, 0.00078729243, 0.00078729243, -0.0005006701
4.7780000000000005, 0.00014331115, -0.00017867949, -0.00017867949, -0.00017867949, 10.034568, 0.00014331115, 0.00014331115, 0.00014331115, -0.0005006701
4.779, -0.0011446514, 0.00014331115, 0.00014331115, 0.00014331115, 10.036178, 0.00046530177, 0.00014331115, -0.00017867949, 0.00014331115
4.78, -0.00017867949, 0.00078729243, 0.00014331115, -0.00017867949, 10.035855, -0.0005006701, -0.00017867949, 0.00014331115, -0.00017867949
4.781, -0.00017867949, 0.00046530177, 0.00014331115, 0.00014331115, 10.034889, -0.0005006701, -0.00017867949, 0.00078729243, -0.0005006701
4.782, -0.00017867949, 0.00046530177, -0.00017867949, -0.0005006701, 10.035855, -0.00017867949, 0.00046530177, 0.00014331115, -0.00017867949
4.783, 0.00046530177, -0.00017867949, 0.00014331115, -0.00017867949, 10.0342455, -0.00017867949, 0.00046530177, 0.00046530177, -0.0005006701
4.784, -0.0005006701, 0.00046530177, -0.00017867949, -0.00017867949, 10.033924, -0.00017867949, -0.00017867949, -0.00017867949, 0.00078729243
4.785, -0.00017867949, -0.00017867949, 0.00014331115, -0.00017867949, 10.033924, 0.00014331115, 0.00014331115, 0.00014331115, -0.0005006701
4.7860000000000005, -0.00017867949, -0.0005006701, -0.00017867949, 0.00014331115, 10.035855, -0.00017867949, -0.0005006701, 0.00014331115, -0.00082266075
4.787, 0.00014331115, -0.0005006701, -0.00017867949, -0.00017867949, 10.034889, 0.00014331115, 0.00014331115, 0.00046530177, -0.00082266075
4.788, -0.00017867949, 0.00014331115, -0.0005006701, -0.00017867949, 10.035855, 0.00014331115, -0.0005006701, 0.00014331115, -0.0005006701
4.789, -0.0005006701, 0.00014331115, -0.0005006701, 0.00046530177, 10.035212, 0.00014331115, 0.00078729243, 0.00014331115, -0.0005006701
4.79, 0.00046530177, 0.00014331115, -0.00017867949, 0.00046530177, 10.034889, 0.00046530177, -0.00082266075, 0.00014331115, -0.00082266075
4.791, -0.0005006701, -0.00017867949, 0.00014331115, -0.00017867949, 10.036178, 0.00014331115, -0.00017867949, 0.00046530177, -0.0005006701
4.792, -0.0005006701, 0.00046530177, 0.00078729243, -0.0005006701, 10.034568, 0.00078729243, -0.0005006701, 0.00014331115, -0.00017867949
4.793, 0.00014331115, 0.00014331115, 0.00014331115, 0.00046530177, 10.036178, 0.00014331115, -0.0005006701, 0.00046530177, 0.00014331115
4.7940000000000005, 0.00014331115, -0.00017867949, 0.00046530177, -0.00017867949, 10.034568, 0.00014331115, 0.00014331115, 0.00046530177, -0.0005006701
4.795, -0.00017867949, -0.00017867949, -0.00017867949, -0.0005006701, 10.035212, -0.0005006701, 0.00014331115, 0.00078729243, -0.00082266075
4.796, 0.00046530177, 0.00014331115, -0.00017867949, 0.00014331115, 10.034568, -0.00017867949, 0.00046530177, 0.00046530177, 0.00014331115
4.797, 0.00014331115, 0.00078729243, -0.0005006701, -0.00017867949, 10.033602, 0.00046530177, -0.00017867949, 0.00078729243, -0.00017867949
4.798, 0.00014331115, 0.00046530177, 0.00014331115, 0.00046530177, 10.034568, 0.00014331115, -0.0005006701, -0.00017867949, -0.00017867949
4.799, -0.0005006701, -0.00017867949, -0.00017867949, 0.00014331115, 10.035534, 0.00046530177, 0.00046530177, 0.00014331115, -0.0005006701
4.8, 0.00014331115, 0.00014331115, 0.00046530177, 0.00014331115, 10.036178, 0.00014331115, -0.00017867949, 0.00046530177, -0.0005006701
4.801, 0.00014331115, 0.00046530177, 0.00014331115, -0.0005006701, 10.034568, 0.00046530177, 0.00014331115, 0.00014331115, -0.0005006701
4.8020000000000005, 0.00014331115, 0.00014331115, 0.00046530177, -0.0005006701, 10.035855, -0.00017867949, -0.0005006701, -0.00017867949, -0.0005006701
4.803, -0.00017867949, 0.00014331115, 0.00014331115, 0.00014331115, 10.034889, 0.00014331115, -0.0005006701, 0.00046530177, -0.00082266075
4.804, 0.00046530177, -0.00017867949, 0.00046530177, 0.00078729243, 10.0342455, -0.00082266075, -0.00017867949, -0.00017867949, -0.00082266075
4.805, 0.00014331115, 0.00046530177, 0.00014331115, -0.0005006701, 10.035534, -0.00017867949, -0.0005006701, 0.00046530177, 0.00014331115
4.806, -0.00017867949, 0.00078729243, 0.00046530177, 0.00014331115, 10.035855, 0.00014331115, 0.00014331115, 0.00046530177, -0.0005006701
4.807, 0.00046530177, -0.0005006701, -0.00017867949, 0.00014331115, 10.033924, 0.00078729243, -0.00017867949, -0.00017867949, -0.00017867949
4.808, -0.00017867949, -0.0005006701, 0.00014331115, -0.00017867949, 10.034568, 0.00078729243, -0.0005006701, -0.00017867949, 0.00014331115
4.809, -0.00017867949, 0.00046530177, -0.00017867949, 0.00014331115, 10.034568, 0.00014331115, -0.0005006701, 0.00046530177, -0.0005006701
4.8100000000000005, -0.00017867949, -0.00017867949, -0.00017867949, -0.00017867949, 10.034568, 0.00014331115, -0.0005006701, 0.00014331115, -0.0005006701
4.811, -0.00017867949, 0.00014331115, 0.00046530177, 0.00014331115, 10.0365, 0.00014331115, 0.00014331115, 0.00046530177, -0.00017867949
4.812, -0.0005006701, 0.00014331115, 0.00046530177, -0.0005006701, 10.035534, -0.0005006701, -0.0005006701, 0.00078729243, -0.00017867949
4.813, -0.00017867949, 0.00046530177, -0.0005006701, 0.00014331115, 10.037144, 0.00046530177, -0.00017867949, 0.00078729243, 0.00014331115
4.814, -0.0005006701, -0.00017867949, 0.00014331115, 0.00014331115, 10.034568, 0.00078729243, -0.0005006701, 0.00014331115, -0.00017867949
4.815, 0.00014331115, 0.00014331115, 0.00014331115, 0.00014331115, 10.034568, 0.00046530177, 0.00014331115, 0.00078729243, -0.0005006701
4.816, -0.00017867949, 0.00014331115, 0.00014331115, -0.00017867949, 10.033602, 0.00014331115, -0.0005006701, -0.00017867949, -0.00017867949
4.817, -0.00017867949, 0.00046530177, -0.00017867949, 0.00078729243, 10.034568, 0.00014331115, -0.00017867949, 0.00046530177, -0.00017867949
4.8180000000000005, 0.00014331115, 0.00014331115, 0.00014331115, -0.00017867949, 10.035212, 0.00046530177, -0.00017867949, 0.00014331115, 0.00046530177
4.819, -0.0005006701, 0.00014331115, -0.00017867949, 0.00046530177, 10.034568, 0.00014331115, 0.00046530177, 0.00014331115, -0.0005006701
4.82, 0.00014331115, 0.00014331115, -0.00017867949, -0.00017867949, 10.035855, -0.0005006701, 0.00014331115, 0.00078729243, -0.0005006701
4.821, -0.00017867949, -0.00017867949, 0.00046530177, -0.00017867949, 10.033924, 0.00014331115, -0.00017867949, 0.00046530177, 0.00014331115
4.822, 0.00014331115, 0.00014331115, 0.00046530177, -0.00017867949, 10.035212, 0.00046530177, -0.00017867949, 0.00046530177, 0.00014331115
4.823, -0.0005006701, -0.00017867949, -0.00017867949, 0.00014331115, 10.035534, 0.00046530177, -0.0005006701, 0.00014331115, -0.0005006701
4.824, -0.00017867949, -0.00017867949, -0.00017867949, -0.0005006701, 10.035855, -0.0005006701, 0.00014331115, 0.00078729243, -0.0005006701
4.825, 0.00046530177, 0.00014331115, -0.00017867949, 0.00014331115, 10.034568, 0.00014331115, -0.00017867949, 0.00046530177, -0.00017867949
4.8260000000000005, -0.00017867949, -0.00017867949, -0.00017867949, 0.00014331115, 10.033924, 0.00014331115, -0.00017867949, 0.00078729243, 0.00014331115
4.827, -0.0005006701, -0.00017867949, 0.00014331115, -0.0005006701, 10.035212, -0.0005006701, -0.0005006701, 0.00014331115, 0.00014331115
4.828, -0.00017867949, 0.00014331115, -0.00017867949, -0.00017867949, 10.0342455, -0.00017867949, -0.00017867949, 0.00014331115, -0.00017867949
4.829, -0.0005006701, -0.0005006701, -0.00017867949, -0.0005006701, 10.035855, 0.00014331115, -0.0005006701, 0.00046530177, -0.0005006701
4.83, 0.00014331115, -0.0005006701, -0.00017867949, -0.00017867949, 10.034568, -0.00017867949, -0.00017867949, -0.00017867949, -0.00017867949
4.831, -0.00017867949, 0.00046530177, -0.00017867949, -0.00017867949, 10.035534, -0.00017867949, 0.00046530177, 0.00046530177, -0.0005006701
4.832, -0.00017867949, 0.00046530177, -0.00017867949, -0.00017867949, 10.035212, 0.00046530177, -0.00017867949, 0.00046530177, -0.0005006701
4.833, 0.00014331115, -0.00017867949, 0.00014331115, 0.00014331115, 10.035534, -0.00082266075, -0.0005006701, -0.00017867949, -0.00017867949
4.8340000000000005, 0.00014331115, 0.00046530177, -0.00017867949, 0.00014331115, 10.035855, -0.00017867949, 0.00014331115, 0.00078729243, -0.00017867949
4.835, 0.00014331115, 0.00046530177, 0.00046530177, -0.00017867949, 10.0342455, 0.00014331115, -0.00017867949, 0.00046530177, -0.00082266075
4.836, 0.00014331115, 0.00014331115, 0.00014331115, -0.00017867949, 10.034889, -0.00017867949, -0.0005006701, -0.00017867949, -0.00017867949
4.837, 0.00014331115, 0.00014331115, 0.00014331115, -0.00017867949, 10.034889, -0.00017867949, 0.00014331115, 0.00014331115, -0.00082266075
4.838, -0.00017867949, 0.00014331115, -0.00017867949, 0.00014331115, 10.035855, -0.00017867949, -0.00017867949, -0.0005006701, -0.00017867949
4.839, 0.00014331115, 0.00078729243, 0.00014331115, -0.00017867949, 10.034889, 0.00014331115, -0.00017867949, 0.00014331115, -0.0005006701
4.84, -0.00017867949, 0.00046530177, -0.00017867949, 0.00046530177, 10.034568, 0.00078729243, -0.0005006701, 0.00046530177, -0.00017867949
4.841, 0.00014331115, 0.00046530177, -0.00017867949, 0.00014331115, 10.034568, -0.00017867949, 0.00014331115, 0.00046530177, -0.00017867949
4.8420000000000005, 0.00046530177, 0.00014331115, 0.00014331115, -0.00017867949, 10.034889, -0.00082266075, -0.0005006701, 0.00046530177, -0.00017867949
4.843, -0.0005006701, 0.00014331115, 0.00014331115, 0.00046530177, 10.035855, 0.00014331115, -0.00017867949, -0.00017867949, -0.0005006701
4.844, 0.00014331115, 0.00014331115, 0.00014331115, -0.0005006701, 10.034889, 0.00014331115, 0.00046530177, -0.00017867949, -0.00017867949
4.845, 0.00014331115, -0.00017867949, -0.0005006701, 0.00046530177, 10.036178, 0.00014331115, -0.0005006701, -0.00017867949, 0.00046530177
4.846, 0.00046530177, 0.00014331115, -0.00017867949, -0.00017867949, 10.035534, -0.00017867949, -0.0005006701, 0.00046530177, -0.00082266075
4.847, -0.00017867949, 0.00014331115, 0.00046530177, -0.00017867949, 10.035534, 0.00014331115, 0.00046530177, 0.00014331115, 0.00014331115
4.848, -0.00017867949, -0.00017867949, -0.00017867949, -0.0005006701, 10.034568, 0.00014331115, -0.00017867949, 0.00014331115, -0.0005006701
4.849, -0.00017867949, 0.00046530177, 0.00014331115, -0.00017867949, 10.034889, -0.00017867949, 0.00014331115, -0.0005006701, -0.00017867949
4.8500000000000005, -0.0005006701, 0.00014331115, -0.00017867949, -0.0005006701, 10.035212, -0.0005006701, -0.00017867949, 0.00078729243, -0.0005006701
4.851, -0.00017867949, -0.00017867949, 0.00046530177, -0.00017867949, 10.034889, 0.00014331115, -0.0005006701, 0.00046530177, 0.00014331115
4.852, 0.00014331115, 0.00046530177, -0.0005006701, -0.0005006701, 10.035212, 0.00014331115, -0.00017867949, -0.00017867949, -0.00017867949
4.853, -0.0005006701, 0.00014331115, -0.00017867949, 0.00046530177, 10.035534, 0.00046530177, 0.00046530177, 0.00014331115, -0.0011446514
4.854, -0.0005006701, -0.0005006701, 0.00014331115, 0.00014331115, 10.035534, 0.00046530177, -0.0005006701, -0.00017867949, -0.0005006701
4.855, 0.00014331115, 0.00046530177, -0.00017867949, -0.00017867949, 10.033924, 0.00014331115, -0.00017867949, -0.00017867949, -0.0005006701
4.856, 0.00014331115, 0.00078729243, -0.00017867949, 0.00014331115, 10.034889, -0.00017867949, -0.00017867949, 0.00046530177, 0.00014331115
4.857, -0.00017867949, 0.00014331115, -0.00017867949, -0.00017867949, 10.035855, 0.00014331115, -0.00017867949, 0.00046530177, -0.00017867949
4.8580000000000005, 0.00014331115, -0.00017867949, -0.00017867949, -0.00017867949, 10.035212, 0.00014331115, -0.00017867949, 0.00014331115, -0.00017867949
4.859, -0.00082266075, 0.00046530177, -0.0005006701, 0.00014331115, 10.035212, 0.00014331115, -0.0005006701, -0.00017867949, 0.00014331115
4.86, 0.00014331115, 0.00046530177, -0.00017867949, -0.00017867949, 10.035212, -0.00017867949, 0.00014331115, 0.00046530177, -0.00082266075
4.861, 0.00014331115, -0.0005006701, 0.00078729243, -0.00017867949, 10.035212, 0.00014331115, -0.00017867949, 0.00046530177, -0.00082266075
4.862, -0.00017867949, 0.00046530177, -0.00017867949, -0.0005006701, 10.033924, 0.00014331115, -0.00017867949, 0.00046530177, -0.0005006701
4.863, -0.00017867949, 0.00014331115, 0.00046530177, 0.00046530177, 10.0342455, 0.00046530177, 0.00046530177, 0.00014331115, -0.0005006701
4.864, -0.0005006701, -0.00017867949, 0.00046530177, -0.00017867949, 10.034568, 0.00046530177, -0.00017867949, 0.00046530177, -0.00082266075
4.865, -0.0005006701, 0.00014331115, -0.00017867949, -0.00017867949, 10.035534, 0.00014331115, -0.00017867949, 0.00046530177, -0.00082266075
4.866, 0.00014331115, 0.00014331115, 0.00014331115, 0.00046530177, 10.0365, -0.00017867949, -0.00017867949, 0.00078729243, -0.00017867949
4.867, -0.00017867949, 0.00046530177, 0.00014331115, 0.00046530177, 10.035212, -0.00017867949, -0.00017867949, -0.00017867949, -0.00017867949
4.868, -0.00017867949, -0.0005006701, 0.00014331115, -0.00017867949, 10.035855, 0.00046530177, 0.00014331115, -0.00017867949, -0.00017867949
4.869, -0.0005006701, 0.00046530177, -0.00017867949, 0.00014331115, 10.034889, -0.00017867949, 0.00014331115, 0.00046530177, -0.00082266075
4.87, 0.00046530177, -0.00017867949, -0.0005006701, -0.0005006701, 10.035212, 0.00014331115, 0.00014331115, -0.00017867949, 0.00014331115
4.871, -0.0005006701, -0.00017867949, -0.00017867949, -0.00017867949, 10.0342455, 0.00014331115, -0.00017867949, 0.00014331115, 0.00014331115
4.872, -0.00017867949, 0.00046530177, -0.00017867949, -0.0005006701, 10.035212, 0.00046530177, -0.00082266075, 0.00046530177, -0.00017867949
4.873, -0.0005006701, 0.00046530177, 0.00014331115, -0.00017867949, 10.034889, -0.00017867949, 0.00046530177, 0.00014331115, -0.0005006701
4.874, -0.0005006701, 0.00014331115, -0.00017867949, 0.00014331115, 10.035855, 0.00078729243, -0.0005006701, 0.00078729243, -0.00017867949
4.875, 0.00014331115, 0.00078729243, 0.00046530177, -0.00017867949, 10.034568, 0.00014331115, -0.00017867949, 0.00046530177, -0.00017867949
4.876, 0.00014331115, -0.00017867949, 0.00014331115, -0.00017867949, 10.034889, 0.00014331115, 0.00014331115, 0.00046530177, -0.0005006701
4.877, 0.00046530177, 0.00046530177, -0.00017867949, -0.00017867949, 10.034889, -0.00017867949, 0.00046530177, 0.00078729243, 0.00014331115
4.878, -0.00017867949, 0.00046530177, -0.00017867949, 0.00014331115, 10.034568, 0.00046530177, -0.0005006701, -0.00017867949, 0.00014331115
4.8790000000000004, -0.00017867949, -0.00017867949, -0.00017867949, -0.00082266075, 10.035855, -0.00017867949, -0.0005006701, 0.00046530177, 0.00014331115
4.88, -0.0005006701, -0.00017867949, -0.00017867949, 0.00014331115, 10.035212, 0.00046530177, 0.00014331115, 0.00014331115, -0.00017867949
4.881, -0.0005006701, 0.00046530177, -0.00017867949, -0.0005006701, 10.035212, -0.00017867949, -0.00082266075, 0.00046530177, -0.00017867949
4.882, -0.00017867949, 0.00078729243, -0.00017867949, -0.00017867949, 10.033602, -0.0005006701, -0.00017867949, 0.00046530177, -0.0005006701
4.883, -0.00017867949, 0.00046530177, -0.0005006701, -0.00017867949, 10.033924, 0.00014331115, 0.00046530177, 0.00014331115, -0.0005006701
4.884, -0.0005006701, 0.00046530177, 0.00014331115, -0.00017867949, 10.034889, 0.00046530177, 0.00014331115, 0.00046530177, -0.00017867949
4.885, -0.00082266075, 0.00014331115, 0.00014331115, -0.00017867949, 10.034568, -0.00017867949, 0.00014331115, 0.00014331115, -0.00082266075
4.886, -0.00017867949, 0.00014331115, -0.00017867949, -0.00017867949, 10.034889, 0.00014331115, 0.00014331115, 0.00078729243, 0.00078729243
4.8870000000000005, -0.00017867949, 0.00014331115, 0.00014331115, 0.00014331115, 10.034568, 0.00046530177, -0.0005006701, 0.00046530177, -0.0005006701
4.888, -0.00017867949, -0.00017867949, 0.00046530177, 0.00014331115, 10.036178, -0.00017867949, 0.00046530177, -0.00017867949, -0.00017867949
4.889, -0.0005006701, 0.00046530177, -0.0005006701, 0.00014331115, 10.035212, -0.00017867949, -0.00017867949, 0.00046530177, -0.00017867949
4.89, -0.00017867949, 0.00078729243, 0.00014331115, -0.00017867949, 10.035855, 0.00046530177, -0.00017867949, 0.00078729243, -0.00017867949
4.891, -0.00017867949, 0.00046530177, -0.00082266075, 0.00014331115, 10.034568, -0.00017867949, -0.00017867949, 0.00046530177, -0.00082266075
4.892, -0.00017867949, -0.00017867949, -0.00017867949, -0.00017867949, 10.034889, 0.00046530177, 0.00014331115, 0.00046530177, -0.0005006701
4.893, 0.00046530177, -0.00017867949, 0.00014331115, 0.00046530177, 10.033924, 0.00014331115, -0.0005006701, 0.00014331115, -0.0005006701
4.894, -0.00017867949, -0.00017867949, 0.00014331115, -0.00017867949, 10.033924, -0.00017867949, -0.00017867949, 0.00014331115, -0.0005006701
4.8950000000000005, 0.00014331115, 0.00046530177, 0.00014331115, 0.00046530177, 10.034889, 0.00046530177, -0.00082266075, 0.00046530177, -0.00017867949
4.896, 0.00014331115, 0.00078729243, 0.00014331115, 0.00014331115, 10.034568, -0.0005006701, -0.00082266075, 0.00078729243, -0.00017867949
4.897, -0.00017867949, -0.0005006701, -0.0005006701, -0.00017867949, 10.036178, 0.00014331115, -0.00017867949, 0.0014312736, -0.00017867949
4.898, -0.0005006701, 0.00046530177, 0.00046530177, -0.0005006701, 10.0342455, 0.00014331115, 0.00014331115, 0.00046530177, -0.00017867949
4.899, -0.00017867949, 0.00046530177, 0.00046530177, 0.00078729243, 10.034889, -0.00017867949, -0.0005006701, 0.00046530177, -0.0005006701
4.9, -0.00017867949, 0.00046530177, 0.00046530177, -0.00017867949, 10.034568, 0.00046530177, -0.00017867949, 0.00014331115, -0.0005006701
4.901, -0.0005006701, 0.00014331115, -0.00017867949, 0.00046530177, 10.035855, 0.00014331115, -0.0005006701, 0.00078729243, -0.00017867949
4.902, 0.00014331115, -0.00017867949, 0.00014331115, 0.00046530177, 10.034889, 0.00046530177, 0.00014331115, 0.00014331115, -0.0005006701
4.9030000000000005, -0.00017867949, 0.00014331115, 0.00014331115, -0.0005006701, 10.035212, -0.00017867949, -0.00017867949, 0.00014331115, -0.00082266075
4.904, 0.00014331115, 0.00014331115, 0.00046530177, -0.00017867949, 10.0342455, 0.00078729243, 0.00014331115, -0.00017867949, -0.00082266075
4.905, -0.0005006701, 0.00014331115, 0.00014331115, -0.00017867949, 10.033924, 0.00014331115, -0.0005006701, 0.0011092831, -0.00017867949
4.906, -0.00017867949, 0.00046530177, -0.0005006701, -0.0005006701, 10.034568, 0.00014331115, -0.00082266075, 0.00078729243, -0.00017867949
4.907, -0.0005006701, -0.00017867949, -0.00017867949, -0.00017867949, 10.034889, -0.0005006701, -0.00017867949, 0.00046530177, -0.00082266075
4.908, -0.00017867949, -0.00017867949, -0.00017867949, -0.00017867949, 10.0365, 0.00014331115, -0.00017867949, 0.00046530177, -0.00017867949
4.909, -0.00082266075, -0.00082266075, 0.00014331115, -0.0005006701, 10.035855, -0.00017867949, 0.00014331115, 0.00046530177, -0.00017867949
4.91, 0.00014331115, 0.00046530177, 0.00014331115, 0.00046530177, 10.035855, 0.00014331115, -0.0005006701, 0.00014331115, -0.00082266075
4.9110000000000005, -0.00017867949, 0.00078729243, -0.00017867949, 0.00014331115, 10.035855, -0.00017867949, -0.00017867949, 0.00046530177, -0.00017867949
4.912, 0.00014331115, 0.00046530177, -0.00017867949, -0.00082266075, 10.0342455, -0.00017867949, 0.00014331115, -0.00017867949, -0.00017867949
4.913, 0.00046530177, 0.00014331115, -0.00017867949, -0.00017867949, 10.034568, -0.00017867949, 0.00014331115, 0.00046530177, -0.00017867949
4.914, -0.00017867949, 0.00014331115, 0.00046530177, 0.00046530177, 10.033924, -0.00017867949, 0.00014331115, 0.00014331115, 0.00046530177
4.915, -0.00017867949, -0.00017867949, 0.00046530177, 0.00046530177, 10.035534, 0.00014331115, -0.00017867949, 0.00078729243, -0.00082266075
4.916, -0.00017867949, 0.00046530177, 0.00014331115, -0.00017867949, 10.034889, 0.00014331115, 0.00014331115, 0.00014331115, -0.00017867949
4.917, 0.00046530177, 0.00046530177, -0.0005006701, -0.00017867949, 10.035212, -0.0005006701, -0.0005006701, 0.00014331115, 0.00014331115
4.918, -0.0005006701, 0.00014331115, -0.0005006701, 0.00046530177, 10.035212, 0.00014331115, -0.00017867949, 0.00046530177, -0.0005006701
4.9190000000000005, -0.00017867949, 0.00046530177, -0.00017867949, 0.00014331115, 10.034889, -0.00017867949, 0.00014331115, 0.00046530177, -0.0005006701
4.92, -0.00017867949, 0.00014331115, 0.00014331115, 0.00046530177, 10.034568, -0.00017867949, 0.00046530177, 0.00078729243, -0.0005006701
4.921, 0.00014331115, 0.00046530177, 0.00014331115, -0.00017867949, 10.035855, 0.00078729243, -0.00017867949, -0.00017867949, 0.00014331115
4.922, -0.00017867949, 0.00014331115, -0.00017867949, 0.00014331115, 10.0365, 0.00014331115, -0.0005006701, 0.00046530177, 0.00014331115
4.923, 0.00014331115, 0.00078729243, -0.00017867949, 0.00014331115, 10.034889, 0.00078729243, 0.00014331115, 0.00046530177, -0.00017867949
4.924, -0.0005006701, -0.0005006701, 0.00046530177, -0.0005006701, 10.034568, 0.00014331115, -0.00017867949, 0.00078729243, 0.00014331115
4.925, -0.00017867949, 0.00014331115, 0.00014331115, -0.00017867949, 10.034889, 0.00046530177, -0.00017867949, 0.00014331115, -0.0005006701
4.926, -0.0005006701, 0.00014331115, -0.0005006701, -0.00017867949, 10.034889, -0.00017867949, -0.0005006701, 0.00046530177, -0.00017867949
4.9270000000000005, -0.00082266075, -0.00017867949, 0.00014331115, -0.00017867949, 10.034889, 0.00014331115, 0.00046530177, 0.00046530177, -0.00017867949
4.928, -0.0005006701, -0.00017867949, -0.00017867949, -0.00017867949, 10.034889, 0.00014331115, -0.0005006701, -0.00017867949, -0.00017867949
4.929, -0.0005006701, 0.00014331115, 0.00014331115, 0.00014331115, 10.034568, 0.00014331115, 0.00046530177, 0.00046530177, -0.00017867949
4.93, -0.00017867949, -0.00017867949, 0.00014331115, -0.00017867949, 10.033924, -0.0005006701, 0.00014331115, -0.00017867949, 0.00014331115
4.931, -0.00017867949, -0.00017867949, 0.00014331115, 0.00014331115, 10.035534, 0.00014331115, -0.00017867949, 0.00046530177, -0.00017867949
4.932, -0.00017867949, -0.0005006701, 0.00014331115, -0.0005006701, 10.035534, -0.00017867949, 0.00014331115, 0.00078729243, -0.00017867949
4.933, 0.00014331115, 0.00014331115, 0.00046530177, 0.00014331115, 10.036821, 0.00078729243, -0.0005006701, 0.00078729243, -0.00017867949
4.934, -0.0005006701, -0.00017867949, 0.00014331115, 0.00014331115, 10.0365, -0.00017867949, -0.00017867949, -0.0005006701, -0.00017867949
4.9350000000000005, -0.00017867949, 0.00046530177, -0.00017867949, 0.00014331115, 10.034889, 0.00014331115, -0.00017867949, 0.00046530177, -0.0005006701
4.936, -0.00017867949, 0.00014331115, 0.00078729243, -0.00017867949, 10.0342455, -0.00017867949, 0.00014331115, 0.00014331115, -0.00017867949
4.937, 0.00046530177, 0.00046530177, -0.0005006701, 0.00014331115, 10.0342455, 0.00014331115, -0.00017867949, 0.00014331115, -0.0005006701
4.938, 0.00014331115, -0.00017867949, 0.00014331115, 0.00046530177, 10.035855, 0.00046530177, 0.00014331115, 0.00014331115, -0.00017867949
4.939, 0.00078729243, 0.00046530177, 0.00014331115, -0.0005006701, 10.035534, -0.0005006701, -0.00017867949, 0.00046530177, -0.0005006701
4.94, -0.00017867949, 0.00046530177, -0.00017867949, -0.0005006701, 10.035212, 0.00014331115, 0.00014331115, 0.00046530177, -0.0005006701
4.941, -0.00017867949, 0.00014331115, -0.00017867949, -0.0005006701, 10.033924, -0.0005006701, -0.00017867949, 0.00014331115, 0.00014331115
4.942, -0.00017867949, 0.00014331115, -0.00017867949, 0.00046530177, 10.0342455, 0.00014331115, 0.00014331115, 0.00046530177, 0.00014331115
4.9430000000000005, -0.00017867949, 0.00014331115, 0.00014331115, 0.00078729243, 10.035212, -0.00017867949, 0.00046530177, 0.00046530177, -0.0005006701
4.944, -0.00017867949, 0.00014331115, -0.00017867949, 0.00078729243, 10.0365, 0.00014331115, 0.00014331115, 0.00046530177, -0.00017867949
4.945, 0.00014331115, -0.00017867949, -0.00017867949, 0.00014331115, 10.035855, 0.00014331115, -0.00082266075, 0.00046530177, -0.00017867949
4.946, 0.00046530177, 0.00014331115, -0.0005006701, -0.00017867949, 10.0342455, -0.00017867949, 0.00014331115, 0.00046530177, -0.0005006701
4.947, -0.00017867949, -0.00017867949, -0.00017867949, -0.00082266075, 10.034568, 0.00078729243, -0.00017867949, 0.00046530177, 0.00046530177
4.948, -0.00017867949, -0.00017867949, 0.00014331115, -0.00017867949, 10.0342455, 0.00014331115, -0.00082266075, 0.00014331115, 0.00014331115
4.949, -0.00082266075, 0.00046530177, -0.0005006701, 0.00014331115, 10.035212, 0.00014331115, -0.00017867949, 0.00014331115, -0.00017867949
4.95, -0.0005006701, 0.00078729243, -0.00017867949, 0.00046530177, 10.034889, 0.00046530177, -0.00017867949, 0.00046530177, 0.00014331115
4.9510000000000005, 0.00014331115, -0.00017867949, -0.0005006701, -0.00017867949, 10.035534, 0.00014331115, -0.0005006701, 0.0011092831, -0.00082266075
4.952, 0.00014331115, 0.00014331115, -0.00017867949, 0.00014331115, 10.034568, -0.00017867949, -0.00017867949, 0.00078729243, 0.00014331115
4.953, 0.00014331115, 0.00046530177, 0.00046530177, 0.00046530177, 10.034568, -0.00017867949, 0.00014331115, 0.00014331115, 0.00014331115
4.954, 0.00014331115, 0.00014331115, -0.00017867949, -0.0005006701, 10.034568, 0.00014331115, 0.00014331115, 0.00078729243, -0.0005006701
4.955, -0.00017867949, 0.00078729243, 0.00014331115, 0.00046530177, 10.034568, -0.00017867949, -0.0005006701, 0.00046530177, 0.00014331115
4.956, -0.0005006701, 0.00014331115, 0.00014331115, -0.00017867949, 10.036178, -0.0005006701, -0.0005006701, 0.00014331115, -0.0005006701
4.957, 0.00014331115, 0.00046530177, -0.0005006701, 0.00014331115, 10.035534, 0.00014331115, 0.00014331115, 0.00046530177, -0.00017867949
4.958, -0.0005006701, -0.00017867949, 0.00014331115, 0.00014331115, 10.035534, -0.00017867949, 0.00014331115, 0.00014331115, -0.00017867949
4.9590000000000005, -0.00017867949, 0.00014331115, -0.0005006701, -0.00017867949, 10.033924, -0.00017867949, -0.0005006701, 0.00014331115, -0.00017867949
4.96, -0.00017867949, 0.00014331115, -0.00017867949, 0.00014331115, 10.034568, 0.00046530177, -0.00017867949, 0.00078729243, -0.00017867949
4.961, -0.00017867949, -0.00017867949, 0.00014331115, -0.00017867949, 10.034889, 0.00014331115, 0.00014331115, 0.00046530177, -0.00017867949
4.962, -0.0005006701, 0.00078729243, 0.00014331115, -0.0005006701, 10.034568, -0.0005006701, 0.00014331115, 0.00046530177, -0.0005006701
4.963, 0.00046530177, -0.00017867949, -0.0005006701, -0.00017867949, 10.034889, 0.00078729243, -0.0005006701, 0.00014331115, -0.0005006701
4.964, -0.00017867949, -0.00017867949, 0.00014331115, -0.00017867949, 10.035212, -0.00017867949, -0.00017867949, 0.00014331115, -0.00017867949
4.965, -0.00017867949, -0.00017867949, 0.00014331115, -0.00017867949, 10.035212, -0.00017867949, 0.00014331115, 0.00046530177, -0.00082266075
4.966, -0.00017867949, 0.00046530177, -0.00017867949, 0.00014331115, 10.034568, -0.00017867949, 0.00014331115, 0.00014331115, 0.00014331115
4.9670000000000005, -0.0005006701, -0.00017867949, 0.00014331115, -0.0005006701, 10.034889, -0.00017867949, 0.00014331115, 0.00014331115, -0.00017867949
4.968, -0.00017867949, 0.00046530177, -0.0005006701, 0.00014331115, 10.035212, 0.00014331115, -0.0005006701, 0.00014331115, -0.0011446514
4.969, 0.00014331115, 0.00078729243, -0.00017867949, -0.00017867949, 10.034568, 0.00078729243, -0.0005006701, -0.00017867949, -0.0005006701
4.97, -0.0005006701, 0.00046530177, 0.00014331115, -0.00017867949, 10.034889, 0.00014331115, -0.00017867949, 0.00046530177, 0.00014331115
4.971, 0.00014331115, 0.00014331115, 0.00014331115, -0.00017867949, 10.035855, 0.00014331115, 0.00014331115, 0.00014331115, -0.0005006701
4.972, -0.00017867949, 0.00046530177, -0.00017867949, -0.00017867949, 10.035855, 0.00014331115, -0.00017867949, -0.00017867949, -0.00017867949
4.973, -0.00017867949, 0.00014331115, -0.00017867949, -0.00017867949, 10.034889, 0.00046530177, 0.00014331115, -0.00017867949, -0.00017867949
4.974, -0.00017867949, 0.00046530177, -0.00017867949, 0.00046530177, 10.035534, 0.00046530177, -0.00017867949, 0.00046530177, -0.00082266075
4.9750000000000005, 0.00014331115, 0.00014331115, 0.00014331115, -0.00017867949, 10.034889, -0.00017867949, 0.00014331115, 0.00046530177, -0.0005006701
4.976, 0.00014331115, 0.00078729243, 0.00014331115, -0.00017867949, 10.035212, 0.00014331115, -0.00017867949, 0.00046530177, -0.00017867949
4.977, -0.00017867949, 0.00046530177, 0.00014331115, 0.00046530177, 10.034889, 0.00046530177, 0.00014331115, 0.00046530177, -0.00017867949
4.978, -0.00017867949, 0.00014331115, 0.00046530177, 0.00014331115, 10.035212, 0.00014331115, -0.00082266075, 0.00046530177, -0.0005006701
4.979, -0.00017867949, 0.00014331115, 0.00046530177, 0.00046530177, 10.035855, 0.00014331115, -0.00017867949, 0.00046530177, -0.00017867949
4.98, -0.0005006701, -0.00017867949, 0.00046530177, 0.00014331115, 10.034568, 0.00046530177, -0.0005006701, -0.00017867949, -0.00017867949
4.981, -0.0005006701, 0.00046530177, 0.00014331115, -0.00017867949, 10.035212, 0.00014331115, -0.00082266075, 0.00014331115, -0.00017867949
4.982, -0.00017867949, -0.00017867949, 0.00046530177, -0.0005006701, 10.034568, 0.00046530177, -0.00082266075, 0.00078729243, -0.00017867949
4.9830000000000005, -0.00017867949, -0.00017867949, 0.00046530177, -0.0005006701, 10.034568, 0.00046530177, 0.00014331115, 0.00046530177, -0.0005006701
4.984, -0.0005006701, -0.00017867949, -0.00017867949, 0.00014331115, 10.033602, 0.00014331115, -0.00082266075, 0.00014331115, -0.00017867949
4.985, -0.00017867949, -0.00017867949, -0.00082266075, 0.00046530177, 10.034889, -0.00017867949, -0.00017867949, -0.00017867949, -0.00082266075
4.986, 0.00046530177, 0.00014331115, 0.00014331115, -0.0005006701, 10.035534, -0.00017867949, -0.00017867949, 0.00014331115, 0.00014331115
4.987, 0.00046530177, -0.00017867949, 0.00014331115, 0.00078729243, 10.035855, 0.00014331115, -0.0011446514, 0.00046530177, 0.00014331115
4.988, -0.00017867949, 0.00014331115, 0.00014331115, -0.0005006701, 10.035534, 0.00046530177, -0.0005006701, 0.00046530177, -0.0005006701
4.989, 0.00014331115, 0.00046530177, -0.00017867949, -0.0005006701, 10.035212, 0.00046530177, 0.00014331115, 0.00046530177, 0.00014331115
4.99, -0.00082266075, 0.00014331115, -0.00017867949, -0.00017867949, 10.0365, -0.0005006701, -0.00017867949, 0.00014331115, -0.00017867949
4.9910000000000005, 0.00046530177, 0.00046530177, 0.00046530177, -0.0005006701, 10.033602, 0.00014331115, 0.00014331115, 0.00046530177, -0.00017867949
4.992, 0.00046530177, -0.00017867949, 0.00014331115, -0.00017867949, 10.034568, -0.00017867949, -0.00017867949, -0.00017867949, -0.00017867949
4.993, -0.00017867949, 0.00046530177, 0.00046530177, 0.00046530177, 10.033924, -0.00017867949, 0.00046530177, 0.00014331115, -0.00017867949
4.994, -0.0005006701, 0.00078729243, 0.00046530177, 0.00014331115, 10.034568, 0.00014331115, -0.0005006701, 0.00046530177, 0.00014331115
4.995, 0.00046530177, -0.00017867949, -0.00017867949, 0.00014331115, 10.0342455, -0.0005006701, 0.00014331115, 0.00014331115, -0.00017867949
4.996, 0.00014331115, 0.00014331115, -0.00017867949, 0.00014331115, 10.034568, 0.00014331115, -0.00017867949, 0.00078729243, 0.00014331115
4.997, -0.00017867949, 0.00078729243, 0.00014331115, 0.00014331115, 10.036178, -0.00017867949, 0.00014331115, 0.00014331115, 0.00014331115
4.998, 0.00046530177, 0.00014331115, 0.00014331115, -0.0005006701, 10.034889, -0.00017867949, -0.00017867949, -0.00017867949, 0.00014331115
4.999, -0.00017867949, 0.00046530177, -0.0005006701, -0.00017867949, 10.036178, 0.00014331115, -0.0005006701, 0.00046530177, -0.00017867949
5.0, 0.00014331115, -0.00017867949, 0.00046530177, -0.0005006701, 10.035212, 0.00014331115, -0.0005006701, -0.0005006701, -0.00082266075
